2,,,,,3,,,,,6,,,,,7,,,,,8,,,,,9,,,,,108,,,,,225,,,,,268,,,,,273,,,,,353,,,,,359,,,,,466,,,,,484,,,,,522,,,,,571,,,,
Velocity(pixels/frame),Tortuosity(pixels/pixels),Mean Area(pixels.^2),Mean Covarience,,Velocity(pixels/frame),Tortuosity(pixels/pixels),Mean Area(pixels.^2),Mean Covarience,,Velocity(pixels/frame),Tortuosity(pixels/pixels),Mean Area(pixels.^2),Mean Covarience,,Velocity(pixels/frame),Tortuosity(pixels/pixels),Mean Area(pixels.^2),Mean Covarience,,Velocity(pixels/frame),Tortuosity(pixels/pixels),Mean Area(pixels.^2),Mean Covarience,,Velocity(pixels/frame),Tortuosity(pixels/pixels),Mean Area(pixels.^2),Mean Covarience,,Velocity(pixels/frame),Tortuosity(pixels/pixels),Mean Area(pixels.^2),Mean Covarience,,Velocity(pixels/frame),Tortuosity(pixels/pixels),Mean Area(pixels.^2),Mean Covarience,,Velocity(pixels/frame),Tortuosity(pixels/pixels),Mean Area(pixels.^2),Mean Covarience,,Velocity(pixels/frame),Tortuosity(pixels/pixels),Mean Area(pixels.^2),Mean Covarience,,Velocity(pixels/frame),Tortuosity(pixels/pixels),Mean Area(pixels.^2),Mean Covarience,,Velocity(pixels/frame),Tortuosity(pixels/pixels),Mean Area(pixels.^2),Mean Covarience,,Velocity(pixels/frame),Tortuosity(pixels/pixels),Mean Area(pixels.^2),Mean Covarience,,Velocity(pixels/frame),Tortuosity(pixels/pixels),Mean Area(pixels.^2),Mean Covarience,,Velocity(pixels/frame),Tortuosity(pixels/pixels),Mean Area(pixels.^2),Mean Covarience,,Velocity(pixels/frame),Tortuosity(pixels/pixels),Mean Area(pixels.^2),Mean Covarience,
8.55831282372169,7.23292883304229,4691.10714285714,0.36314143253152,,19.9199002614871,4.68541474383253,2757.81632653061,0.152049882528091,,2.39926748802294,22.6212101498396,1362.56470588235,0.726112807846118,,4.04030746191908,8.60198805592043,2326.81944444444,0.86220931042267,,16.1608963209857,29.1114778201152,4277.8875,0.582999738375642,,9.34134121212881,15.4599500433254,3551.07058823529,0.668749381220257,,10.6182230677926,8.075835184708,3490.375,0.487261842295273,,12.3627395677482,4.57756602400888,1327.44186046512,0.314428505462003,,10.8472489046447,3.56037677871651,2775.08620689655,0.221018556071868,,12.0176412676474,39.2844339444166,1900.96774193548,0.570962409071898,,15.8123190296947,19.1697878987936,2739.44,0.193051092215511,,13.96182174659,4.09698635234778,3133.54838709677,0.652416110153676,,14.532142505997,3.93819019361319,2982.64102564103,0.340690690173393,,8.20924405975632,1.73018519594621,3435.38461538462,0.308036795908796,,8.60622278596647,3.81766946278167,4207.63636363636,0.488836885340032,,11.9585173449967,1.90142657127519,1300.10344827586,0.385966571562434,
x(Pixel Position),y(Pixel Position),Area(pixels.^2),Covariance,Pixels/Frame,x(Pixel Position),y(Pixel Position),Area(pixels.^2),Covariance,Pixels/Frame,x(Pixel Position),y(Pixel Position),Area(pixels.^2),Covariance,Pixels/Frame,x(Pixel Position),y(Pixel Position),Area(pixels.^2),Covariance,Pixels/Frame,x(Pixel Position),y(Pixel Position),Area(pixels.^2),Covariance,Pixels/Frame,x(Pixel Position),y(Pixel Position),Area(pixels.^2),Covariance,Pixels/Frame,x(Pixel Position),y(Pixel Position),Area(pixels.^2),Covariance,Pixels/Frame,x(Pixel Position),y(Pixel Position),Area(pixels.^2),Covariance,Pixels/Frame,x(Pixel Position),y(Pixel Position),Area(pixels.^2),Covariance,Pixels/Frame,x(Pixel Position),y(Pixel Position),Area(pixels.^2),Covariance,Pixels/Frame,x(Pixel Position),y(Pixel Position),Area(pixels.^2),Covariance,Pixels/Frame,x(Pixel Position),y(Pixel Position),Area(pixels.^2),Covariance,Pixels/Frame,x(Pixel Position),y(Pixel Position),Area(pixels.^2),Covariance,Pixels/Frame,x(Pixel Position),y(Pixel Position),Area(pixels.^2),Covariance,Pixels/Frame,x(Pixel Position),y(Pixel Position),Area(pixels.^2),Covariance,Pixels/Frame,x(Pixel Position),y(Pixel Position),Area(pixels.^2),Covariance,Pixels/Frame
23.6500361532899,633.48590021692,2766,0.210751747457827,0,85.8864565090485,277.772621132516,3426,0.0760004975456611,0,168.409683426443,80.8314711359404,1074,0.307589871755481,0,262.132978723404,710.166962174941,3384,0.63644946064407,0,332.060535506403,517.946449359721,3436,0.0925954171878595,0,630.394104617482,411.729596183336,5869,0.505801859690628,0,,,,,,,,,,,,,,,,,,,,,,,,,,,,,,,,,,,,,,,,,,,,,,,,,,
32.9016770043648,644.559154606019,4353,0.362641260333696,14.4294775097015,87.4922584089696,274.941270688735,3746,0.0809822399062805,3.25501844500017,174.32139659803,81.6965085049239,1117,0.32335796194959,5.97466670809813,260.837905236908,710.200886672208,3609,0.556799036727273,1.29551773702301,333.279622132254,520.960593792173,3705,0.102725356064372,3.25134416219055,634.346387575962,412.858541525996,5924,0.512444118910594,4.11035985901584,,,,,,,,,,,,,,,,,,,,,,,,,,,,,,,,,,,,,,,,,,,,,,,,,,
37.4040754389768,650.487968783872,4613,0.739853429069908,7.4446241825565,92.7031026252983,283.26491646778,4190,0.0965061271764986,9.82018210125827,181.012917933131,84.7553191489362,1316,0.344764551105402,7.3574982388054,275.53669994128,715.084556664709,3406,0.346402646460684,15.488860460245,342.154986184376,521.843506656619,3981,0.107665132569829,8.91917160861394,633.33640167364,420.004184100418,4780,0.548646565256019,7.21666677381516,,,,,,,,,,,,,,,,,,,,,,,,,,,,,,,,,,,,,,,,,,,,,,,,,,
34.5231308923482,648.987064240298,4561,0.426489860218781,3.24846978278524,97.7627785058978,291.980865006553,3815,0.0754403786120456,10.0780989748689,179.606358819076,85.7441332323997,1321,0.288881316426358,1.71934924694922,273.422535211268,718.635367762128,3834,0.715601448889554,4.13254787693777,341.957391304348,516.434130434783,4600,0.149203056357947,5.41298391333119,632.776015339027,422.850618790309,5737,0.465487817084255,2.90107278223604,,,,,,,,,,,,,,,,,,,,,,,,,,,,,,,,,,,,,,,,,,,,,,,,,,
29.3559936551099,653.86811692726,4413,0.337468280492929,7.10802240861377,101.184905660377,303.48427672956,3975,0.0850880806711511,12.0016430346196,174.997258396162,87.7628512679918,1459,0.202185015913035,5.0318017862131,281.359445701357,727.421097285068,3536,0.959493273630182,11.8399151761298,334.899137931034,514.284267241379,4640,0.245279401542396,7.37840446385525,637.556123535676,421.059637912673,4695,0.564667073005298,5.10461035493664,,,,,,,,,,,,,,,,,,,,,,,,,,,,,,,,,,,,,,,,,,,,,,,,,,
31.5964048263974,655.774193548387,4061,0.278944714661657,2.94152516597013,104.247480403135,310.701679731243,4465,0.0917490635206384,7.84029783513912,176.119484046164,86.7053632043449,1473,0.284900420608768,1.54196997839754,281.488545551412,725.706712839638,3754,0.981101619259481,1.71923843547568,336.044753747323,522.210278372591,4670,0.308593660692186,8.00837611820415,639.956921587609,417.171345595353,4132,0.612055558861437,4.5697536510288,,,,,,,,,,,,,,,,,,,,,,,,,,,,,,,,,,,,,,,,,,,,,,,,,,
30.3407350689127,666.509188361409,3918,0.409030865401561,10.8081830191511,106.483316481294,315.711830131446,4945,0.0929445260232265,5.4863986367242,177.93847241867,88.5742574257426,1414,0.274479382623012,2.60796555001906,282.680592991914,722.052336028751,4452,0.981963948494417,3.84388436042924,333.298136645963,527.194386933517,4347,0.752446102933561,5.69080342733664,646.674192867694,415.299852289513,4739,0.555718141317417,6.97310695773822,,,,,,,,,,,,,,,,,,,,,,,,,,,,,,,,,,,,,,,,,,,,,,,,,,
44.2406394615061,667.375262936475,4754,0.957092368054408,13.9268599222083,112.039671443551,319.142957008039,5722,0.143057001620496,6.53036845131102,176.612629022465,88.0012143290832,1647,0.281838320755971,1.44438190998445,283.507625272331,724.61607358993,4131,0.813306697271923,2.69383233989249,345.353914822392,519.600334759159,5377,0.700028190725504,14.2482074615066,640.167557518011,423.716941668603,4303,0.6277818821233,10.638782693022,,,,,,,,,,,,,,,,,,,,,,,,,,,,,,,,,,,,,,,,,,,,,,,,,,
43.1133235004916,667.143067846608,4068,0.628729544085758,1.15098038024818,122.670849204571,340.480394353574,4463,0.499315135301633,23.8392150261081,172.898175397293,88.3519717480871,1699,0.529174739238699,3.73097795497961,284.286307053942,723.807284462886,4338,0.923659859620389,1.12271330669788,357.551205400193,509.997299903568,5185,0.875656119544546,15.5239226961816,651.35908781484,415.016507828455,5876,0.510438478382619,14.1756093128885,,,,,,,,,,,,,,,,,,,,,,,,,,,,,,,,,,,,,,,,,,,,,,,,,,
41.4874621703415,671.409641158668,4626,0.434262268900429,4.56585949105599,117.775618928236,349.180194296459,3191,0.391228122852656,9.98247456819052,170.802309782609,89.5672554347826,1472,0.563755924183122,2.42271895067552,302.888282504013,752.089566613162,3115,0.96752679577795,33.8514545370337,367.745352112676,514.287136150235,5325,0.87493153746819,11.0599874420746,648.216574862293,422.730345518277,3994,0.512199725447286,8.3293865057309,,,,,,,,,,,,,,,,,,,,,,,,,,,,,,,,,,,,,,,,,,,,,,,,,,
47.6897009966777,676.906976744186,4515,0.844087660469949,8.2878504450015,111.77237654321,361.166666666667,2592,0.18786911215491,13.4057614112413,168.062792251169,88.9632598530394,1497,0.645724800283722,2.80531049401499,256.26515763945,725.14025869038,2474,0.662637155244561,53.8514713787239,377.225300092336,517.303047091413,5415,0.574978633437214,9.94812205907115,650.010327400571,418.487145682268,4551,0.48233473386996,4.60676600413913,62.9883882954018,979.695308871342,2153,0.387824760815412,0,,,,,,,,,,,,,,,,,,,,,,,,,,,,,,,,,,,,,,,,,,,,,
50.5653100775194,679.101744186047,5160,0.720495380244368,3.61747587547858,108.808040993299,376.110366574695,2537,0.100141490762495,15.2348761791376,167.255713403335,91.7467572575664,1619,0.720476141357056,2.89814321033811,250.325387816875,727.533106318577,2643,0.896190053066254,6.40363844364664,368.111572823603,526.317681279867,4813,0.894907612875809,12.818878823068,655.509433962264,421.612115193645,5035,0.47301901051937,6.32499861058385,83.4333797585887,985.277855153203,4308,0.552431547070934,21.1934541526129,,,,,,,,,,,,,,,,,,,,,,,,,,,,,,,,,,,,,,,,,,,,,
36.3854761904762,674.722380952381,4200,0.241523230300477,14.8407045451528,100.906068601583,389.474934036939,1895,0.0524956321882169,15.5258761792156,167.477167438782,91.4712111184646,1511,0.559578750327538,0.353507517019956,250.105119187182,724.565455255959,2559,0.697099130202835,2.97581435890817,345.051445481448,529.846801730025,4393,0.47732547758576,23.3286125645767,652.538909373181,415.548806520474,5153,0.666717250912097,6.75186851178988,83.6117158123887,985.670690678805,5053,0.530066597693633,0.431420326664725,,,,,,,,,,,,,,,,,,,,,,,,,,,,,,,,,,,,,,,,,,,,,
42.2151355568559,666.873220206749,5127,0.240661600419161,9.7772313432175,,,,,,165.363941018767,90.4282841823056,1492,0.543404925930666,2.35657007033898,245.108810240964,724.958207831325,2656,0.767536814122893,5.01172202656141,338.316405512554,526.319237304134,5297,0.956525054119793,7.60292536865923,655.943274456522,417.143002717391,5888,0.445790479344172,3.7591439364487,87.8171370967742,980.717137096774,4960,0.746248952395815,6.49794284902614,,,,,,,,,,,,,,,,,,,,,,,,,,,,,,,,,,,,,,,,,,,,,
42.185243021667,661.748584813586,5123,0.192056059547493,5.12472257556605,105.019695280565,365.454106280193,2691,0.103874872840685,24.3705168302458,166.048076923077,86.9166666666667,1248,0.454816109052458,3.57763881795084,253.089703588144,724.585023400936,2564,0.996906716030337,7.98961358503285,331.527420312809,518.694713918036,5051,0.6765121698565,10.2089997995649,659.220235901216,409.589753040914,5426,0.778030204836135,8.2334717455772,82.7326732673267,969.443744374437,3333,0.437002752996793,12.3669380165421,,,,,,,,,,,,,,,,,,,,,,,,,,,,,,,,,,,,,,,,,,,,,
40.7938016528926,660.09194214876,4840,0.196928080872386,2.16346342739062,106.764898255814,383.297238372093,2752,0.0699571142402723,17.9282764445945,164.345352564103,89.375,1248,0.493139512263942,2.99043024001939,247.945211208699,716.577582601422,2391,0.82839643947601,9.51761051944666,320.537951678426,511.501603592046,4677,0.179206563228466,13.1342779408672,661.908028646815,409.526196758387,5306,0.459338925262433,2.68854407520894,83.99902786779,970.337653920933,3086,0.412968977514531,1.55007362774511,,,,,,,,,,,,,,,,,,,,,,,,,,,,,,,,,,,,,,,,,,,,,
40.7109375,661.027243589744,4992,0.186025390671112,0.93896499047609,109.636601796407,395.938997005988,2672,0.0710971856709307,12.9638243810503,167.806263656227,89.6336489439184,1373,0.636228226863672,3.47056261487696,253.567215958369,712.325672159584,2306,0.977992019951609,7.04880697783161,328.950451315537,506.626272325715,5207,0.371706081378823,9.72311704654666,661.239932532153,421.250896057348,4743,0.503776838825844,11.7437185792866,69.0951029098651,975.941802696948,4227,0.833052019758073,15.9227341450885,,,,,,,,,,,,,,,,,,,,,,,,,,,,,,,,,,,,,,,,,,,,,
43.4896749521989,657.823326959847,5230,0.166573323616583,4.24104510699663,110.193514275643,342.675361297145,5674,0.0303566449983933,53.2665471044809,166.438907849829,90.3023890784983,1465,0.804357730930691,1.52212853231516,252.399116997793,708.918322295806,2265,0.980224287870521,3.60201169846642,326.824236983842,507.161220825853,5570,0.728467845799428,2.19247743023811,661.405572755418,416.586996904025,4845,0.50379131953443,4.66683961540673,62.9542346133614,974.279852709101,3802,0.850907485551065,6.36178757874798,,,,,,,,,,,,,,,,,,,,,,,,,,,,,,,,,,,,,,,,,,,,,
48.9702479338843,642.71632231405,4840,0.164976618020409,16.0704159739481,112.93206404154,283.585893552575,2311,0.778480983749687,59.1528938696739,166.283527696793,88.3032069970845,1372,0.827074320334342,2.00521120748,251.955361251726,707.621721122872,2173,0.837595457237811,1.3704356109725,325.050008994423,513.505486598309,5559,0.827405076158292,6.58768496134993,663.722263961933,409.465314300025,3993,0.442161361080417,7.48902004660544,72.4559426229508,1012.55430327869,2928,0.0439668743577587,39.4362272726909,,,,,,,,,,,,,,,,,,,,,,,,,,,,,,,,,,,,,,,,,,,,,
49.7486984381257,641.724669603524,4994,0.138255184364588,1.2606983326101,113.327246165084,302.390065741417,2738,0.892523161057854,18.8083242373797,166.082655826558,86.9932249322493,1476,0.981277908989893,1.32529337070762,251.651777575205,708.27484047402,2194,0.993934123240654,0.720227696978089,319.492991115499,512.95853899309,5065,0.644420385627505,5.58386957132299,663.292646694726,405.610299579104,4039,0.543426496685405,3.87887992786609,72.5024760647078,1010.00165070981,3029,0.0874917309149185,2.55307667308062,,,,,,,,,,,,,,,,,,,,,,,,,,,,,,,,,,,,,,,,,,,,,
49.4656196131009,648.144225244206,5221,0.130526807877829,6.42579397778879,,,,,,167.847649918963,87.0996758508914,1234,0.829488658542049,1.76820133025128,248.678129298487,708.63778083448,2181,0.9103557163135,2.99571523661369,337.919872926227,517.445817154959,5666,0.675349807390829,18.9653800006363,667.964833183048,405.669972948602,2218,0.754746462711926,4.67256754822014,73.1742305685968,1007.45383411581,3834,0.139538212003001,2.63488586283215,,,,,,,,,,,,,,,,,,,,,,,,,,,,,,,,,,,,,,,,,,,,,
49.7878967080623,649.327813916815,5073,0.138849635865758,1.22668034624504,92.1259842519685,300.868766404199,1143,0.295479270745383,21.2557723543968,166.389920424403,86.1684350132626,1508,0.853692198323867,1.72979327579236,248.857142857143,707.861933797909,2296,0.911820183272094,0.796231422601142,347.239849475144,515.543870073282,5049,0.708165207717079,9.51206421203435,662.147812166489,410.242796157951,1874,0.931107447583202,7.39921925685711,70.3806742323097,989.376168224299,5992,0.819796238134191,18.2922377277621,,,,,,,,,,,,,,,,,,,,,,,,,,,,,,,,,,,,,,,,,,,,,
51.231809401159,640.866494955999,4659,0.173553211969835,8.58363573446246,87.6810244470314,317.711292200233,859,0.781041750069899,17.4191946673076,165.875735775016,86.461085676913,1529,0.829597326563258,0.591633556012582,245.412516527104,709.80211546937,2269,0.775900110602729,3.9534485543465,346.895281704161,511.296237308381,5023,0.846063983535093,4.26158550943841,662.90859030837,408.79295154185,1816,0.988978105063538,1.63732488895772,72.096090356212,991.635099913119,5755,0.642120599297857,2.83644581349599,17.8911917098446,207.918825561313,579,0.208882466877666,0,,,,,,,,,,,,,,,,,,,,,,,,,,,,,,,,,,,,,,,,
50.7181393372982,639.955607476635,4708,0.196387515071947,1.04574037627329,89.0218878248974,321.358413132695,731,0.48940728366235,3.88579537470841,166.302173913043,84.9202898550725,1380,0.83018548761411,1.59871862757814,247.069832402235,712.983705772812,2148,0.719375754626084,3.58736850196857,365.628780934922,486.333638863428,2182,0.49375120749159,31.210179662298,662.02175125488,407.058003346347,1793,0.992058325592141,1.9484683081527,69.1380384967919,983.562603116407,5455,0.99261177245444,8.59739933560982,26.9987639060569,207.997527812114,809,0.0851957391478358,9.10791223900958,,,,,,,,,,,,,,,,,,,,,,,,,,,,,,,,,,,,,,,,
52.0885608856089,636.653751537515,4878,0.249073742965018,3.57495564486841,95.1254325259516,349.754325259516,1156,0.0787670801589826,29.0444673463275,169.920341394026,93.9651493598862,1406,0.940866782158023,9.74169489268966,246.692375109553,716.197633654689,2282,0.659207599469827,3.23601706387716,,,,,,660.391280653951,405.801089918256,1835,0.917988016956093,2.05870487108012,54.2881146528293,967.090684457623,4047,0.509743387207813,22.177563943614,28.0756476683938,210.324352331606,965,0.102542133533334,2.5639405184396,,,,,,,,,,,,,,,,,,,,,,,,,,,,,,,,,,,,,,,,
50.5355812585767,631.67849441286,5101,0.307189813267967,5.21199857812805,95.0363214837712,341.027047913447,1294,0.0775335643783075,8.72773227436805,170.495569188821,94.4342194955692,1467,0.922505014685299,0.742235682310228,247.167606355715,718.460276781138,1951,0.859992788161887,2.31201181982178,336.185364281109,516.920051579626,3102,0.951371406962697,42.4551931699249,663.74331820474,407.251638930913,1983,0.654051608018031,3.65243044834814,52.4443605236657,964.572004028197,3972,0.551301273994698,3.12140679732379,22.8434466019417,214.366504854369,824,0.147180057840832,6.61172632653976,,,,,,,,,,,,,,,,,,,,,,,,,,,,,,,,,,,,,,,,
49.8001511144692,632.094068757084,5294,0.319215179705739,0.844724530506034,96.469512195122,341.975609756098,1476,0.0415648811787652,1.71866377876397,167.529294274301,92.8382157123835,1502,0.85522170827209,3.36838461943593,248.655432887856,715.818710052295,1721,0.810561313048639,3.03174909461042,321.882124616956,498.235750766088,4895,0.592916002900968,23.5305282937077,685.010101010101,371.953535353535,1980,0.772620897037444,41.2096125564128,39.6583402719956,964.724673882875,3603,0.142512117814593,12.7869316867122,21.9715346534653,211.866336633663,808,0.180040924898343,2.64784281590165,124.966435185185,1017,864,0.101943519419553,0,753.108695652174,15.8510869565217,920,0.617882584818918,0,,,,,,,,,,,,,,,,,,,,,,,,,,,,,,
52.1067313523347,630.83343440469,4947,0.236198139532176,2.62859494105639,97.7674603174603,351.321428571429,1260,0.0319844505219068,9.43551793264557,168.269317329332,92.8567141785446,1333,0.969092757515602,0.740254223377565,247.493519441675,717.650049850449,2006,0.785191136669243,2.16883570440848,334.369337979094,526.400286944046,4879,0.929892951447086,30.8086285912091,701.710957722174,342.281276962899,2318,0.711542883536875,34.0493984222613,32.9388425574931,967.27015415719,3957,0.15284798338815,7.18547975866108,14.9121212121212,216.44696969697,660,0.459392980569747,8.41531445618554,121.505995203837,1015.01438848921,1251,0.119753330130466,3.98964884874606,765.744787922358,38.2092020129403,1391,0.907238108082693,25.6818250273741,,,,,,,,,,,,,,,,,,,,,,,,,,,,,,
49.199046046597,633.244175380664,5451,0.226911715401033,3.77707636809812,95.673531655225,346.256292906178,1311,0.0371130252682522,5.48088829934699,166.265710382514,89.8306010928962,1464,0.908322081376398,3.62929761861339,246.734982332155,719.37152953054,1981,0.605776889233759,1.88118867620604,341.849305555556,528.798784722222,5760,0.483714387364426,7.85510703535165,699.632283834586,340.254934210526,4256,0.83098547373733,2.90292095673183,26.6434146341463,974.397804878049,4100,0.209324151413988,9.50977484153091,,,,,,110.81310123683,1007.83554741182,2183,0.351287181039275,12.8791979798462,765.595622895623,54.2811447811448,2970,0.97231982911622,16.0726349597582,,,,,,,,,,,,,,,,,,,,,,,,,,,,,,
55.7902501603592,619.590977122087,4677,0.271188574981976,15.1609298645332,96.9121756487026,349.662674650699,1002,0.0384605383076346,3.62459315399369,165.083870967742,89.0072580645161,1240,0.731629130912701,1.44036042180074,248.246707193516,720.327254305978,1974,0.993094924396816,1.78849710730541,341.519004702194,518.528213166144,5104,0.452369698014965,10.2758814095069,701.822313159595,340.119965539522,4643,0.958678622029403,2.19418435564342,28.6411899313501,974.293363844394,4370,0.270300991066041,2.00050345354078,17.0168539325843,217.833333333333,534,0.222029050061932,2.52029838646524,106.74868047097,1003.89849776695,2463,0.534619166655682,5.6586107895936,759.451866404715,50.9398821218075,2545,0.450383392306362,6.99355274365278,,,,,,,,,,,,,,,,,,,,,,,,,,,,,,
52.4098984771574,625.719120135364,4728,0.242022108516677,6.99863660246065,93.8843710292249,318.546378653113,787,0.235176650984176,31.2632608251776,166.056826056826,87.6119196119196,1443,0.931876690335308,1.70106172805959,247.831034482759,721.053694581281,2030,0.779847888949644,0.836958347858792,337.461007462687,501.07723880597,5360,0.431891212673984,17.9165802461101,699.810251256281,331.581105527638,4975,0.979428940767786,8.77271471126877,26.9050552636347,964.716796521109,5519,0.260686292363102,9.73266691518045,23.1719605695509,218.775465498357,913,0.157794763655921,6.22679297301615,95.2767045454545,1010.53863636364,1760,0.170786950603719,13.2550998569911,749.063958165728,49.1580852775543,2486,0.547202845747408,10.5396127811132,,,,,,,,,,,,,,,,,,,,,,,,,,,,,,
50.2238384715588,624.973729917499,4606,0.342119453812613,2.30964606053962,92.9047619047619,358.192949907236,1617,0.020991980843491,39.6586717660204,166.339033457249,86.6795539033457,1345,0.946233085974842,0.974139020560215,245.157280568239,724.721968543886,1971,0.911905948501866,4.53929442316052,337.952011047816,500.101674434663,5793,0.343115571345025,1.09215857968294,703.600707408135,325.611711534683,5089,0.597271151090693,7.07115425388677,30.1030741410488,975.265420936307,4977,0.328730290850993,11.0227402125429,26.1740707162285,220.404351767906,1103,0.119192352615437,3.41554326746249,95.5105802047782,1015.43344709898,1465,0.0512852298214995,4.90039487784623,750.238993710692,37.8909853249476,2862,0.456803491927395,11.3282059424235,,,,,,,,,,,,,,,,,,,,,,,,,,,,,,
49.2213511643994,623.684574590731,4337,0.370584238592932,1.63306529494387,92.3514644351464,371.35325762104,1673,0.0191990838959695,13.1719336929664,164.859768550034,84.8808713410483,1469,0.679209557121678,2.32883739785125,244.375338020552,725.303407247161,1849,0.964569433884361,0.974425530017494,351.939457641371,509.650830355266,4757,0.354642742464252,16.9362050354714,702.672814371257,330.033532934132,4175,0.768479955075517,4.51812903495601,39.1068493150685,938.701826484018,2190,0.663356716468891,37.6558681569783,31.3518808777429,221.934169278997,1276,0.0919956832547027,5.39907952209668,71.378896882494,1011.83830078794,2919,0.0339682966506231,24.3980166604738,747.358108108108,32.6940154440154,2072,0.331732994539021,5.94205333184497,,,,,,,,,,,,,,,,,,,,,,,,,,,,,,
55.9527660356552,609.516081602647,5441,0.406508757865716,15.6862404585153,98.7482993197279,432.808596165739,3234,0.0118259304176875,61.7873622368212,164.607476635514,84.5945363048167,1391,0.8898864258506,0.381626732693025,244.520247469066,726.879077615298,1778,0.799964138212429,1.58231977087292,344.170258160871,513.875826754854,4687,0.260650513631725,8.84370143912232,701.195753616426,321.769482034531,4286,0.83088641443106,8.39501314737837,41.043118466899,955.325348432056,2296,0.192648907383991,16.7359081075756,38.9136904761905,220.626488095238,1344,0.0816141157834523,7.67404681257092,123.832999331997,1014.57915831663,1497,0.0895333850953264,52.5256619546635,752.979460093897,27.3697183098592,1704,0.415306003057988,7.74259246770189,,,,,,,,,,,,,,,,,,,,,,,,,,,,,,
48.2822580645161,621.846577498033,5084,0.383817554447807,14.5216328820644,101.255486406813,494.903373730757,3053,0.0539270530907015,62.1453730211563,164.729582577132,86.5771324863884,1653,0.839699265253944,1.9863528085819,247.398961038961,726.784415584416,1925,0.896240990083641,2.88026955641074,283.979711275849,543.667186890363,2563,0.543257451504326,67.159713169739,703.399485861182,312.967780634105,5835,0.887175743913544,9.07338874670601,38.1092105263158,975.770614035088,2280,0.473957148372674,20.6547016773988,44.9486803519062,221.038123167155,1364,0.12005189004468,6.04901200465193,119.17074829932,1008.62653061224,1470,0.58942658493499,7.56110846891882,751.164341085271,38.3472868217054,1935,0.172225705517111,11.1266197673755,93.7775628626692,333.972920696325,1034,0.0336583032394881,0,425.119628339141,469.164924506388,1722,0.527815744526531,0,,,,,,,,,,,,,,,,,,,,
49.3347364201243,621.619963920625,4989,0.277028922244139,1.07659853357188,102.005314437555,502.691762621789,3387,0.0887695708841202,7.82440052615188,164.647905759162,86.3854712041885,1528,0.854827708502871,0.208339025840676,249.093220338983,725.293487957181,2242,0.724879373373986,2.25685173756763,287.356807511737,536.592271578187,2769,0.884738625194043,7.83959218715563,718.434149364735,298.684846606756,3227,0.627664501738186,20.7374856502581,24.440818102698,976.738468233246,2298,0.276205191518042,13.7026162901435,40.3333333333333,220.968654434251,1308,0.121309110224835,4.61586979958278,120.446666666667,1013.03333333333,1350,0.218885042529257,4.58779662830923,742.137965097135,75.9348040829766,3037,0.15860982963052,38.656136865258,95.7633410672854,351.976024748647,1293,0.0213085808568077,18.1122905949703,403.52950310559,479.441770186335,1288,0.704551691147088,23.9112330240381,,,,,,,,,,,,,,,,,,,,
51.8605723065105,618.087382369887,5207,0.277305020486113,4.3426926367838,101.917918267552,493.027244149494,2863,0.0659135574336696,9.66491362568104,169.973407977607,88.739678096571,1429,0.613160226793657,5.82265094014726,246.290064102564,725.418803418803,1872,0.990908457992674,2.80595596022034,333.425155004429,512.44286979628,5645,0.519287856401706,52.0142888746099,697.224770642202,311.122833843017,5886,0.644327153197268,24.5874210173669,24.2387096774194,971.458064516129,2480,0.298308323914306,5.28427017016674,39.9032258064516,220.463133640553,1302,0.103209181559929,0.663734704186192,126.259351620948,1018.66209476309,802,0.0413873832578539,8.09136957571868,735.521239220696,89.9418716065155,3131,0.203434362957769,15.4912556603044,94.8387345679012,353.100308641975,1296,0.0293310096870088,1.45564812077018,,,,,,,,,,,,,,,,,,,,,,,,,
50.0266666666667,619.33037037037,5400,0.310627439376687,2.21545233873297,99.7261613691932,494.466992665037,2863,0.0561785745161504,2.62234133733772,165.997822931785,89.4499274310595,1378,0.500469717272734,4.03853074442933,245.017430278884,724.27938247012,2008,0.714384548213752,1.70817942484775,338.669522643819,511.524217520546,5719,0.36329705220844,5.32421956166294,713.631011608624,304.18629076838,3618,0.640941725009135,17.8123657180788,26.8707453683757,973.428263679448,2321,0.387637633731958,3.28774947671087,28.4501573976915,219.039874081847,953,0.121084717093826,11.5411630153632,122.724867724868,1017.91005291005,756,0.0562843696255312,3.61360531330845,728.081540596808,120.692227619709,2882,0.528917657198989,31.6375332564409,96.671629445823,336.220016542597,1209,0.0212424720521082,16.9795101517635,,,,,,,,,,,,,,,,,,,,,,,,,
49.8238755779739,611.686422866751,4758,0.397897508913276,7.64663701660711,97.9533376539209,489.609526895658,3086,0.0546846933965037,5.17086816947781,167.569759450172,91.6034364261168,1455,0.636081457657958,2.66619305558137,247.0328125,725.536458333333,1920,0.90576720021875,2.37529055550334,338.954144620811,517.969312169312,5670,0.285885254781623,6.4513761866246,714.044599514563,299.99302184466,3296,0.510056843979891,4.21361593202045,28.892955801105,980.431629834254,1448,0.850235742211354,7.28947683530972,16.7482517482517,217.861888111888,572,0.263160191065888,11.7610478603656,183.83064516129,1015.15625,992,0.112268381145706,61.1677976273221,717.867145421903,121.194793536804,2228,0.545853351481793,10.2267512578602,91.610630407911,304.452410383189,809,0.65649808562458,32.1682220889033,,,,,,,,,,,,,,,,,,,,,,,,,
50.8326138147567,610.433869701727,5096,0.394745794718018,1.6082419785464,98.3698715941121,496.288443470091,3193,0.0891634894697411,6.69189264196364,168.010847457627,89.0894915254237,1475,0.533034230657344,2.55234746734096,246.97442455243,726.247058823529,1955,0.968166400253415,0.712995237773951,342.646114864865,514.390878378378,5920,0.232534915791124,5.1415788119092,711.666757049892,307.221529284165,3688,0.37085841262031,7.60956336393681,26.91048436542,982.315757204169,1631,0.97300064774763,2.73498243858529,,,,,,185.001142857143,1017.00914285714,875,0.0716417387213126,2.19163792539894,728.063707217892,99.8556421552016,2951,0.242791643705227,23.6501427933614,95.1429889298893,338.634686346863,1084,0.0157006225024229,34.3643062898785,,,,,,,,,,,,,,,,,,,,,,,,,
50.0805555555556,603.698076923077,4680,0.589622258655036,6.77764678794533,96.1780139488542,490.849883759548,3011,0.0857577371750006,5.86363126929139,168.117564730581,87.7585724282715,1429,0.504435203183774,1.33519070529686,245.12815437902,725.201385452746,2021,0.873705337458686,2.12182618317011,321.622669104205,537.652650822669,2735,0.458403049437779,31.354351036202,707.512774806892,308.301247771836,3366,0.388980873165467,4.29201124040589,22.9340740740741,975.353333333333,1350,0.600491609079784,8.01792896964716,,,,,,169.084592145015,1011.55186304129,993,0.54106149782348,16.8261252093362,736.417611741161,82.0153435623749,1499,0.522193908980533,19.6993394474307,93.9287020109689,327.802559414991,1094,0.0357746170495883,10.8999755316084,406.091709124595,473.299212598425,2159,0.309012126246963,6.65551751591245,,,,,,,,,,,,,,,,,,,,
57.2434695912263,592.301296111665,5015,0.564965302527824,13.4608302249815,93.9388761091029,423.465658889254,3043,0.0125752955856981,67.4214172176453,168.507749077491,89.9136531365314,1355,0.547803515063015,2.19011796113527,246.214405360134,725.294249022892,1791,0.927333812501397,1.09021320696036,335.883062838119,543.652101539742,2403,0.697444784615915,15.4710128418552,684.822782546495,317.780400572246,5592,0.484471190783193,24.5904470595884,22.8294243070362,967.1460554371,938,0.975062023962308,8.20794505584301,,,,,,167.408366533865,1020.70517928287,502,0.0102719729188974,9.30553225333398,731.494883040936,95.6681286549708,1368,0.990674359742962,14.513159498904,,,,,,412.488476672288,472.325463743676,1779,0.612042915018082,6.47045762611456,,,,,,,,,,,,,,,,,,,,
47.8235181644359,609.735372848948,5230,0.368576098279015,19.8162185233352,96.9235564304462,491.340551181102,3048,0.0725808141019166,67.9404836621776,168.575,89.805625,1600,0.661293965873322,0.12725079512827,247.892259414226,725.206589958159,3824,0.908006558623796,1.68014235660632,366.524640135478,516.911092294666,5905,0.995672173793568,40.6692492519264,699.500713606089,326.194338725024,4204,0.462831999489908,16.9185110287217,,,,,,29.0455445544554,218.651485148515,505,0.0600804124291239,12.3226163553751,,,,,,729.225731895223,98.6895223420647,1298,0.963227202466978,3.77860645403806,92.6400602409639,342.737951807229,1328,0.0307703996733678,14.9908820127944,,,,,,,,,,,,,,,,,,,,,,,,,
47.7609371760315,606.399129172714,4823,0.4089011300325,3.33683056916634,98.4747252747253,485.264835164835,2730,0.0662110527878084,6.27060203599203,167.830618892508,91.8084690553746,1535,0.825385745323052,2.13670015288531,245.504805683243,723.34015879649,2393,0.876340143666364,3.0304291113365,359.55513380148,528.741696716644,5269,0.447892448539651,13.7308856061431,695.475289362484,328.685835017454,5443,0.467581501472684,4.73408852010587,,,,,,29.1598101265823,218.957278481013,632,0.10583790061262,0.326444762821482,110.133848133848,1017.00386100386,777,0.137030967359185,57.3939911049609,729.028744326778,102.877458396369,1322,0.987551497324103,4.1925663378252,93.9363135333742,362.79056950398,1633,0.0225252096794472,20.0944706098508,,,,,,662.646666666667,380.473333333333,300,0.592502926855997,0,,,,,,,,,,,,,,,
46.7557915057915,605.73667953668,5180,0.400517985036372,1.20380951096284,96.6329941860465,475.051962209302,2752,0.038777506281903,10.3776079810745,166.911516853933,93.9634831460674,1424,0.701050672605412,2.34282613277178,244.794483985765,723.762900355872,2248,0.880367567021609,0.826599866886294,355.099276672694,539.250994575045,5530,0.395011072080996,11.4149027253297,701.350754310345,325.737607758621,3712,0.357657032721205,6.57366962383017,,,,,,36.3384175405148,217.683508102955,1049,0.138188049600639,7.2907403862285,107.971383147854,1014.94117647059,629,0.469472182906563,2.98846487338466,725.811926605505,105.232415902141,1308,0.997374625197624,3.98669551206085,95.821897810219,334.404379562044,1370,0.0274538014287885,28.4487470283805,,,,,,,,,,,,,,,,,,,,,,,,,
47.1230209281165,615.831119199272,5495,0.195356947433739,10.1011172426788,97.1358118361153,479.039833080425,2636,0.0379648938532395,4.01944519479602,168.925848925849,94.013167013167,1443,0.838039712822666,2.01494470956419,245.029776674938,726.484367245658,2015,0.951164305632289,2.73161942476949,351.478793256433,540.851464063886,5635,0.392312009921293,3.95845964386847,698.565030839367,328.815231965674,3729,0.37083968859106,4.15114755418305,,,,,,44.2622629169392,219.164159581426,1529,0.166695715140521,8.0609958659076,96.6087912087912,1007.0456043956,1820,0.624979001274835,13.8364935574341,730.328657314629,95.875751503006,1497,0.723061108095549,10.3898038950109,96.1229946524064,338.427139037433,1496,0.0278291356196417,4.03401203582862,,,,,,,,,,,18.8267716535433,830.064960629921,508,0.171970335916355,0,,,,,,,,,,
47.9601846508944,602.038853625697,5199,0.554692062700256,13.817649320733,98.1273813970863,474.449010085917,2677,0.0423640964290546,4.69668670033952,169.685228151585,93.9597834493426,1293,0.726890774072822,0.761253317475067,244.452413793103,726.250114942529,2175,0.915689501276817,0.623074665542934,356.167612561483,537.566780174045,5286,0.474912981406717,5.72487333760295,686.230044843049,338.775560538117,4460,0.538331544267631,15.8543377282169,,,,,,47.7400793650794,217.914682539683,1512,0.214115601601588,3.69545668690594,101.074653822998,1006.41661649609,1661,0.872303658463164,4.50993954135878,728.139920424403,96.3454907161804,1508,0.365026781668003,2.23857635631002,95.4176245210728,336.399233716475,1305,0.0384941542996105,2.1470787160576,,,,,,622.902042954426,336.448402304872,1909,0.273121918964121,59.311294591236,20.5621079046424,828.789209535759,797,0.264060991175387,2.15381818142448,,,,,,,,,,
46.5094811419046,611.373202750573,4799,0.213652818417673,9.44640747882835,96.32003160806,486.357961280126,2531,0.0494439727874187,12.0453157619863,168.720598232495,94.0842963970088,1471,0.686009761866359,0.972632692716621,245.050632911392,727.386562804284,2054,0.938794183226004,1.28428184444658,361.348511383538,519.423428682623,5139,0.970942919769584,18.8685695256857,668.643229634958,341.179104477612,5561,0.235592628407055,17.7502983815103,,,,,,48.4772876892693,213.752468729427,1519,0.488171266869979,4.22699655967859,98.8005170185265,1007.64067212408,2321,0.384191991696655,2.5826363247437,726.427960927961,90.3015873015873,1638,0.656262075663991,6.28168558608184,95.5214765100671,348.061073825503,1490,0.0280385691190772,11.662302515548,,,,,,,,,,,,,,,,,,,,,,,,,
46.4264023618726,609.820539856601,4742,0.29539676168532,1.55488396544899,96.3297504798465,485.631477927063,2605,0.0489908001505402,0.726548359537526,168.272423025435,93.5970548862115,1494,0.716507910474425,0.662016092000171,245.476470588235,726.726470588235,2040,0.980011425293667,0.785531323823159,373.151097878675,507.025493114998,5374,0.910988584111306,17.1175306137942,689.671785028791,342.876439539347,4168,0.985647145092962,21.0969449983475,,,,,,45.1973624374716,206.763074124602,2199,0.846534815816589,7.72072189625679,104.675482787573,1007.34718723762,2382,0.385596411174242,5.88229174438496,729.838356164384,85.7260273972603,2190,0.582480801394763,5.70671044531778,97.0936846507737,345.225846925972,2391,0.108119932539051,3.24196699698316,,,,,,603.321356479612,341.290270488494,2477,0.216461733242101,20.1704479457582,31.431746031746,829.177777777778,1260,0.145306005791562,10.8765811858732,12.9119266055046,720.759633027523,545,0.935049675781458,0,,,,,
35.2099358974359,659.968215811966,3744,0.12643113419886,51.3867543601671,70.6064839219821,549.374275171323,3794,0.466801304256968,68.73740352188,168.692477876106,92.8856932153392,1356,0.950583292743545,0.826124387945621,245.384086444008,725.704322200393,2036,0.940011563706859,1.02631484295684,380.748755680589,502.262280891582,4621,0.8897892828266,8.96730699598709,699.026564138413,347.174764068507,2861,0.904276820188825,10.2950223869503,,,,,,38.9456790123457,208.311604938272,2025,0.990610886913718,6.44061280693676,118.759150474469,1005.11251694532,2213,0.760542326113829,14.2598543761905,726.563667820069,80.3550173010381,2890,0.393575184000214,6.29057495036097,98.1162133521724,380.787001059696,2831,0.0706703527401517,35.5758520385337,,,,,,610.397599690283,342.404181184669,2583,0.3851304139758,7.16338013898529,28.5263157894737,826.501489572989,1007,0.227665740028058,3.95019536830803,,,,,,,,,,
42.3096339924274,625.42448464451,4754,0.149968762343619,35.2657776889932,94.7156473391581,485.90746624305,2518,0.0426869703495105,67.8917343732948,165.793604651163,92.0617732558139,1376,0.690916710898756,3.01368712277799,243.542612203732,725.305597579425,1983,0.872049477427314,1.88414667713702,338.736457294782,535.339315387172,3009,0.893790279412773,53.4707717045534,696.404618473896,352.280789825971,2988,0.950342762204458,5.73986917129292,,,,,,38.0953137410643,214.357426528991,2518,0.924213292761651,6.10533207953615,129.022784810127,1010.88101265823,1580,0.388927305252883,11.7736032108224,724.585963455149,79.1237541528239,2408,0.301200877947448,2.32966166967928,107.296652421652,344.491809116809,2808,0.386345753894555,37.4382347297445,419.172052799272,454.622212107419,2197,0.917947928477353,18.9228779085483,601.648037542662,342.183873720137,2344,0.291710701612024,8.75233529716511,43.4289432587194,825.916189484643,1921,0.181776347980082,14.9141168588869,,,,,,,,,,
50.2290774620475,605.235500194628,5138,0.238224170145085,21.6866935697001,,,,,,166.035038542397,94.7477224947442,1427,0.951292177521552,2.69677838131843,245.295291709314,726.161207778915,1954,0.888204275639795,1.95037285224135,366.241452991453,502.149358974359,4680,0.993549772543792,43.105660822661,692.691125087351,355.613906359189,2862,0.886472863141801,4.989959815061,,,,,,42.2500966370313,218.774255894859,2587,0.625608353692643,6.06387685889238,124.170620437956,1017.22718978102,1096,0.0295616195422181,7.98858330171467,739.324009324009,49.3170163170163,1287,0.6896251453948,33.2513400699157,102.953015873016,386.046984126984,3150,0.0343317922498839,41.7815718779574,,,,,,581.814119414194,355.04693954187,2663,0.878043538560193,23.6398555549945,41.9270244821092,824.600282485876,2124,0.239937890836882,1.99684031433162,,,,,,709.66404494382,119.119101123595,890,0.920854758108754,0
57.9553903345725,575.064524694636,3766,0.580934235217316,31.14456089312,,,,,,169.33446866485,92.1144414168937,1468,0.811682901192543,4.22142255263778,244.620091789903,725.631310555839,1961,0.953903624930779,0.858304140847897,329.101908767389,528.840181171142,3091,0.447873236541495,45.7356068584585,691.756038647343,355.25707384403,2898,0.938130593657301,1.00085767927438,,,,,,56.6822716807368,227.255180353031,2606,0.064812077581977,16.7395864989965,125.186837702175,1015.56274400446,1793,0.0328555861362812,1.95014801264042,752.042263122018,40.1404226312202,1467,0.947906641171314,15.6832347219809,108.29209896249,374.631018888002,3759,0.0751381770021465,12.602780271589,419.100771674989,444.789832047208,2203,0.558690405632268,9.83263843772929,582.201133144476,352.944961554027,2471,0.565176524119836,2.13730931051274,32.8471337579618,825.699657030867,2041,0.232142200914832,9.14620358141202,36.65065913371,667.338041431262,3186,0.291483967640398,58.4584798872105,707.134384384384,127.915915915916,1332,0.823342302912865,9.15331268101079
61.2359223300971,567.225566343042,3090,0.600558137704632,8.49771488176023,,,,,,165.50406504065,91.2569105691057,1230,0.670942383758569,3.92521987654074,243.728518713759,724.028993147074,1897,0.966584404916275,1.83366399008534,313.176364293459,528.335381279364,2767,0.380810939274106,15.9335429117908,684.727047913447,354.023183925811,3235,0.911831271899751,7.1364693698973,,,,,,54.8165503489531,226.509970089731,2006,0.0622898010435283,2.00904316140821,134.885503850017,1010.59625041848,2987,0.0766833970637983,10.8963380815248,751.163120567376,33.12968591692,987,0.569124791895041,7.06564370093901,111.178112260897,367.718093446221,3189,0.0976315530842673,7.49116886221375,429.438823529412,433.843529411765,1700,0.722656818882602,15.0564556762693,580.152380952381,355.977639751553,2415,0.574607813714286,3.65985281047798,44.6463647959184,818.306441326531,3136,0.26118130326325,13.9241334214352,37.7087842138765,651.52482495226,3142,0.294170710754868,15.8485786144077,703.340042372881,132.669491525424,944,0.711883574440309,6.08222922747605
62.4145077720207,565.990284974093,3088,0.765181355010417,1.70733233565886,,,,,,165.639544344996,93.4637917005696,1229,0.568884411107415,2.21103572343761,244.459948320413,726.334366925065,1935,0.990309634066957,2.41862306400495,312.802215839146,520.663520722199,2437,0.510719945624229,7.68097854927611,690.57835160948,359.922532720198,2827,0.710609821182252,8.30903551208231,,,,,,69.3963808703145,230.4243860405,2321,0.0649859061395402,15.096162103901,144.329403095063,1011.6381724392,2714,0.0595909101980845,9.50120173703561,754.37947997189,27.6078706957133,1423,0.405417139994436,6.390259083649,119.178019323671,360.292995169082,4140,0.402853595644773,10.9146963969781,432.716839677047,427.251441753172,1734,0.712110772119206,7.36213349259108,572.655486344034,362.022041207475,2087,0.810849242320799,9.63006841767018,53.3074756784434,816.388376856119,3906,0.277080305680389,8.87095333276248,40.9385937002863,649.495704740694,3143,0.250982393274308,3.81431489936124,704.486391571554,136.229148375768,1139,0.609977430213276,3.73968894127597
57.22,576.35746031746,3150,0.754343059560724,11.5957421320803,,,,,,164.294444444444,92.5730158730159,1260,0.912214622046878,1.61331190952573,244.690080428954,725.562466487936,1865,0.954421550207985,0.805475680713783,306.424635332253,519.303889789303,2468,0.664118238577862,6.52089943148938,687.847510373444,363.373443983402,2892,0.751270761032679,4.40071385151834,,,,,,81.7453416149068,233.844306418219,2415,0.112840464650752,12.8137694243897,150.395657809462,1009.79779650032,3086,0.0910727438891048,6.3392767613019,756.251945525292,19.9416342412451,1028,0.569815339805632,7.89159734302829,128.363182773109,351.163077731092,3808,0.50503889790431,12.9507768113498,443.422351885099,414.59066427289,2228,0.922829693191423,16.5802074185439,567.419185282523,364.588261060009,2283,0.507176291872887,5.83132344655351,54.407851134336,814.054550089217,3923,0.293550814728875,2.58022741668954,36.8935611038108,655.269053876478,3044,0.368176116810428,7.04938642366956,707.968369829684,137.50202757502,1233,0.776272387779682,3.70734325979896
,,,,,,,,,,165.213373403456,93.1277235161533,1331,0.734064111758224,1.07337365398317,244.616693248272,726.373737373737,1881,0.955476493039376,0.814583407907374,300.172738312083,516.492106860959,3294,0.55635809682112,6.85509588459118,692.658841940532,362.525821596244,2556,0.933319712088535,4.88542476757852,,,,,,100.826792963464,238.835588633288,1478,0.338668271021135,19.7234551668267,154.066541117389,1006.43502824859,3186,0.272822614750076,4.97831242242793,762.583094555874,15.4398280802292,698,0.484615400398015,7.76850737006803,123.792787635947,344.304522037779,3494,0.246830289306337,8.24186252664251,434.690291840381,421.584276354973,1679,0.774035605088129,11.1874698917676,562.069745069745,367.825877825878,2079,0.393602556882512,6.25289316338626,72.1119681512814,808.37521771585,4019,0.255911552342316,18.5927559968091,43.7711248892826,623.757661647476,5645,0.21247991721719,32.25319711026,702.526077097506,141.6179138322,882,0.932804390172367,6.82342068648532
,,,,,,,,,,165.622924901186,92.803162055336,1265,0.882096693177508,0.522563461352317,243.415145005371,725.664339419979,1862,0.963369444376246,1.39533638840863,305.183563287343,521.007798440312,3334,0.582395348483108,6.74535672685477,694.552532123961,363.274754346183,2646,0.753235347652743,2.03640928468338,,,,,,,,,,,154.683817188847,1005.48807128485,3479,0.321917428271774,1.13037924590067,,,,,,122.273295028728,309.043967024731,4003,0.0724443733280937,35.2932797797477,,,,,,499.688747007183,390.465283320032,5012,0.208737733713401,66.362124743035,71.2010504814707,805.485847680187,3427,0.517516042251631,3.02955940759706,43.9496054519369,621.219512195122,5576,0.234464719637624,2.5444170164752,697.495135135135,145.073513513514,925,0.666083184504495,6.10340447506455
,,,,,,,,,,166.16368286445,93.9624893435635,1173,0.774295782146291,1.27924154719226,245.453737584945,725.074228959749,1913,0.815482413499888,2.12228416117367,302.362662337662,523.863961038961,3080,0.621732917872501,4.01436756635818,688.455334190231,361.564910025707,3112,0.585617331139325,6.33240793405924,,,,,,,,,,,159.107883817427,1003.45020746888,3374,0.354580190691938,4.8708576725834,,,,,,124.389059080963,299.691684901532,4570,0.0570061818475115,9.58862025719278,427.777020447907,427.159201557936,2054,0.839854818143246,8.8810535616353,552.492407809111,372.622993492408,2305,0.256682413546541,55.7366477317931,90.2422557585385,802.978819168652,3777,0.246765994570494,19.2055380127994,41.8341046635813,627.939480242079,5618,0.230247817544272,7.04509149249725,695.69364664926,147.939947780679,1149,0.716858708126189,3.38552893544265
,,,,,,,,,,168.720997123682,95.1447746883989,1043,0.879485637045649,2.81738439994997,244.579473684211,725.831578947368,1900,0.958703550604672,1.15668334987349,349.320547451828,486.712767873222,5553,0.655300022212594,59.8769916414748,697.011572498298,367.001361470388,2938,0.846954125505189,10.1372687788578,,,,,,,,,,,161.133830978406,1000.92108770994,3751,0.365474603313377,3.24051055454459,,,,,,124.207975167144,294.644937917861,4188,0.0396091012545817,5.04999470307031,,,,,,555.687017001546,371.127125193199,2588,0.232418773176727,3.52748492001967,96.1356756756757,807.161891891892,3700,0.250808146965472,7.22706688274148,41.4975940117626,628.807342719658,5611,0.23663479846132,0.930819369575363,686.006106870229,156.138167938931,1310,0.630796336207744,12.6909117376763
,,,,,,,,,,166.2632524708,96.4690026954178,1113,0.7267125242905,2.79178949660314,244.500539374326,726.39644012945,1854,0.951934849457488,0.570349700008213,310.40696241528,518.815465187924,3246,0.673183126880447,50.4465090494474,690.626854412874,364.725421171737,3977,0.605421866645852,6.77823939333533,,,,,,127.186985172982,190.594728171334,1214,0.698006474369678,54.9730875195529,161.766578947368,1004.92578947368,3800,0.298488945300635,4.05438111291107,,,,,,120.229278794403,324.431646932185,2787,0.127862170972278,30.0512571905155,396.290947623373,443.253708749622,3303,0.953979230858811,35.3610795035315,560.452476038339,369.378194888179,2504,0.226668855558663,5.07625423350448,94.6537567776917,806.378776142525,2582,0.267078627621663,1.67611273400928,42.4337638376384,626.589298892989,5420,0.283524624158569,2.40751580678183,678.057446808511,149.259574468085,1410,0.469398843558201,10.5117194080666
,,,,,,,,,,163.899262899263,92.4938574938575,1221,0.948500957451566,4.62495687199592,243.889983579639,725.789819376026,1827,0.998396565010373,0.860678288857191,348.81624891962,486.385825410544,5785,0.807024426841048,50.2688255866694,696.887606318347,371.184386391252,3292,0.864205035937643,8.99529021926367,,,,,,116.375583203733,188.227060653188,1286,0.358506469849745,11.0676222386371,164.148730964467,1004.35685279188,3940,0.198826244707733,2.4491502976484,,,,,,114.678829342455,318.071835803877,2631,0.114278349086671,8.44124912002809,,,,,,574.624289195776,366.939886271324,2462,0.165222107974072,14.3800430138556,119.108684738956,810.655371485944,3984,0.242379342614893,24.8260502158915,44.2370577653408,623.688586847891,5003,0.32908298632043,3.41555256997501,654.453507340946,129.575040783034,1226,0.261453886275937,30.7347820032345
,,,,,,,,,,165.104347826087,91.1304347826087,1265,0.904301173633038,1.81965688260383,244.21451787649,725.5872156013,1846,0.990268538278409,0.382584368951224,345.959670027498,486.52832263978,5455,0.406573881374086,2.86013084093306,691.849287749288,375.489743589744,3510,0.846996223422876,6.62727354271266,,,,,,120.286021505376,192.25376344086,930,0.515158249338316,5.61300837797423,169.063970103319,1006.5719938448,4549,0.141359525888348,5.39132874868993,,,,,,118.462541930675,310.868058143869,2683,0.334587369480839,8.13700765177719,,,,,,586.544584768465,361.128205128205,2613,0.263627923347893,13.2615641705482,131.489952351357,803.070229956495,4827,0.362644869251951,14.519991725606,44.4871993793639,626.75155159038,5156,0.351360751364919,3.07316186374809,641.289831865492,126.357085668535,1249,0.760439297718584,13.551294666636
,,,,,,,,,,166.356331877729,91.9528384279476,1145,0.789774296992426,1.49793585357764,244.890038105607,725.586281981492,1837,0.986130411749802,0.675520874283388,357.023502785515,489.44167827298,5744,0.491006672982406,11.4409805673677,694.172949002217,375.608489071904,3157,0.910806894112619,2.32669338502072,,,,,,87.8679245283019,218.316400580552,689,0.703498479492243,41.595601525765,173.953717026379,1008.80743405276,4170,0.0877620405209149,5.37650610479704,,,,,,114.734574284729,310.483281627025,2901,0.171098221806756,3.74777210314723,,,,,,591.749735262972,361.865513589834,2833,0.635243454472995,5.2571109402459,136.401608910891,800.947194719472,4848,0.65698339813983,5.35085495752364,45.7665797317437,627.450819672131,5368,0.367206643471508,1.45800889442118,625.46273830156,128.892547660312,1154,0.263783367546635,16.0288944781986
,,,,,,,,,,166.645994832041,91.6881998277347,1161,0.765136643957132,0.39234960917968,244.587212563096,726.046550757151,1783,0.974316017707441,0.550954313027893,346.381440364361,503.022772559066,3513,0.595873355435839,17.2539738780172,689.101544622426,379.49828375286,3496,0.949313399784852,6.39137270415116,,,,,,63.067044381492,226.582625118036,1059,0.481479614404168,26.1421905004255,180.016997845344,1007.62317452717,4177,0.127474778347967,6.17785115663721,,,,,,109.273635390653,306.801997859436,2803,0.167011340707217,6.58587152792636,383.48434564809,462.733249843456,3194,0.869451658833109,23.3122623393722,596.280821917808,354.31404109589,2920,0.397687891759286,8.80655909538015,143.857997698504,803.140391254315,4345,0.919641695814896,7.77224837434374,49.3907389162562,623.271724137931,5075,0.388782816915708,5.53166966463629,619.527204502814,124.370544090056,1066,0.191429724042039,7.46184144601419
,,,,,,,,,,164.955813953488,92.3341085271318,1290,0.682238366259775,1.8093947745539,244.29162132753,726.133841131665,1838,0.967251114550892,0.308210622831573,360.614128215598,488.311147407105,4898,0.453983061848591,20.4695216867072,667.194717444717,402.414004914005,1628,0.76775772334229,31.7023556432216,,,,,,,,,,,180.024848150193,1010.65157371618,3622,0.0718439790822706,3.02840936388392,,,,,,83.7114267269206,280.319130621907,4647,0.386495706145752,36.8071836587481,,,,,,602.257208765859,349.774702037678,2601,0.458080050012417,7.50485168694043,154.592074090028,807.654318328667,4643,0.655362693479254,11.6445666991793,48.1778340475263,625.73782625633,5134,0.421104945965572,2.74823541185282,618.77593722755,125.676547515257,1147,0.204730071732932,1.50666766923542
,,,,,,,,,,164.788879235447,92.5586446568201,1151,0.888697081940176,0.279792197215772,243.546232876712,727.092465753425,1752,0.948502019129983,1.21431672477008,361.562521769418,485.48833159178,5742,0.901358618799728,2.97787499069001,662.617483296214,404.897550111359,1796,0.983715875056606,5.20759725761566,,,,,,41.5380011968881,232.731298623579,1671,0.338800755395787,22.3898612394607,179.79977753059,1014.86429365962,2697,0.0234954305575966,4.21872801987646,,,,,,107.263506063947,315.276001470048,2721,0.110963606645649,42.1507207600441,,,,,,601.145405195812,351.371849554091,2579,0.340401965861892,1.94601833690053,161.294707035504,803.582008277064,4591,0.869199198297953,7.84276721305501,49.3735028560899,628.913948774645,5427,0.386349260296689,3.39372629289979,619.226905829596,126.863677130045,1115,0.206728276264696,1.26990133567039
,,,,,,,,,,166.592727272727,91.5272727272727,1100,0.795209283637097,2.07788252763641,244.521367521368,728.227564102564,1872,0.880679698864045,1.49644105711712,364.37074829932,512.619387755102,2940,0.843354025031984,27.2760030939393,660.737094199042,408.559340074508,1879,0.912030378406191,4.11637812779415,,,,,,,,,,,197.923950773115,1009.94730198801,3169,0.0709117961753286,18.7793094341557,,,,,,74.8413276231263,279.015631691649,4670,0.427529572727608,48.6416701123085,382.054303556883,465.830029866956,3683,0.632701955974906,3.41102138612055,606.506550218341,351.582241630277,3435,0.213837765031048,5.36527173387344,152.500854283622,801.008298755187,4097,0.417393428697867,9.16274123419321,54.7461246985877,602.798139855322,2903,0.896067720755517,26.6627181842565,622.939814814815,133.62037037037,1512,0.252595115578696,7.70964309656266
,,,,,,,,,,160.649415692821,91.0066777963272,1198,0.530848610263198,5.96606835512045,243.553660982949,729.571715145436,1994,0.736492987181593,1.65626023636165,,,,,,655.379596678529,412.531435349941,1686,0.816936815742847,6.66935683251541,,,,,,25.991186440678,192.728813559322,1475,0.280029604649306,42.9173887879959,192.452044325564,1013.02827665266,2617,0.044686092020968,6.27966281379384,,,,,,91.6812678062678,306.155626780627,2808,0.220009679023919,31.9399893362777,371.416732594937,487.969541139241,5056,0.458612262657451,24.5624891927924,601.846369585541,353.608600810221,3209,0.271583272975852,5.08167443432483,159.568675286655,796.240058550866,4099,0.620042443308317,8.52585528712612,57.8546751783703,600.38002253098,2663,0.733583981067191,3.93832165771658,620.191106906339,127.409649952696,1057,0.264384010470375,6.7917923461066
,,,,,,,,,,161.004095004095,88.2285012285012,1221,0.856910788955626,2.80072534459609,237.452888716557,739.377665761923,2579,0.482303185371379,11.5488566420819,,,,,,642.312053115424,418.719101123596,1958,0.840452961243733,14.4584889424902,,,,,,24.3143495254048,152.713009491904,1791,0.26018734993051,40.0509220518381,201.117150573937,1009.48818365969,2962,0.0726979265689848,9.36035921823729,,,,,,86.820640569395,306.900355871886,2810,0.13755139076387,4.91734873231476,372.487751769189,477.844492832517,5511,0.255010820597433,10.1815364894059,602.587608261159,351.83744170553,3002,0.20123509305749,1.92001024694263,158.835103692463,783.889984825493,3954,0.889765602314023,12.3718409424771,51.615411558669,625.173905429072,5710,0.382799874709601,25.5668738738316,624.001471670346,141.205298013245,1359,0.164300479018549,14.3121900855637
,,,,,,,,,,160.407251264755,91.2706576728499,1186,0.960594263235484,3.10015133196447,242.990226337449,728.146090534979,1944,0.757284773411638,12.5223955378451,368.827923521565,526.00711427301,2249,0.504932043775399,14.1101960397473,627.603024574669,429.020793950851,2116,0.595168065145469,17.9577391594781,,,,,,17.8323765786452,125.86337543054,871,0.755480518452079,27.6209851835828,199.839478791239,1007.72636540061,3607,0.0779731125886111,2.1763383841505,,,,,,69.7481146304676,290.940271493213,3315,0.264541818612843,23.3708244465129,358.076594228714,450.008550053438,2807,0.37467853300848,31.3451937632637,597.908543470079,353.377869777945,2657,0.230126616907319,4.92611063268081,154.398089972355,779.639859261121,3979,0.807079856338633,6.14415641608844,52.459687123947,627.148014440433,5817,0.435210724078175,2.14706954215831,627.912691996766,146.843168957154,1237,0.158263894495818,6.86172232183604
,,,,,,,,,,160.191693290735,91.8849840255591,1252,0.538618918501171,0.651046932100024,238.945505171042,734.784009546539,2514,0.686853143903901,7.7731421007212,370.853686635945,521.138248847926,2604,0.596416838391733,5.27347766878347,611.516268130145,440.532340258722,2551,0.425784988000567,19.7812899302272,,,,,,18.1916167664671,106.426860564585,1169,0.852837074970389,19.4398344552369,202.640763145649,1004.60330386226,4298,0.097656381088316,4.1953197025462,,,,,,62.8375722543353,290.278901734104,3460,0.217965048176751,6.94211825674151,361.047220361688,429.521768251842,2986,0.410775250554771,20.7010349549994,593.825765220316,356.488059199462,2973,0.218092470783818,5.13248053814644,155.417523124358,769.868961973278,3892,0.449148445813726,9.82393392490855,54.5549450549451,627.425480769231,5824,0.51305842107601,2.11354994287488,632.725663716814,160.165191740413,1695,0.0894526268400807,14.1647798364691
,,,,,,,,,,160.234817813765,95.1570850202429,1235,0.876907492412571,3.27238516130015,,,,,,371.40560904144,514.968187526162,2389,0.783392513884467,6.19469733368988,604.14144898965,442.267126663381,2029,0.301407744479761,7.57610990052287,,,,,,17.4379661016949,90.68,1475,0.274013874917771,15.7648852506131,205.196388261851,1007.14356659142,4430,0.0847745609742939,3.60335322550037,,,,,,63.0167286245353,295.436431226766,2690,0.257549564328247,5.16064021926147,356.128031809145,432.499801192843,2515,0.643685138006091,5.75039965681995,583.693062368605,361.841625788367,2854,0.236992617369793,11.4600323866432,184.294117647059,748.754570135747,5525,0.136982174873773,35.7725488873428,54.5062575004286,628.364306531802,5833,0.512032604466268,0.940087384465962,636.716790289953,161.770734996628,1483,0.0994567389621984,4.301960073082
,,,,,,,,,,159.70134529148,95.0529147982063,1115,0.817189910346969,0.54354794378479,,,,,,357.888466413181,516.251901140684,3156,0.399087386167325,13.5779624935703,600.111940298507,444.501658374793,2412,0.349517329773617,4.60761025492593,,,,,,11.4008097165992,91.9692307692308,1235,0.214099094991758,6.17327896619239,207.87364355343,1002.14732389185,5437,0.145610293833755,5.66834517379587,,,,,,57.8426363923053,292.179438662882,3171,0.234606279320833,6.1138556565244,354.917995444191,431.131793036121,3073,0.566149285352549,1.82637190116586,572.205128205128,362.809342472709,3939,0.26702779832885,11.5286212066119,178.806610552248,749.923219051529,4871,0.0846270765117027,5.61056809993066,48.5229226361032,653.832378223496,3490,0.522740804463207,26.1614787768564,637.160515524312,175.562390158172,1707,0.0414394303591096,13.7987914028202
,,,,,,,,,,158.928965517241,93.4668965517241,1450,0.863360818675244,1.76409307969475,,,,,,346.90531229162,506.011335852412,4499,0.487194783833729,15.0166191894626,604.84979253112,446.826141078838,2410,0.3711196203739,5.27735384634019,,,,,,,,,,,217.684083462666,998.857734092085,5799,0.18312067279165,10.3472765626255,,,,,,55.3176927674836,294.56455469217,3346,0.273405532159479,3.47334403445603,358.749520521672,431.706175680859,2607,0.804161282609831,3.87433863284342,562.633891721292,374.401068220442,4119,0.276648909775375,15.0325205351658,179.171843119474,749.791657220585,4411,0.0693588067927364,0.388205285286047,46.1278563656148,660.959194776931,3676,0.625196139005804,7.51850095606547,631.772985244041,175.657207718502,1762,0.0481349923066376,5.38836458404415
,,,,,,,,,,163.053921568627,93.1967787114846,1428,0.760324963136619,4.13379076314734,,,,,,336.647878198899,511.02332361516,3087,0.555074420563389,11.4164344477807,605.583884297521,451.106198347107,2420,0.612285202529728,4.34255465609373,,,,,,,,,,,252.532694475761,993.741544532131,3548,0.840501969114328,35.2221675249464,,,,,,59.481684981685,294.689865689866,3276,0.212604817940939,4.16587733929764,367.136167146974,460.854707012488,4164,0.962837128765884,30.3310520821258,570.909798200827,370.40384147824,4113,0.209519780212079,9.19067188439385,183,747.918437832094,3764,0.047658685830928,4.26189347348546,51.6087587708686,659.055891604162,4133,0.489904989564011,5.80196985026575,617.433310297167,190.689011748445,1447,0.0923782976228572,20.7745375394168
,,,,,,,,,,164.842732327244,92.5202541699762,1259,0.61895595564713,1.912466832498,,,,,,333.473492379059,512.297879390325,3018,0.45042077385896,3.42070427795265,597.003470715835,454.592190889371,2305,0.955696202880933,9.2615139819302,,,,,,,,,,,260.359712230216,982.879856115108,4170,0.488320897219866,13.3879976918522,,,,,,56.9870588235294,287.219705882353,3400,0.310014677921391,7.87568709502433,355.2318803852,464.609984794729,3946,0.489725871515411,12.482554006626,555.363211031766,376.277517852746,4061,0.270299356609177,16.6191590267873,181.637113402062,744.072680412371,3880,0.0487285507268856,4.08011151933246,51.2917289486796,659.279023418037,4014,0.465318522949337,0.387679912454157,619.86360373295,209.843503230438,1393,0.118867156051452,19.3080519503587
,,,,,,,,,,162.841013824885,94.2511520737327,1302,0.926971502808988,2.64629637718746,,,,,,321.454205607477,520.268224299065,2140,0.430941853805887,14.4218463610532,593.819199057715,455.611896348645,1698,0.960190860114386,3.34355876520542,,,,,,,,,,,271.535464803869,973.605051047824,3722,0.250564251474147,14.523066295505,,,,,,44.4202586206897,285.302801724138,2784,0.646693575566182,12.7121590963091,357.674359624651,473.619071772762,3943,0.724597774553569,9.33431052691698,547.174247080516,373.586355255071,3254,0.111010266704977,8.61983101470009,188.195563339171,743.860186806772,3426,0.0514495243904593,6.56189142778117,50.0353565114909,653.894225103123,3394,0.501162749764914,5.52942353172781,628.303391384051,238.735105407883,1091,0.367540978319089,30.0990812480283
,,,,,,,,,,165.30671641791,94.7664179104478,1340,0.924335057197915,2.51896569244981,,,,,,324.317858353101,512.239579803456,2951,0.832477021424915,8.52406238154042,588.50187090739,452.444340505145,2138,0.63700198352985,6.18929629925175,,,,,,,,,,,270.392064559516,976.554808338938,4461,0.296075780218192,3.16361062636752,,,,,,37.9592037355616,291.445318260015,4069,0.231156035558785,8.91491669182376,349.509651397292,471.893978680496,3471,0.653333765518573,8.34496294868322,552.036803713528,373.514920424403,3016,0.160103339899446,4.86308132198898,190.697907709946,744.276870163371,3489,0.0623626563935686,2.53679963134921,49.678955453149,654.79846390169,3255,0.596374546475242,0.971941108925991,623.890670553936,224.425655976676,2058,0.131056880688195,14.9743930811498
,,,,,,,,,,165.044839857651,88.5274021352313,1405,0.87571513924509,6.24450936232886,,,,,,317.818645302258,518.42061179898,2746,0.383518809145377,8.96910958846726,593.640102827763,452.042673521851,1945,0.626533959425039,5.15390760811764,,,,,,,,,,,279.127838734371,961.014799693799,3919,0.134115576857396,17.8271034979055,,,,,,32.4542586750789,288.059650129051,3487,0.211687849455334,6.46275241765908,335.602067868505,469.846235418876,3772,0.625091810453908,14.0575293731046,585.233941852603,365.482533243182,4437,0.0720225935543021,34.1550761154749,195.621077560687,743.916222616933,3378,0.084896672742809,4.93636182142262,45.4838805087252,663.499556344277,3381,0.674977710461633,9.65958919850002,623.715771230503,279.986135181976,1731,0.21832343499282,55.5607544881802
,,,,,,,,,,165.233220338983,91.0189830508475,1475,0.987305930315392,2.49869219088894,,,,,,,,,,,600.62369519833,447.92745302714,1916,0.520971533664721,8.10589921713333,,,,,,,,,,,277.941324603374,953.942583732057,3971,0.0674957196756461,7.17105671380258,,,,,,35.3891820580475,285.85092348285,3032,0.296724072295657,3.67317963915936,326.408142319535,493.396168320219,5846,0.479757723689078,25.2809732142132,579.631854763242,344.495227400337,5343,0.590077297254767,21.7221174450818,198.244728244728,746.135135135135,3367,0.0959595068687363,3.4361483779524,,,,,,,,,,
,,,,,,,,,,163.654996353027,93.8366156090445,1371,0.965498713176983,3.22952692864745,,,,,,303.547691143073,532.432248296745,2642,0.626252151316068,19.9996522459524,603.207547169811,428.195185426155,1537,0.291123352802972,19.900720481616,,,,,,,,,,,278.087270341207,967.156496062992,3048,0.095769073055786,13.214718281069,,,,,,44.7557729941292,295.989823874755,2555,0.319429630546925,13.803272326549,336.548297040759,477.174762702401,3582,0.820310316650777,19.1299957655028,583.925555747027,342.302257453042,5803,0.66954700084923,4.82130535518161,186.675029868578,745.69743130227,3348,0.108500500538293,11.5779750025811,46.2066115702479,665.185797367616,3267,0.641919829103389,1.83459776956158,,,,,
,,,,,,,,,,167.639269406393,92.0281582952816,1314,0.990679436777039,4.3754942143121,,,,,,308.010498687664,529.389951256093,2667,0.726709304918439,5.40113159102922,615.663799283154,411.640860215054,1395,0.973560900318771,20.7172367825938,,,,,,,,,,,277.327292340885,941.115857605178,4635,0.0699895158682605,26.0517258133038,,,,,,58.1489361702128,315.248226950355,2679,0.226925826355077,23.4576833656577,337.396152690111,477.018034265104,3327,0.548440015303115,0.862219812574186,542.48115942029,375.058333333333,2760,0.192229351599471,52.8261156433362,186.263769077638,745.286662242867,3014,0.161012179983222,0.581262985513606,45.8738203425376,655.979377839916,2861,0.874302956696822,9.21243238896479,,,,,
,,,,,,,,,,166.330703012912,91.1492109038738,1394,0.719339236526749,1.5763548214182,,,,,,290.22406277245,532.847863993025,2294,0.857711171929616,18.1194498553973,613.425391778333,365.04406086759,4403,0.430890297096294,46.6505324469658,,,,,,,,,,,276.199142986017,938.12449255751,4434,0.074909688747808,3.19702765319549,,,,,,52.676906779661,304.453036723164,2832,0.303853310661238,12.1028607234941,336.338425072426,487.405846721096,3797,0.821683125120702,10.4415245694331,533.857888847445,377.741887355464,2681,0.260440495426464,9.03118251184125,185.226697736352,743.980026631158,3004,0.173240583802201,1.66817672586006,45.9660330320972,657.772826425678,3209,0.961198926268242,1.79581764382867,,,,,
,,,,,,,,,,166.7889485802,89.6999232540292,1303,0.809500174576656,1.52000779337814,,,,,,,,,,,613.83186660491,363.113941639648,4318,0.74733665116785,1.97245583441386,,,,,,,,,,,278.296737766625,929.165621079046,4782,0.0526450310183498,9.20115655943662,,,,,,55.0821036700719,319.70298902762,2643,0.363364202887695,15.4384590348206,323.947884416925,499.572927416581,5814,0.528367946266623,17.3655794716464,518.760136415309,383.190602500947,2639,0.162988058878446,16.050876151746,182.607509627728,743.941912708601,3116,0.166264846849119,2.6194654071868,49.221688194653,655.830279363172,3329,0.724664569700425,3.79114489666716,,,,,
,,,,,,,,,,,,,,,,,,,,,,,,,,,,,,,,,,,,,,,,,,,,,,,,,,,,,,,,,,,,,,,,,,,,,,,,,,,,,,,
