1,,,,,2,,,,,3,,,,,4,,,,,5,,,,,6,,,,,7,,,,,8,,,,,9,,,,,140,,,,,150,,,,,605,,,,
Velocity(pixels/frame),Tortuosity(pixels/pixels),Mean Area(pixels.^2),Mean Covarience,,Velocity(pixels/frame),Tortuosity(pixels/pixels),Mean Area(pixels.^2),Mean Covarience,,Velocity(pixels/frame),Tortuosity(pixels/pixels),Mean Area(pixels.^2),Mean Covarience,,Velocity(pixels/frame),Tortuosity(pixels/pixels),Mean Area(pixels.^2),Mean Covarience,,Velocity(pixels/frame),Tortuosity(pixels/pixels),Mean Area(pixels.^2),Mean Covarience,,Velocity(pixels/frame),Tortuosity(pixels/pixels),Mean Area(pixels.^2),Mean Covarience,,Velocity(pixels/frame),Tortuosity(pixels/pixels),Mean Area(pixels.^2),Mean Covarience,,Velocity(pixels/frame),Tortuosity(pixels/pixels),Mean Area(pixels.^2),Mean Covarience,,Velocity(pixels/frame),Tortuosity(pixels/pixels),Mean Area(pixels.^2),Mean Covarience,,Velocity(pixels/frame),Tortuosity(pixels/pixels),Mean Area(pixels.^2),Mean Covarience,,Velocity(pixels/frame),Tortuosity(pixels/pixels),Mean Area(pixels.^2),Mean Covarience,,Velocity(pixels/frame),Tortuosity(pixels/pixels),Mean Area(pixels.^2),Mean Covarience,
2.71872163468818,2.15472202302431,2349.67058823529,0.77594242376728,,1.08325920273634,5.66498429393015,1309.92941176471,0.805046637637298,,2.22987149439905,22.1223638130388,1077.18823529412,0.441762583524441,,1.94568750581312,14.4117675059609,1374.92941176471,0.793918799143384,,1.05734499162004,8.79306772269454,4986.69411764706,0.910807149442452,,2.43152693158259,7.46532657331042,1141.83928571429,0.509019672807683,,4.650930878814,8.05127327648023,1830.77647058824,0.772455773706874,,6.7913782519636,26.6219187581917,2029.53658536585,0.677410307076805,,7.55465230109464,8.78314310700551,3585.82352941176,0.239082644552644,,1.70069510905326,5.42846721677243,1468.08196721311,0.773482634177296,,1.82772337040029,4.61324761417238,989.394366197183,0.462350709180549,,6.91554588245543,21.6699613744281,1965.62068965517,0.624375561932284,
x(Pixel Position),y(Pixel Position),Area(pixels.^2),Covariance,Pixels/Frame,x(Pixel Position),y(Pixel Position),Area(pixels.^2),Covariance,Pixels/Frame,x(Pixel Position),y(Pixel Position),Area(pixels.^2),Covariance,Pixels/Frame,x(Pixel Position),y(Pixel Position),Area(pixels.^2),Covariance,Pixels/Frame,x(Pixel Position),y(Pixel Position),Area(pixels.^2),Covariance,Pixels/Frame,x(Pixel Position),y(Pixel Position),Area(pixels.^2),Covariance,Pixels/Frame,x(Pixel Position),y(Pixel Position),Area(pixels.^2),Covariance,Pixels/Frame,x(Pixel Position),y(Pixel Position),Area(pixels.^2),Covariance,Pixels/Frame,x(Pixel Position),y(Pixel Position),Area(pixels.^2),Covariance,Pixels/Frame,x(Pixel Position),y(Pixel Position),Area(pixels.^2),Covariance,Pixels/Frame,x(Pixel Position),y(Pixel Position),Area(pixels.^2),Covariance,Pixels/Frame,x(Pixel Position),y(Pixel Position),Area(pixels.^2),Covariance,Pixels/Frame
279.009421950598,125.132161955691,3927,0.736458361480171,0,328.64279661017,991.873305084746,2360,0.546837758740792,0,374.816375677303,307.443708609272,1661,0.261320379722808,0,400.683846637335,405.424261470773,1591,0.823782170931067,0,435.707340143776,939.38989784336,5286,0.860913686860841,0,777.271631982475,149.884264330047,2739,0.113424011571625,0,896.379702874783,403.755354042061,5183,0.808365892534897,0,880.453288740245,135.567001114827,4485,0.485499878062426,0,936.819661315153,179.468880580603,4547,0.514015326802884,0,,,,,,,,,,,,,,,
270.504909983633,117.233769776323,3666,0.887487019744481,11.6065207024051,326.955085183273,995.849251419721,1937,0.628908595253496,4.31931928885575,376.608938547486,308.166201117318,1432,0.21821938155897,1.93268648977104,403.331942789035,408.465435041716,1678,0.804992304341417,4.03251161402535,437.59625023204,940.656023760906,5387,0.935466035191685,2.27399563777677,779.561648620328,149.211666084527,2863,0.12679337407116,2.38674770378462,899.598175409496,408.563549657889,4823,0.935072575680998,5.78595804830779,882.86612442295,136.494834029457,4549,0.492569037208274,2.58508219389711,939.138595006348,181.253914515446,4726,0.534584923002509,2.92639703606727,,,,,,,,,,,,,,,
265.288440265487,111.177544247788,3616,0.971614563090465,7.99308601059847,330.561571125265,996.644373673036,1884,0.723729450107703,3.69309629545513,378.308788598575,311.086302454473,1263,0.2609604451576,3.3788284974886,409.919808497905,412.285457809695,1671,0.66275400807504,7.61528387822743,439.928204186559,942.667829599706,5446,0.976868951847518,3.07983310895691,783.088598901099,151.78021978022,2912,0.155246925205014,4.36312346498304,902.502193488802,413.978988686216,4331,0.933379114016894,6.14494107981954,883.650227272727,139.412272727273,4400,0.608763337034151,3.02097100855691,940.607713828937,181.104716227018,5004,0.50318319617036,1.47667540243458,,,,,,,,,,,,,,,
273.314809590973,107.753455571227,3545,0.884859379639072,8.72622414415653,327.928313253012,998.755421686747,1660,0.722422122066211,3.37499196117224,376.977951635846,312.096728307255,1406,0.242317810299376,1.6709540464456,409.167754569191,414.27088772846,1532,0.674221740580556,2.12309139558841,439.914226336671,944.846589835632,5293,0.977905525381261,2.17880507295601,784.113080467919,153.598723856788,2821,0.167865581527936,2.08722772050663,900.857396599848,413.468155290535,3941,0.982333715407294,1.72229717646367,881.565114068441,141.721245247148,4208,0.773649491084696,3.11111735108616,940.852671755725,179.566984732824,5240,0.484152876614482,1.55711994853715,,,,,,,,,,,,,,,
278.95778525543,108.100948302233,3269,0.873627262915927,5.6536647891214,329.010862619808,999.568051118211,1565,0.680835059656248,1.35361727398559,379.292569659443,313.066563467492,1292,0.294706525527958,2.5095889769423,409.780066445183,414.512956810631,1505,0.813566902661584,0.65842484311003,442.183815245963,945.420015020653,5326,0.948457063096913,2.34090799904627,786.050751879699,154.522932330827,2660,0.153095509094488,2.14679570604993,905.27710533093,416.732165851146,3883,0.973719803549904,5.49432345310859,883.241057127603,141.780298985585,3746,0.58884448074932,1.67698314886451,941.286575875486,181.510700389105,5140,0.536699637343307,1.9915580176375,,,,,,,,,,,,,,,
284.247318611987,107.003470031546,3170,0.883660519081419,5.40218675026759,329.150470219436,999.72789968652,1595,0.677812749394202,0.212230644969899,379.465789473684,309.849122807018,1140,0.420534306699959,3.22210017034261,411.45118428654,411.744656268053,1731,0.795106043685114,3.23359285219079,442.418345806947,945.799654576857,5211,0.947122334892398,0.446240716059665,785.99591503268,154.270016339869,2448,0.140708245529736,0.258792539060163,904.009450171821,414.730240549828,3492,0.951805064819203,2.36952622151994,883.516290726817,139.865497076023,3591,0.589799506910446,1.93448181356038,941.608164822587,180.294162533384,5242,0.567982915932989,1.25832579457749,,,,,,,,,,,,,,,
286.982640026204,97.7785784474288,3053,0.79295078922747,9.62188172748881,329.9226342711,998.769181585678,1564,0.607076919351475,1.23100679103138,379.333925399645,309.373001776199,1126,0.398439543520548,0.49404389482114,407.743303571429,410.876488095238,1344,0.785951680676663,3.8081616790495,442.142089093702,945.036290322581,5208,0.857965204225149,0.811814483930392,784.985745140389,154.659179265659,2315,0.128027473671034,1.08253914206375,902.994615614717,414.221657194137,3343,0.850810694499267,1.13514149249271,882.647266313933,138.559670781893,3402,0.592397261640671,1.56856167893736,942.39706701318,180.449786523111,5387,0.612025282413693,0.804105398875692,,,,,,,,,,,,,,,
289.103869653768,96.8645621181263,2946,0.8673045449338,2.30977076418577,330.760347129506,999.767690253672,1498,0.648536205145409,1.30337346650836,379.820419325433,310.552415679125,1097,0.403122630599466,1.27581091633669,407.843045843046,411.977466977467,1287,0.766715937734297,1.10548768417444,444.103773584906,946.96501572327,5088,0.951699830428753,2.75103393550406,786.135857461024,155.772383073497,2245,0.120188938637681,1.60061896398326,903.68480052753,415.796571051764,3033,0.845481488535101,1.71950832298662,881.281699346405,139.212418300654,3060,0.60262584630988,1.51355623154571,938.684548545523,180.706837929732,5294,0.639707607660422,3.72140683053284,,,,,,,,,,,,,,,
289.657922722439,88.3924140375753,2821,0.922105636449343,8.4902454559151,331.568588469185,998.737574552684,1509,0.674335298755577,1.30934808992389,380.303751143641,309.779505946935,1093,0.374117208914261,0.911591520696806,409.735049205148,411.153671461014,1321,0.824301705351939,2.0635686989126,444.301167911162,946.462952326249,5223,0.948698334396094,0.539473979601158,786.653613053613,154.538927738928,2145,0.1215577365259,1.33771555871693,905.269486404834,415.148640483384,3310,0.929848990356805,1.71202901586578,880.955479452055,138.643493150685,2920,0.68859050024562,0.655816472602608,938.445034116755,179.004548900682,5276,0.639607222315362,1.71905645631847,,,,,,,,,,,,,,,
293.659871244635,85.0253934191702,2796,0.943186125114866,5.2299540934003,332.242363877822,1000.05976095618,1506,0.658775262504844,1.48396434824485,381.386809269162,311.476827094474,1122,0.354851399343241,2.01343338135143,410.367125271542,412.018826937002,1381,0.871593887460041,1.07145422269958,444.210974643423,947.263074484945,5048,0.905794975023307,0.805189601510552,786.437705688764,156.408086506817,2127,0.125641808863617,1.88158722619336,902.457349081365,413.542322834646,3048,0.937750361134131,3.23857572316829,875.794052374612,138.786506879716,2253,0.838943251341491,5.16340802207753,936.759705993215,179.292687523558,5306,0.679353557354565,1.70978207675343,,,,,,,,,,,,,,,
294.746983546618,76.9100548446069,2735,0.872134828390932,8.18782836513548,333.033134526176,999.420145791915,1509,0.692786716408521,1.01706724293435,382.650980392157,312.534117647059,1275,0.300639987544814,1.64802668085148,411.376250833889,409.321547698466,1499,0.899306101295359,2.87986973511345,445.397044526541,947.489791950224,5143,0.917582602235603,1.20754402681707,786.824431026475,156.758941012541,2153,0.117052204426576,0.522164122680121,905.985497692815,416.182926829268,3034,0.950891575671039,4.40688348846362,875.716894977169,136.43196347032,2190,0.830334025131895,2.35580727792231,934.999814746202,179.975731752501,5398,0.798678066988123,1.88779411483469,,,,,,,,,,,,,,,
296.843204252088,72.3170083523159,2634,0.920102625674139,5.04878374723945,332.479791395046,1000.43285528031,1534,0.62874386070842,1.1540230191206,383.147580645161,313.065322580645,1240,0.291626505755766,0.727179821468184,408.134096484056,410.064595257563,1223,0.755220576141474,3.32621173457534,445.371856287425,947.094011976048,5010,0.955873679608593,0.396580679494379,786.925596630791,156.2966775854,2137,0.122073804312926,0.473203925985792,906.110849848841,415.427947598253,2977,0.93239112772845,0.765314838667363,876.223004694836,136.842723004695,2130,0.883752139300257,0.651820866033639,936.019315895372,177.519919517103,4970,0.693187819929512,2.65902168638971,,,,,,,,,,,,,,,
297.922843025466,66.404028886355,2631,0.886296696090609,6.0107358988609,331.542915531335,998.858310626703,1468,0.64556461945752,1.83219192504902,381.752854812398,312.404567699837,1226,0.286222589353041,1.54332665404608,410.802109181141,407.326923076923,1612,0.524946870874677,3.82271379002705,444.567567567568,947.410174880763,5032,0.906604275566434,0.864198661887471,785.519398642095,156.942289039767,2062,0.117226061685412,1.54732250465823,904.249647390691,413.606135401975,2836,0.92225110386384,2.60443357925158,883.277081798084,142.041267501842,2714,0.71667615483231,8.76269756795216,934.268353853169,177.890332877337,4386,0.569823609942939,1.78971342138228,,,,,,,,,,,,,,,
296.130502532139,60.2294507206856,2567,0.958565141978553,6.4294556509848,332.404844290657,1000.00553633218,1445,0.65603188601649,1.43493832810126,382.766348773842,313.571525885559,1468,0.383069622050807,1.54562654516095,406.338260869565,407.940869565217,1150,0.985764212132541,4.50587084138579,444.204258675079,946.072160883281,5072,0.926085410806594,1.38646125399162,786.030135610246,155.758915118031,1991,0.116449552168712,1.28888559976484,934.906400550585,439.834136269787,1453,0.51140922805486,40.345316256396,880.162916291629,139.373537353735,2222,0.972344924072328,4.10058665860292,932.395725692813,174.886331611085,4258,0.590647379514479,3.53988133058167,874.572740112994,384.546610169492,1416,0.910161447429311,0,,,,,,,,,,
292.070385623362,56.3788843129914,2671,0.968790823975996,5.59566001227714,331.66918325326,999.365820178449,1457,0.642465813361839,0.974902004967151,382.257825370675,310.882207578254,1214,0.281584925933893,2.73697442618179,407.326813365933,408.161369193154,1227,0.718641428772925,1.01284555781991,444.722353870458,946.610387045814,5064,0.917002172053367,0.747067623117193,800.560428849903,117.22514619883,1026,0.46818338012739,41.1822870752556,934.310034602076,437.712110726644,1445,0.662900286623262,2.20423337019757,880.036178107607,141.41094619666,2156,0.958378343114313,2.04134694761052,934.360748084723,175.783010365029,4438,0.565284456178802,2.15994115393928,874.040121120363,383.408781226344,1321,0.930416620414075,1.25631910563208,773.475355969332,195.52573932092,913,0.137085756184652,0,,,,,
289.950423216445,48.8230552196695,2481,0.894043165913975,7.84759796971221,331.830852503383,1001.06901217862,1478,0.679803152692501,1.71084772434063,382.919000757002,312.803936411809,1321,0.277560978735236,2.03228802122214,405.407103825137,407.589480874317,1464,0.676343378766458,2.00308286654535,444.739340305712,947.039621882542,4972,0.935195075307459,0.429570813771322,,,,,,935.377186843947,437.323303009097,1429,0.457114237724471,1.13577521920189,840.783867232729,128.406020841374,2591,0.179877110138382,41.3505984541293,926.54593639576,170.569125441696,4528,0.817184884410278,9.39445994869942,873.673848439822,383.793462109955,1346,0.960843677785862,0.531163871820633,773.943293347873,196.199563794984,917,0.135901239429313,0.820368704963479,,,,,
292.514308426073,41.9288553259141,2516,0.945457149965831,7.35550810911158,330.390895953757,1001.79335260116,1384,0.688003009022292,1.61187589861315,382.5625,311.408227848101,1264,0.27243357543547,1.44051906774986,406.726074895978,405.368238557559,1442,0.582977985441384,2.58333159224142,445.0686,945.417,5000,0.936091956031853,1.65569131180532,,,,,,935.30413325108,433.359654534238,1621,0.448672755603595,3.96432163928258,848.467874231032,130.551948051948,2926,0.189489035976785,7.97803027965297,945.365785326563,206.72701803537,5711,0.193648303986938,40.7624816540153,873.182476466329,382.490224475018,1381,0.840097217712928,1.39279386466605,774.074279379157,194.681818181818,902,0.147777089841269,1.52338737249412,,,,,
291.198795180723,34.9076305220884,2490,0.895623300878626,7.14340064986912,329.079822616408,1002.56836659276,1353,0.732878415041119,1.52301017169463,381.284665579119,309.595432300163,1226,0.293524181006359,2.2179018251069,408.372256365233,408.336259877085,1139,0.622159490400509,3.39397465855012,445.833431545865,946.007267727362,5091,0.904146165174187,0.966117634408816,,,,,,936.10687593423,437.839312406577,1338,0.8892984585026,4.55101422416578,846.142760027192,129.38239292998,2942,0.222535606655815,2.6026938437358,945.569703829466,209.351443123939,5301,0.197082243699853,2.63233542720799,872.523877405559,382.655737704918,1403,0.701523262675255,0.679078310740381,773.746767241379,193.76724137931,928,0.120872110820467,0.971449910225684,,,,,
291.223076923077,30.6573076923077,2600,0.931969961063463,4.25039218900638,328.882567469001,1001.87527352298,1371,0.676557271731696,0.720616122881695,381.131877022654,308.476537216828,1236,0.320965458659974,1.1292787744827,409.93300248139,405.668320926385,1209,0.779905750462277,3.09092650895484,444.65379926859,944.84559122308,4922,0.929437951531682,1.65560400162306,,,,,,935.559523809524,437.637648809524,1344,0.916984058301489,0.583320284918122,837.015391014975,122.964226289517,2404,0.228373185491152,11.1580342403994,945.894073377234,208.83537158984,5315,0.200819032880876,0.60954526642933,872.669503546099,380.704964539007,1410,0.856001154092614,1.95620114447532,773.665985699694,192.284984678243,979,0.103913184207645,1.48445632651685,,,,,
295.531931773106,31.9456564855216,2521,0.916943462093243,4.49734062881544,330.217421602787,1000.87944250871,1435,0.77109493656426,1.66538733256258,381.252282157676,308.9377593361,1205,0.287373392984849,0.47667938894475,410.712092130518,406.398272552783,1042,0.811585994168362,1.06761887312843,444.736905965622,945.280080889788,4945,0.921335864981898,0.442366356730712,,,,,,934.98233995585,437.479764532745,1359,0.958601977869099,0.598388373713968,836.543496621622,123.461570945946,2368,0.252523015498789,0.685591734019851,945.047794117647,207.570433436533,5168,0.214004003673466,1.52192546364811,873.727756653992,380.748288973384,1315,0.93050229796591,1.05913957861069,773.729910714286,194.255580357143,896,0.152477732390753,1.97163225201584,,,,,
292.991958182549,31.7716123843989,2487,0.964830583878401,2.54592953356154,329.880403458213,1003.14841498559,1388,0.702420475229877,2.29386515092128,381.520032051282,309.239583333333,1248,0.330505493090579,0.403469615748207,409.352757544225,405.484911550468,961,0.692233004380594,1.63768703910217,445.796528058135,946.923899878886,4954,0.894837923042363,1.95574534330554,,,,,,935.617805065234,439.392939370683,1303,0.99525938315152,2.01594986687798,838.118252987227,124.695920889988,2427,0.24513828884289,2.00086915998281,945.642274844721,210.30027173913,5152,0.213466007137745,2.79381898003298,874.145454545455,381.783272727273,1375,0.898053960282119,1.1160926929899,773.583941605839,193.356621480709,959,0.119848367549871,0.910732695218364,,,,,
288.560588001589,26.9642431466031,2517,0.995943888347703,6.53818328507294,329.933383233533,1003.78592814371,1336,0.83110738002802,0.63971078103418,382.235714285714,311.11746031746,1260,0.317203093479533,2.00963256049354,409.177114427861,407.772139303483,1005,0.449654156289292,2.29396192176001,445.399714925677,947.418855630218,4911,0.907769916583846,0.634383052948051,,,,,,936.239640883978,438.655386740331,1448,0.998525981580539,0.964709110567205,839.831442463533,126.656401944895,2468,0.260035756901997,2.60355605823566,945.782842854395,210.591075206771,5199,0.224575437920638,0.322995390269542,875.148611111111,383.571527777778,1440,0.78676199253202,2.05040952516239,774.676025917927,194.332613390929,926,0.157623019498677,1.46465298057975,,,,,
291.77245508982,24.9456800684346,2338,0.896251982608566,3.79350591050126,328.562734785875,1002.09090909091,1331,0.719398168150956,2.17985475581126,382.136482939633,308.473315835521,1143,0.329381090915448,2.6460058392637,408.812865497076,405.440545808967,1026,0.615397396782997,2.3598740447841,445.328248932276,944.463087248322,4917,0.936925558530626,2.95663222529068,,,,,,938.818959842001,435.539170506912,1519,0.982343412236776,4.04520579212517,841.476322020521,123.82044198895,2534,0.232601167958675,3.27845964268527,947.643088771788,208.955614106202,4934,0.203000914657494,2.4769432542246,874.578322197476,380.948032665182,1347,0.785360551323143,2.68476368621704,774.606575963719,190.515873015873,882,0.161646310874604,3.81737218341621,,,,,
288.52808988764,21.2040449438202,2225,0.702207963031641,4.9523468144773,329.027757487217,1003.18334550767,1369,0.817406941599679,1.18729248183761,381.295761947701,309.407574391344,1109,0.424397291733212,1.25684161110439,410.949344978166,407.364192139738,1145,0.877907521067778,2.8748843070648,445.501623376623,944.94338474026,4928,0.9330679270306,0.510631353046763,,,,,,935.056171470806,438.019955654102,1353,0.917545993421692,4.50698028317429,841.827093260722,124.907079646018,2938,0.210032564033244,1.14185019188545,949.393029603191,210.555742179299,4763,0.181073327467022,2.37122389573964,873.054,380.058666666667,1500,0.848563599580984,1.76480311679032,774.02662037037,190.517361111111,864,0.166202007297658,0.57995750248067,,,,,
293.364406779661,19.8926553672316,2124,0.623417415381174,5.01095836159395,328.848281016442,1003.49850523169,1338,0.827463568363464,0.362680927545929,382.264680105171,310.411919368975,1141,0.301738202570804,1.39553259724318,409.93166506256,408.876804619827,1039,0.999602959567281,1.82309323007563,445.081478614283,945.085349332301,5167,0.861885267687759,0.443481190937777,802.918764302059,111.16590389016,874,0.44571485587897,6.50201226237535,935.155509065551,438.550906555091,1434,0.796363397739929,0.540163694624566,864.936197916667,133.991536458333,1536,0.728730870758432,24.8305874593061,949.441941429449,209.737046897399,4883,0.184217888840199,0.82015506543126,874.659887798036,381.15427769986,1426,0.88176161096784,1.94402653169573,774.471741637832,189.828143021915,867,0.164600187286725,0.820459942484702,,,,,
294.300627240143,21.2786738351254,2232,0.624915613135079,1.67258959220977,329.756400877835,1004.01682516459,1367,0.756710173895093,1.04562767537089,382.395161290323,308.389784946237,1116,0.319493503334183,2.02633979462987,410.725123152709,408.724137931034,1015,0.981305949580957,0.808011669897189,444.855492424242,945.561553030303,5280,0.841527289544579,0.527105037046421,803.517960602549,110.979142526072,863,0.450491606691262,0.627627288792302,935.880024360536,434.196102314251,1642,0.803751389190183,4.4146622055037,904.528776074391,152.348077406384,3979,0.428023877916004,43.6409766246462,968.98991857309,252.611865063978,2579,0.141198128855288,47.1208387364396,875.203610108303,380.949458483755,1385,0.865190867461443,0.581020534893334,774.73375,188.26125,800,0.190025485449986,1.58864789175292,,,,,
295.54809948381,20.3829188174566,2131,0.673611276598704,1.53576171667309,329.737113402062,1003.22754050074,1358,0.818251950549415,0.789520289367258,383.316929133858,310.124015748031,1016,0.372310778903161,1.96397872475002,408.34778012685,408.336152219873,946,0.756602260514169,2.40879488015649,445.827432733158,945.845640299413,4943,0.92405896075477,1.01260729829754,802.846153846154,111.662721893491,845,0.393233927382165,0.958438871029286,935.157208088715,435.455968688845,1533,0.809855117128917,1.45248980879145,904.72355245973,150.565084893339,4594,0.461466933358799,1.79359977192746,966.334747396838,248.963362900116,2593,0.162493176885889,4.51237210510315,876.973943661972,383.002816901408,1420,0.714361912014282,2.71115504584208,774.769601930036,187.365500603136,829,0.200942421887768,0.896466587703629,,,,,
297.170233463035,19.8171206225681,2056,0.672057436349553,1.71797737001804,329.285501858736,1003.8750929368,1345,0.81052204422306,0.789479032983716,383.520120724346,309.226358148893,994,0.410572886604315,0.920367311313985,409.442051282051,409.705641025641,975,0.953770487838893,1.75297716762918,445.906350482315,945.448151125402,4976,0.902187390157876,0.405247645999596,801.813477737665,111.824308062575,831,0.396513693995688,1.04524161564772,933.770106761566,437.37793594306,1405,0.610475891753735,2.37023378974605,903.31415719697,150.714488636364,4224,0.423213530132456,1.41729195479299,967.430214115781,249.591593973037,2522,0.158932408604436,1.26282287487083,875.272727272727,383.003005259204,1331,0.677693475573589,1.701216399672,774.453350854139,186.022339027595,761,0.221550671640419,1.37989048877646,,,,,
301.869163673679,16.6988199076449,1949,0.382775740476605,5.63948086912186,329.892228739003,1003.62536656891,1364,0.773845731757186,0.656110330704303,384.349670122526,310.261074458058,1061,0.432823709232834,1.32619381859239,410.979204339964,411.084990958409,1106,0.942021582360868,2.06529556249851,446.451379102074,946.348500100664,4967,0.919583747915713,1.05246590140111,802.1088664422,113.052749719416,891,0.415839943041842,1.26345692092335,933.103557312253,437.079841897233,1265,0.655720099485808,0.730169999751347,905.088925005805,150.888321337358,4307,0.382059863917991,1.78326066047876,967.423001949318,246.978947368421,2565,0.181283122541634,2.61265655912862,876.296851574213,384.330584707646,1334,0.751981703730233,1.67669251111236,776.765490943756,191.262154432793,1049,0.16179186043455,5.72727310982818,,,,,
303.057692307692,18.3121301775148,2028,0.432452664977455,2.00383890089436,331.61274158912,1003.8883321403,1397,0.846446789990293,1.74049284949713,384.261552680222,311.907578558226,1082,0.382819703703836,1.64886034445165,413.395973154362,412.793863854267,1043,0.583413708565528,2.95990170047034,446.421180274859,947.031527890057,4948,0.908837267258723,0.683695056474144,803.443287037037,114.303240740741,864,0.470587315697272,1.82877175129615,933.010590015129,438.160363086233,1322,0.687250283860614,1.08451323560942,905.678345498783,151.095377128954,4110,0.36014874528345,0.624730836742447,968.779220779221,247.974863845832,2387,0.155243685992242,1.68261081197088,877.527089783282,385.993034055728,1292,0.684366910920746,2.06814503504697,775.63112745098,185.694852941176,816,0.25202607519141,5.68169221555505,,,,,
300.380088008801,17.5759075907591,1818,0.53390054007773,2.77697469896488,331.237394957983,1003.81722689076,1428,0.813404608966869,0.382022316125853,383.544181977253,310.526684164479,1143,0.308939580805012,1.55611376581456,409.573905109489,408.317518248175,1096,0.613449812721434,5.88607459388815,445.27956337174,947.17606630281,4947,0.872105569773953,1.15073042292546,802.632775119617,114.473684210526,836,0.450411793810421,0.828239424727001,932.954344624448,438.455817378498,1358,0.670677447775458,0.3007603411199,906.13257287706,152.090240811153,3945,0.35284368378049,1.09365271331232,968.191329720717,246.305543976657,2399,0.164800277609094,1.76981488362198,876.916055419723,386.550937245314,1227,0.647032573354722,0.827417042609319,774.931034482759,184.870026525199,754,0.301044431705774,1.0818820548692,,,,,
298.919802590993,16.2078963602714,1621,0.509029272989474,2.00097182094155,331.49754040759,1002.78496134926,1423,0.722038626891644,1.06454112325782,382.778793418647,308.797074954296,1094,0.335407719830829,1.89139304894444,408.460928652322,409.074745186863,883,0.90292713065143,1.34614606595398,446.123245881635,945.256050437259,4917,0.947865766107581,2.09720316170627,802.573529411765,112.051470588235,816,0.404809204190514,2.42293806893844,931.150647580095,435.299250170416,1467,0.675644642793039,3.63555216809545,905.715533980583,149.418203883495,4120,0.361776659497286,2.70438584228359,969.220527617477,244.053586150041,2426,0.145408372470604,2.47599724627301,877.251203852327,385.354735152488,1246,0.674121235125906,1.24226563936955,774.214917825537,184.160556257901,791,0.265441686743934,1.00805313695709,,,,,
300.372258446947,16.701244813278,1687,0.523236294147656,1.53395590209731,330.731175228712,1002.88106966925,1421,0.768570351181711,0.772368044759852,384.840380549683,307.698731501057,946,0.255580353082327,2.33591520396721,407.190751445087,407.709826589595,865,0.988615075741144,1.8644980329692,445.78002426203,944.762232106753,4946,0.978576325116673,0.601379766626554,802.429065743945,110.980392156863,867,0.365496759635521,1.08077692308427,932.365142478463,436.197481776011,1509,0.666105525378336,1.51056872582782,909.316776482514,152.422199695895,3946,0.380842586161206,4.68966293017205,971.304128053917,246.517270429655,2374,0.123456868877033,3.22662842737551,878.164473684211,385.172697368421,1216,0.626496202985164,0.93123549151424,774.763157894737,181.804709141274,722,0.320680894826199,2.41879780271035,,,,,
301.920792079208,18.8165711307973,1919,0.534113306844086,2.62155714029508,331.113402061856,1002.47079037801,1455,0.713954004946656,0.560737415191298,384.25667090216,310.235069885642,787,0.201939147483001,2.60263892111995,408.893714285714,410.189714285714,875,0.771571424865792,3.00830939597645,446.034339023422,946.218142119889,5038,0.982447471017156,1.47795465566825,802.335648148148,113.577546296296,864,0.431271437409534,2.59883367516684,931.880798969072,436.55412371134,1552,0.57938550898432,0.601483254234218,909.385818824123,152.947766843301,3963,0.413498028175911,0.530082702384559,971.125514403292,245.513580246914,2430,0.128638732925283,1.0194590816312,878.013793103448,386.013793103448,1305,0.636817914549697,0.854486204043024,774.994236311239,182.753602305476,694,0.383103858013051,0.976624529510262,,,,,
300.396561286744,17.1663893510815,1803,0.462284053280776,2.24641479135088,330.224446032881,1002.70121515368,1399,0.735960113627274,0.918334578841301,374.855329949239,319.61421319797,1182,0.756002571163101,13.2798170539456,407.501390176089,402.830398517146,1079,0.534912437643575,7.48986615419453,445.344676616915,945.006368159204,5025,0.910862998621621,1.39428489439656,801.936724565757,112.048387096774,806,0.432506729844447,1.58033790123221,928.844218094667,436.178550029958,1669,0.746024661120439,3.05971877742837,860.406835722161,132.821389195149,907,0.799021924433894,52.9529211936255,949.799299883314,199.290937378452,5142,0.219958746098507,50.9052073907717,878.088187702265,384.864886731392,1236,0.634408267479261,1.1513124719578,774.517391304348,180.939130434783,690,0.401667497999328,1.87608350830474,,,,,
301.249640632487,19.8183996166747,2087,0.62051841785489,2.78583969728048,329.598649662416,1003.33308327082,1333,0.762237989822898,0.889313451343683,377.547945205479,317.40779768177,949,0.67279464917226,3.48115589255436,408.583058305831,407.733773377338,909,0.763377455506443,5.02126388098294,446.332208771582,945.28438182179,5039,0.912639431289637,1.02591975957398,802.303385416667,112.154947916667,768,0.441424645430626,0.381831622480504,932.825377643505,432.811480362538,1655,0.481441893246757,5.21409527133509,909.261035178131,151.12659645978,4463,0.332670625880935,52.1710016914076,971.522698875469,244.959183673469,2401,0.124567793113416,50.5716796580331,879.221760797342,385.851328903654,1204,0.646541978237353,1.50268297424996,775.532374100719,180.896402877698,695,0.367270133190022,1.01588174561051,,,,,
300.806756085445,19.8956780923994,2013,0.677573172488038,0.449576116824672,329.522992985191,1003.86827747467,1283,0.775480141931514,0.540515280676119,379.133113311331,316.232123212321,909,0.484936900164649,1.97356742522867,408.208563535912,408.111878453039,724,0.921894716876116,0.53217457752838,446.520654559968,944.70923967272,5011,0.874515100828719,0.605227483511267,802.824480369515,113.976905311778,866,0.455332309018592,1.89501153017229,933.327984595635,431.11810012837,1558,0.408747255436037,1.76639473668865,916.540115364447,153.899580492921,3814,0.437740308403797,7.78938051496151,972.179340659341,244.731428571429,2275,0.121274572331914,0.695018574451372,879.677729257642,384.978165938865,1145,0.674303830426606,0.985048628174608,775.418535127055,179.668161434978,669,0.382272237405972,1.23350571686575,,,,,
299.952687184198,21.7372531005972,2177,0.748084212475208,2.02998330015158,329.419607843137,1004.15215686275,1275,0.754573629668665,0.302119172797858,378.668437832094,315.749202975558,941,0.493130966985124,0.670175541242964,407.711633663366,406.769801980198,808,0.776318074756682,1.43112143341519,446.287817668415,944.931423961275,4958,0.897897551810533,0.32183672280956,801.800982800983,114.470515970516,814,0.402251930356272,1.13630926917402,932.42074742268,432.331829896907,1552,0.522067118024122,1.51532809616455,862.297798377752,133.172653534183,863,0.984188636918201,58.0674991129972,950.048761904762,196.869333333333,5250,0.223580829432815,52.7308512788587,880.002495840266,385.983361064892,1202,0.684113633198262,1.0563572192106,775.099415204678,180.508771929825,684,0.521983277556468,0.899145999771287,,,,,
298.845584835876,21.5903837263061,2163,0.741586328689057,1.11680178311353,328.395734597156,1004.36334913112,1266,0.774018570492035,1.04542747144767,378.334821428571,316.683035714286,896,0.406724671897651,0.991636772522509,407.552770448549,409.054089709763,758,0.839355824070914,2.28980522151149,445.215990210075,944.964307566796,4903,0.933347694706935,1.07233177326887,800.921126760563,113.549295774648,710,0.507142814939113,1.27388904585039,908.640401146132,412.65723495702,2792,0.942969972383183,30.8641305576747,861.461444308445,133.880048959608,817,0.959959447347022,1.09539783510745,949.924697619977,198.347639484979,5126,0.216991154386248,1.48350295744611,,,,,,774.33800623053,181.627725856698,642,0.505426663505201,1.35344062166742,,,,,
298.264204545455,21.9630681818182,2112,0.780182686691597,0.690577110445301,328.171452009844,1004.72190319934,1219,0.795835662134973,0.422922804788436,379.399545970488,315.593643586833,881,0.419295538832881,1.52329037202867,407.641657334826,407.946248600224,893,0.720014350932057,1.11140127880789,445.409361527407,945.483678916034,4871,0.919059539123963,0.554201285433137,800.396551724138,114.867816091954,696,0.556721988458248,1.41904009668153,909.407618369527,412.15592737629,2809,0.877530948759943,0.916477800260563,911.443846153846,153.215384615385,3900,0.356009946504754,53.5919368856607,972.090429845904,243.007704785077,2466,0.119099122920847,49.8582101335436,,,,,,774.66763425254,182.602322206096,689,0.517806650666443,1.02883073299462,,,,,
298.086104783599,22.1175398633257,2195,0.771966576503487,0.23575628424446,328.551669316375,1005.47376788553,1258,0.869445890256685,0.842535285031746,380.762162162162,315.287567567568,925,0.414587411537038,1.39656915882523,407.434583014537,410.312165263963,1307,0.657363444606936,2.37496135418719,445.935136234242,946.315982106547,4918,0.928692250853159,0.984463124391228,800.445054945055,118.232142857143,728,0.600924870621189,3.36467638048673,911.31402964495,414.290244743192,2901,0.847974872023469,2.86176773580929,864.14255091104,137.378349410504,933,0.699360203988402,49.8821031606305,951.688088088088,199.838238238238,4995,0.221753862529219,47.747862686631,,,,,,774.892330383481,183.278761061947,678,0.834408615908789,0.712781787761885,,,,,
297.800543970988,20.9156844968268,2206,0.651389870986274,1.23531425138755,328.828504306969,1005.31401722788,1277,0.944713772296607,0.319621470865876,379.858114674441,314.226433430515,1029,0.381357506273789,1.39402565144003,407.276239067055,410.470116618076,1372,0.603035208071577,0.223654724899969,445.752962811606,945.676747037188,4894,0.916926617117068,0.664686865985099,800.447187928669,119.385459533608,729,0.552306150127541,1.15331864886985,909.47030075188,413.107142857143,2660,0.871775872851602,2.19067713365418,863.45584725537,135.467780429594,838,0.929516469701967,2.03023046512546,953.826579126104,201.179080824089,4417,0.203352696667353,2.52408453893746,,,,,,774.630158730159,183.092063492063,630,0.609285723444583,0.321853939553337,,,,,
297.542857142857,21.4035164835165,2275,0.69851716865662,0.551708753446793,328.336982017201,1006.24941360438,1279,0.875982695772126,1.05667428402033,380.252798507463,313.179104477612,1072,0.364891864563792,1.11922887008764,407.603370058328,408.069345430979,1543,0.578523815354928,2.42295624769556,446.218232595252,945.355475763016,5013,0.920719284874968,0.565412418666751,800.301136363636,119.004261363636,704,0.712937731856415,0.408219431725267,908.649846573474,412.063416297307,2933,0.81760738071864,1.32759564272057,862.016915422886,134.55223880597,1005,0.7563027103892,1.70550323456897,952.545194858192,198.926953682922,4901,0.224403914810861,2.59114304931848,,,,,,775.228748068006,184.020092735703,647,0.582403527958171,1.10433123311588,,,,,
296.752297592998,23.3654266958425,2285,0.788109291128693,2.1152011921098,327.479550922213,1006.61988773055,1247,0.944346234875438,0.934044517577518,379.731536926148,315.298403193613,1002,0.308462851232297,2.18246206926898,408.90306122449,410.305484693878,1568,0.758270845845209,2.58640985353779,446.427944111776,946.444710578842,5010,0.864490558400612,1.10923911045853,799.665671641791,120.628358208955,670,0.742255262861835,1.74399139209018,909.856171735241,412.916279069767,2795,0.829313218411447,1.47736092562457,863.421686746988,131.724096385542,830,0.757816223675215,3.15781127099842,953.493635732469,202.101828280491,4321,0.215952744630323,3.3135130605276,,,,,,774.580594679186,183.974960876369,639,0.615377386501462,0.649722787168326,,,,,
297.204179364388,23.6512842838485,2297,0.815640581789895,0.534707112292004,328.360223642173,1005.44488817891,1252,0.81691778692463,1.46840334582615,379.679563492063,313.657738095238,1008,0.438321242511882,1.64148810622417,409.437264742785,409.018193224592,1594,0.830908963030731,1.39373337688891,447.296942375539,945.674637397099,5102,0.904352254887818,1.16110752631367,799.065522620905,119.801872074883,641,0.74222529681138,1.02140010626801,909.505093080436,412.577098700386,2847,0.841752599991541,0.488159343691946,865.374886260237,133.527752502275,1099,0.729031869826364,2.65860183667695,955.209280742459,202.85777262181,4310,0.216906895388227,1.87480389573853,,,,,,775.324396782842,182.001340482574,746,0.424590556081927,2.10912755143173,,,,,
297.581883087907,23.3163766175814,2241,0.830017024819704,0.504800205709587,328.120064464142,1005.24576954069,1241,0.81978181490483,0.311969009485334,381.829951690821,311.861835748792,1035,0.343229718909622,2.80168425118288,409.90516677567,409.738391105298,1529,0.724121160588467,0.858846493705569,445.920387957163,945.956556880178,4949,0.892036999300742,1.40512656429574,799.230971128609,122.380577427822,762,0.544406228951979,2.58400745083587,910.504950495049,414.292629262926,2727,0.930274298630136,1.98563842644296,863.367208672087,131.340108401084,738,0.998807392198596,2.96926859873511,955.006694367498,201.427746999077,4332,0.205759308133778,1.4443041649851,,,,,,775.535493827161,184.225308641975,648,0.683447597374905,2.23396426474376,,,,,
297.339814405656,23.3323022536456,2263,0.795130167930762,0.242591988348236,327.725118483412,1005.49368088468,1266,0.869880060488785,0.466307154319886,380.337958374628,310.973240832507,1009,0.334571986255967,1.73656125167285,410.274568195354,409.484812388326,1679,0.943458747617126,0.448062020891475,445.766120881342,945.820295128361,4947,0.963272731486963,0.205829044817817,799.055643879173,119.829888712242,629,0.67864475288925,2.55670736850761,930.511096166779,436.057162071284,1487,0.62192407825601,29.5624889514491,864.936395759717,132.57714958775,849,0.909119340711569,1.99815390135382,952.50073313783,192.687316715543,5456,0.198256250292354,9.09257736980658,880.65625,387.636607142857,1120,0.746222204974416,1.77781244670999,775.264619883041,185.361111111111,684,0.557049321462615,1.16765574656996,,,,,
296.653461036134,23.2320417936439,2297,0.805088493816372,0.693637591033048,328.249161073826,1006.41694630872,1192,0.880034431559064,1.06162125064021,380.811229428848,313.432720232333,1033,0.394045723951146,2.50460064859222,409.772222222222,409.537654320988,1620,0.802986550898278,0.505117557177998,445.413008130081,946.216869918699,4920,0.909471893317273,0.530999227339491,798.369532428356,122.057315233786,663,0.658529145306923,2.33070329124519,909.335182250396,414.542789223455,2524,0.911574100461395,30.1875399665072,863.609780439122,135.836327345309,1002,0.566652782154136,3.5188276263845,952.934782608696,199.504497751124,5336,0.210941484336652,6.83098501060107,,,,,,774.62134502924,184.520467836257,684,0.707686034162475,1.05852900436871,,,,,
296.136021267169,23.2171023482499,2257,0.805345543318098,0.517655388782472,327.848631239936,1005.55314009662,1242,0.780301401592835,0.952147740589509,380.448453608247,312.441237113402,970,0.440630986850017,1.05576752703306,409.618259803922,408.612132352941,1632,0.748779679980654,0.938240555287213,446.223638939486,945.626796195102,4941,0.922894708869919,1.00265113994628,798.017107309487,121.768273716952,643,0.567017050990713,0.455794320789192,908.240187713311,414.028156996587,2344,0.943511498712231,1.20990056003722,860.809168443497,131.261194029851,938,0.89707077937412,5.36425879355742,951.763259031514,201.896810146042,5204,0.204669877844281,2.66376164225816,,,,,,774.4,184.424,625,0.776360348220776,0.24145323646899,,,,,
297.416630196937,21.2310722100656,2285,0.672921052766761,2.36310705233109,329.12549960032,1004.61071143086,1251,0.745944049953434,1.58699861367365,381.368475991649,310.954070981211,958,0.381440551538282,1.7487436320676,410.23667905824,406.868649318463,1614,0.883399993580378,1.84991228592707,447.007618283881,944.304731355253,4988,0.858016688217543,1.53703580088601,799.110421836228,123.475186104218,806,0.389571594692101,2.02703886301872,929.873067534581,433.540276647681,1229,0.85180319559794,29.1325299732127,862.026183282981,129.369587109768,993,0.758045871867895,2.24928918986149,953.054070351759,196.003618090452,4975,0.187283591336655,6.03290199394388,880.495088408644,386.107072691552,1018,0.752225097539294,1.53800152674094,775.142405063291,182.927215189873,632,0.732498042286609,1.67078725331085,,,,,
297.308547008547,22.0893162393162,2340,0.703960242186849,0.865022999322411,328.543933054393,1005.96066945607,1195,0.804478520065092,1.46990010448813,380.818589025756,311.996640537514,893,0.395322572629127,1.17869714303105,409.726122707147,407.298545224541,1581,0.803780864388863,0.667441591230283,445.738522167488,945.181083743842,5075,0.86124222357749,1.54227055396657,800.405044510386,120.83234421365,674,0.929874056281655,2.94290012181632,930.363907531693,433.902311707681,1341,0.828800792974656,0.609912524411339,860.424507658643,128.622538293217,914,0.783123838441241,1.76732757006403,951.781877153862,196.172106223393,4933,0.196551139455024,1.28330190669134,879.967678746327,386.32125367287,1021,0.7948976331053,0.569240234579228,775.153846153846,182.210059171598,676,0.428050421111787,0.717247274726262,,,,,
296.910547396529,22.3293279928794,2247,0.707037167828025,0.46476804216207,329.187868576243,1006.48946925021,1187,0.824457029138519,0.83323596813014,382.099307159353,311.690531177829,866,0.427541270187197,1.31679226828384,410.010290556901,406.869249394673,1652,0.838015347628005,0.514826452676755,444.995423796259,945.514325507362,5026,0.830221490350963,0.814398712103345,798.660685154976,122.347471451876,613,0.991720728431352,2.3104978054138,930.176170212766,433.617872340426,1175,0.720783659973373,0.340809410906461,863.112802148612,130.04297224709,1117,0.788221942469725,3.04048678374295,953.153910849453,197.201009251472,4756,0.190316025492061,1.71496877610857,880.128611369991,387.044734389562,1073,0.802754044694224,0.741163717936073,775.44512195122,183.780487804878,656,0.847588315479979,1.59721247251657,,,,,
296.580299785867,22.4856531049251,2335,0.696625471225395,0.365377920793961,328.540296052632,1006.40707236842,1216,0.850560631379567,0.65279355041595,380.309477756286,309.752417794971,1034,0.492603546405123,2.63813812695569,410.921304103429,407.708825182687,1779,0.896808603781267,1.23888384676561,446.012305168171,945.365053322395,4876,0.956022134496076,1.02777911525028,798.791344667697,122.718701700155,647,0.715377630362301,0.393552798874017,930.602195945946,433.269425675676,1184,0.714515540943781,0.550375329667677,863.56354679803,130.663054187192,1015,0.993362129330015,0.766597907262013,951.914941586391,194.505841360935,4879,0.187998671203853,2.9663065912,878.202402957486,385.372458410351,1082,0.795400410595491,2.55084021433112,774.850082372323,184.953871499176,607,0.799891087315281,1.31563725794709,,,,,
295.543506777438,22.5793616090949,2287,0.726750871953863,1.04101922464578,328.553311793215,1006.65024232633,1238,0.817323954618765,0.243518044369868,382.668932038835,310.532038834951,1030,0.580868168086378,2.48492122157175,409.614153846154,406.608615384615,1625,0.956397568732354,1.70853837968796,445.02920608803,945.414849856026,4862,0.885830383952404,0.984359434422085,797.203361344538,124.173109243697,595,0.727826663908437,2.15336767351666,930.496588324488,432.132676269901,1319,0.688522115100839,1.14164450738313,862.910734463277,128.751412429379,885,0.849400549957704,2.02003419639914,951.171337706221,192.048499304313,5031,0.166084767200562,2.56738713750829,873.306517311609,382.113034623218,982,0.809997231052257,5.88162729876996,775,184.580592105263,608,0.859535840368412,0.402259618913575,,,,,
296.126548672566,22.8544247787611,2260,0.726661561954554,0.644668596087947,328.212903225806,1006.57903225806,1240,0.815947006451119,0.347777035739588,381.415584415584,311.920995670996,924,0.428306123410638,1.87085043686069,413.162452931684,406.731038192577,1859,0.911941475256348,3.55041036280047,445.325383993533,945.126111560226,4948,0.912044675419052,0.413631666062515,797.565602836879,124.289007092199,564,0.830650823344579,0.380330395920496,932.275051831375,434.382861091914,1447,0.757190131611471,2.8681464709017,863.795339412361,129.250253292806,987,0.960933075629898,1.01556295864372,955.144900497512,199.76824212272,4824,0.157243532217157,8.68237470043026,870.021739130435,381.894927536232,1104,0.717755361876408,3.29201130024063,776.009966777409,186.697674418605,602,0.756319281383998,2.34564925189864,,,,,
295.79295154185,22.7603524229075,2270,0.718551879991112,0.346607348101358,329.084858569052,1007.53327787022,1202,0.916767791028894,1.29262941670252,381.507057546146,310.483170466884,921,0.341792017768017,1.44073198451132,409.391770011274,407.648816234498,1774,0.968713836648908,3.88076876668829,445.065021071644,945.416616496087,4983,0.894250367747748,0.390105074119624,797.701666666667,123.76,600,0.994981429530909,0.546225108698592,931.144415917843,432.481386392811,1558,0.612649198044889,2.21222593789531,864.668686868687,130.017171717172,990,0.713314764493655,1.1622820867166,954.472377707471,198.559016792407,4109,0.139657648973442,1.38365920753441,869.09194214876,379.564049586777,968,0.750642530655304,2.50948489582753,774.835423197492,190.083072100313,638,0.664018935164637,3.58336016672093,,,,,
295.337634408602,22.8645161290323,2325,0.749588051786417,0.46708004614084,328.079258010118,1007.20573355818,1186,0.899290406253873,1.05760000022484,381.515011547344,311.926096997691,866,0.409175587787063,1.44294845349406,411.212753623188,405.909565217391,1725,0.941815102339817,2.51812934841894,445.790733891376,944.788787229901,5137,0.973333068435085,0.959598188933262,796.980322003578,124.618962432916,559,0.69789405483906,1.1216749012649,931.500642673522,432.740359897172,1556,0.608389734213728,0.440414324724092,863.165979381443,129.016494845361,970,0.89549815149521,1.80540410822485,971.71747627024,248.35455053043,1791,0.0780509024237606,52.6971403844098,868.135250266241,380.251331203408,939,0.758519012938843,1.1779708734252,773.5,191.383076923077,650,0.680638149639181,1.86369730793618,935.862253069941,149.004271222637,1873,0.738603583672817,0
295.777360066834,24.1177944862155,2394,0.80349455929272,1.32818119813949,328.163133640553,1008.89769585253,1085,0.937749329489701,1.69404000156506,380.984460694698,313.58226691042,1094,0.562252993767555,1.73907532530221,411.439167208848,406.294729993494,1537,0.927726803940881,0.44678296355334,446.429150618285,947.929454692885,4933,0.889040583261128,3.20489750697932,797.837883959044,128.48976109215,586,0.979455690427502,3.96465569347366,931.438455935907,435.147123088128,1373,0.722329732715677,2.40756645758234,863.34631147541,131.876024590164,976,0.812019566339355,2.86521029342141,970.957333333333,253.017066666667,1875,0.122209246954308,4.72407387804185,866.013903743315,382.152941176471,935,0.73918164874165,2.84890006142337,771.928462709285,191.616438356164,657,0.719455974458575,1.58876902492515,935.871808233455,151.816050026055,1919,0.700862463378644,2.81179503884961
295.05506993007,22.9589160839161,2288,0.786532418705221,1.36554098912572,326.416981132075,1008.97169811321,1060,0.973781939981084,1.747719919623,381.181518151815,309.513751375138,909,0.448710220069163,4.07328495225216,411.838070059484,404.703899537343,1513,0.925983254764992,1.64008079815067,446.114549180328,946.053483606557,4880,0.886906636765376,1.9021676007914,796.295575221239,130.024778761062,565,0.807676292682285,2.17600447761085,932.994405594406,435.239160839161,1430,0.955243098137638,1.55866939643978,863.487204724409,130.435039370079,1016,0.777504554766019,1.44785679958954,970.281897491821,253.384950926936,1834,0.130735414348462,0.769124440485972,863.749746707193,380.71327254306,987,0.778912233857225,2.68310507774999,771.375,186.795058139535,688,0.702553695779421,4.85304318586545,935.431091510474,149.42447629548,1814,0.715031797178854,2.43184212865361
294.718986216096,22.345042240996,2249,0.752679626153518,0.69985238287796,327.067014795474,1008.03307223673,1149,0.951099145005413,1.14173652807891,380.961538461538,307.063765182186,988,0.347032519763466,2.45984215139637,411.519078947368,404.657236842105,1520,0.83535903178965,0.322386005800344,444.928785757151,944.658931786357,4999,0.821220790131597,1.83052169475442,796.294019933555,133.735880398671,602,0.838032134572144,3.71110196351233,929.248888888889,431.439259259259,1350,0.772276724056813,5.3355550234482,863.285282258065,128.791330645161,992,0.918771556983387,1.65606493072723,970.4970657277,257.133802816901,1704,0.122193088998597,3.75502168604004,859.694519317161,378.583108715184,1113,0.868275459673302,4.58066230129012,769.190150478796,184.139534883721,731,0.595352269401953,3.43880374439624,935.489325842697,147.871348314607,1780,0.726720189730282,1.55421934179819
294.513174946004,23.3153347732181,2315,0.724579887175142,0.991879971056392,327.798791018998,1007.52763385147,1158,0.957082776236237,0.88936179511414,382.217440543601,308.951302378256,883,0.409342626144551,2.26717593191987,411.924294562973,404.161734342739,1453,0.752310972889058,0.640095635048344,444.897975708502,945.201214574899,4940,0.860498677844218,0.543157326974607,797.510033444816,136.513377926421,598,0.952621365807511,3.03202595243326,900.976897689769,410.995874587459,2424,0.596293603492404,34.8889303820327,864.128131021195,130.872832369942,1038,0.679254927209058,2.24567216391346,971.013609467456,257.956804733728,1690,0.111450818262016,0.97167360269848,,,,,,768.707482993197,184.943310657596,882,0.636344902039578,0.937562475957436,936.920021470746,148.331723027375,1863,0.68982496877959,1.5029420668397
294.389767054908,22.992928452579,2404,0.753579792195295,0.345217819894583,328.269713261649,1008.12365591398,1116,0.95234458331987,0.759611780860559,381.048387096774,312.796370967742,992,0.657643149036887,4.01886033837832,411.632450331126,404.911258278146,1510,0.78972095972083,0.804337730937577,445.109471585244,945.815952143569,5015,0.907734397744334,0.650102133678948,797.263843648208,137.868078175896,614,0.978096187990881,1.37688858731546,932.672156862745,435.796078431373,1275,0.749099489333172,40.2447458029219,863.662203913491,129.389289392379,971,0.893900217995694,1.55498805010517,971.340974212034,261.23323782235,1745,0.0897396658252719,3.29274679564167,859.091468777485,381.083553210202,1137,0.978809915745147,2.57213775410068,768.312299465241,183.807486631016,935,0.598817295718199,1.20260809914345,936.000568504832,147.74928936896,1759,0.716505113378591,1.08840374998576
293.491495076097,23.3849597135184,2234,0.8461392702483,0.980092371907948,329.431489361702,1007.83914893617,1175,0.911819515359825,1.19610531604739,381.292134831461,312.665418227216,801,0.542421093007231,0.276697629942937,412.216290212183,404.421629021218,1461,0.953974617007559,0.761974944438841,445.954573739888,945.463596764157,4821,0.906824574266998,0.915615620871767,796.586477987421,138.235849056604,636,0.984459727800027,0.77076563176505,931.848050914877,432.828162291169,1257,0.702836362367842,3.08020727039433,864.718249733191,128.778014941302,937,0.706017862076186,1.22020048674175,972.032549728752,260.080771549126,1659,0.11253622192248,1.34404434682842,861.448210922787,382.220338983051,1062,0.944377942873753,2.61658468863451,767.831695331695,181.581081081081,814,0.613624987613174,2.27768786403273,935.434373160683,147.167745732784,1699,0.716762064598627,0.811646578575271
294.628835645229,24.0281630937369,2379,0.705607065289017,1.30661936252258,328.588737201365,1007.49232081911,1172,0.838699585950449,0.911329219620611,379.687573964497,311.607100591716,845,0.489149784703914,1.92214770332598,411.919678714859,404.468540829987,1494,0.751064786164618,0.300298348558027,445.201865284974,946.182383419689,4825,0.925177224286102,1.04078060813515,793.453821656051,139.033439490446,628,0.801174573050986,3.23259743714425,930.275889967638,434.326860841424,1236,0.734653621413644,2.17204682006596,862.867584745763,129.487288135593,944,0.993893694660813,1.98192566960347,972.753114382786,260.288788221971,1766,0.11196404431048,0.749989571143452,860.630849220104,382.319757365685,1154,0.955720952668716,0.823385795249546,767.716803760282,180.165687426557,851,0.828578505124765,1.42004903804373,933.991349480969,146.636678200692,1734,0.741778656790556,1.53764432293595
293.759210526316,25.1232456140351,2280,0.871114749570779,1.39837533363102,328.706036745407,1008.23184601925,1143,0.983627508174036,0.748770128054677,380.027842227378,312.553364269142,862,0.477704134215611,1.00558313328094,412.311983471074,405.164600550964,1452,0.873635305296129,0.799000723977243,446.260086012697,946.443374974401,4883,0.892265719660111,1.08993013547364,792.764240506329,140.257911392405,632,0.773156669891596,1.40529484477081,930.561969439728,433.921901528014,1178,0.8089612415255,0.49581600404742,863.553101997897,130.033648790747,951,0.959523115993771,0.876609302068726,973.400579710145,258.993623188406,1725,0.106687512603518,1.44798612365616,861.277924362357,382.22691292876,1137,0.996154629209221,0.653702018652052,768.299634591961,181.768574908648,821,0.679708367035641,1.70556150830148,933.637664567831,145.823125357756,1747,0.712491593719851,0.887108362056597
292.639254884144,23.5043162199,2201,0.836312519952035,1.96856115567382,327.594190140845,1007.18573943662,1136,0.838830682878579,1.52661123220442,379.969247083775,311.651113467656,943,0.462142765720495,0.904151480469023,412.016117729502,404.529782761037,1427,0.856362567053805,0.700378585797501,445.625259228536,945.307341352136,4822,0.905541467393004,1.30137520984719,,,,,,930.689839572193,433.155971479501,1122,0.903448344913356,0.776530495209992,862.797583081571,129.164149043303,993,0.851432520062541,1.1518848222503,972.981878088962,258.081274025261,1821,0.107246476055417,1.00383865390433,860.987024221453,381.023356401384,1156,0.940106119992387,1.23821290841546,777.618243243243,162.276351351351,1480,0.489212491636332,21.605167122783,934.388143176734,145.763422818792,1788,0.774557271214553,0.752849610201192
292.387687969925,25.1757518796992,2128,0.886999728203868,1.69026124524523,327.370953630796,1007.60104986877,1143,0.898767993275854,0.471505349353147,383.163063063063,312.946846846847,1110,0.363094960433112,3.44664844443159,412.024441340782,404.953910614525,1432,0.795677173231066,0.424209522063142,446.090738423029,945.769920734251,4794,0.910988894537342,0.656239716310858,,,,,,933.902976846747,437.240352811466,907,0.804316690541292,5.1967703441698,863.307529162248,129.694591728526,943,0.929262957460071,0.735808703063742,974.039880952381,258.511904761905,1680,0.106577823711918,1.1422840672726,863.487765089723,382.277324632953,1226,0.731657945306385,2.79752412250825,777.413538873995,164.272788203753,1492,0.455681841276113,2.00690407952605,935.223837209302,144.072093023256,1720,0.663100801686227,1.88652617085982
291.766951055231,24.9034575662326,2227,0.927083012079644,0.677833689343899,326.903485254692,1007.92582663092,1119,0.90659178685021,0.569215800811086,381.17479300828,313.26862925483,1087,0.612861386918357,2.01414044416862,411.788012618297,405.261829652997,1585,0.807146539283975,0.388217303928493,445.778665028665,945.664414414414,4884,0.90578984828848,0.329425844455459,,,,,,934.042049934297,438.716162943495,761,0.66900337624536,1.48234843052506,863.986272439282,129.933474128828,947,0.807642785474279,0.719553498561876,972.956274843839,256.30039750142,1761,0.114637333124747,2.4627152822948,859.75677169707,379.804311774461,1809,0.974552266087081,4.47617071773195,775.258659217877,167.354189944134,1790,0.41036070367535,3.76012539923483,935.281908990011,143.410099889012,1802,0.633161452782635,0.66453535759984
292.009836065574,24.7194379391101,2135,0.897121337825171,0.304723401489637,326.612848689772,1006.90701606086,1183,0.865198850569076,1.0594548553529,383.951886792453,313.147169811321,1060,0.756618985419165,2.77974860059519,411.995273463876,403.987846049966,1481,0.828384200083503,1.29073284567371,445.35952970297,944.895420792079,4848,0.896527970295316,0.875799984264353,,,,,,934.824808184143,438.156010230179,782,0.732982200978582,0.962539110861473,865.057037718491,131.772769089236,1087,0.636825487383787,2.12827259404067,972.550877192983,254.904678362573,1710,0.103143436949955,1.45340261794944,859.959141981614,376.784984678243,1958,0.797017710896148,3.02610142692244,775.272441933459,166.795982423101,1593,0.406592812402597,0.558377649791458,936.142008318479,140.432560903149,1683,0.507067743158546,3.09927560361534
292.67513368984,24.1439393939394,2244,0.78983836096457,0.879670111091246,327.23125564589,1007.52755194219,1107,0.841647518776922,0.8760661752319,372.300963676798,310.137138621201,1349,0.276070650063445,12.0334657190854,411.160103292447,404.100710135571,1549,0.92836281042589,0.842761838875154,445.264857084104,945.762286654329,4863,0.911611680366018,0.872020256585969,,,,,,934.008849557522,438.317319848293,791,0.767671841061306,0.831750727834676,,,,,,973.798342541436,260.269613259669,1810,0.0791725022567084,5.50805739309837,858.573011077543,377.63192346425,1986,0.798851272075067,1.62439656194644,774.789880952381,166.543452380952,1680,0.431858207475252,0.544643482148256,909.620440251572,138.479245283019,3180,0.127206601555372,26.5934017124438
290.663113994439,25.2715477293791,2158,0.87094822179204,2.30645264699531,327.124218051832,1007.41108132261,1119,0.793551145117213,0.158184865793938,382.447959183673,311.360204081633,980,0.671515493583222,10.2204406429987,411.340785907859,404.747967479675,1476,0.803833501142335,0.672003182290175,445.755405956752,945.168298653611,4902,0.894120103942628,0.770363512539903,,,,,,934.084210526316,437.843421052632,760,0.715620175568072,0.479853461118257,862.552014995314,128.363636363636,1067,0.920245897905141,4.23052299182881,974.389728096677,258.658006042296,1655,0.0890043326667027,1.71668712875524,858.594917787743,376.476332835077,2007,0.727855199557107,1.15579825496626,774.220809248555,168.037572254335,1730,0.426655819501694,1.59882356754369,935.491594202899,139.828405797101,1725,0.449460225219557,25.9063089008447
292.485517241379,24.2680459770115,2175,0.988458709070522,2.08042528379708,326.328384279476,1006.78602620087,1145,0.803613602601572,1.0119512332276,383.369565217391,310.732789855072,1104,0.819078681566832,1.11490192083221,412.124414715719,404.102341137124,1495,0.879635323385429,1.01533614271527,445.18676410881,945.787860332927,4926,0.902371857585712,0.840957921485012,,,,,,930.049083769634,439.071335078534,1528,0.710562766884063,4.21782180722484,863.945269016698,132.086270871985,1078,0.58989194173348,3.97481627888019,973.802525832377,258.9196326062,1742,0.0996006365253307,0.642849094375499,858.461429915334,377.695202257761,2126,0.705431638429143,1.22615728258405,774.325203252033,168.048780487805,1599,0.416932829933583,0.10499396391983,933.46392303581,141.462854088723,1871,0.550053221861701,2.60439466667919
292.504433037797,24.0648623425105,2143,0.951024734329573,0.20406223727865,328.470956210903,1007.65594280608,1119,0.846035178042107,2.31243797351322,383.564681724846,313.64476386037,974,0.750148184462523,2.91850356501542,411.382311977716,404.405292479109,1436,0.828418170040411,0.801558475323117,445.641129851656,946.266612477139,4921,0.841261039755749,0.660039274482054,,,,,,931.413151364764,440.462158808933,1612,0.536032635217983,1.94809421053674,863.571736785329,129.362459546926,927,0.867542687006519,2.74930435972339,971.774153074028,251.286491007946,2391,0.107609488199858,7.89804701845954,858.249554367201,377.311497326203,2244,0.625941409507962,0.438315779317023,774.067100977199,167.895114006515,1535,0.461207307398315,0.300383374617382,935.938679245283,137.675202156334,1484,0.234128497923887,4.52445858167054
292.510849056604,24.3471698113208,2120,0.975919656157305,0.282380368020471,327.634038800705,1007.28659611993,1134,0.803228384782404,0.914793816146119,383.429511278195,313.011278195489,1064,0.697689180105807,0.647746198180475,411.908183632735,406.075848303393,1503,0.814577577906722,1.75137025200361,445.367569838269,946.051669817265,4761,0.91683007018338,0.34790146300026,,,,,,930.871188550093,438.986309894213,1607,0.56218942723275,1.57221299815476,863.381198347107,129.709710743802,968,0.919354000640513,0.396091264952628,962.599173553719,222.722314049587,1210,0.349988909171589,30.0015408688715,857.014174668496,378.597165066301,2187,0.596279310693323,1.78300435723027,773.988728866625,168.840951784596,1597,0.384556340205424,0.949079180132962,933.395286555972,140.497054097483,1867,0.561087506998751,3.79890704674419
292.554421768707,23.731778425656,2058,0.951128976069431,0.616932037416184,327.847079037801,1007.11512027491,1164,0.816354301605764,0.27347780174145,383.322101090188,311.504459861249,1009,0.726037425578912,1.51064173148021,411.559169550173,404.907266435986,1445,0.820628106055808,1.21958780358726,445.467413864674,945.59796596098,4818,0.918878114641991,0.464560027140948,,,,,,932.486526946108,435.437125748503,1336,0.75226296329134,3.89949050951485,863.007874015748,127.84842519685,1016,0.840356005886562,1.89835585275116,967.98188034188,251.82188034188,2925,0.105277446761065,29.5932135931011,856.739912493923,380.585804569762,2057,0.632427275918614,2.00746278050838,774.831013916501,167.819085487078,1509,0.382098573846916,1.3242563329088,933.468309859155,140.306924882629,1704,0.51450758923997,0.203670128267568
293.269569471624,22.0151663405088,2044,0.777243221191406,1.85962181312774,327.378516624041,1007.00937766411,1173,0.775007318252637,0.480345953796057,381.640597539543,312.785588752197,1138,0.500521522437451,2.1139407338084,411.176430048243,404.004135079256,1451,0.850747206521351,0.980885199117531,445.028871932357,944.45782635595,4849,0.9412570676671,1.22157167016847,,,,,,932.638497652582,436.268388106416,1278,0.821584494499563,0.845039764336519,860.190201729107,127.815561959654,1041,0.738980973988995,2.81786392632182,967.859837278107,254.010355029586,2704,0.0965596762605926,2.19187498916861,855.780154756486,379.654073736914,2197,0.581273076369667,1.33763121204968,774.144358794674,165.977575332866,1427,0.439905429661981,1.96536380967864,932.778277996624,139.934158694429,1777,0.527279879018165,0.784282221125784
296.571428571429,22.2084237950499,2303,0.73690731463924,3.30750993327248,327.461261261261,1007.87927927928,1110,0.895312662029394,0.873828069510494,383.432653061224,312.519387755102,980,0.754273795472813,1.81171906311188,411.590643274854,404.910331384016,1539,0.819321054280347,0.996375601798945,445.732555717559,945.975630077067,4801,0.904073745604066,1.67299103565867,,,,,,932.706286836935,437.538310412574,1018,0.924669085142647,1.27173033194591,,,,,,968.783771734284,257.008024966563,2243,0.074824710476211,3.13682641062067,855.689770554493,380.964627151052,2092,0.603132990108682,1.31366645510865,776.456379498364,167.400218102508,1834,0.461264858545227,2.7146550764887,907.050113895216,137.615359583469,3073,0.114808093800389,25.8324458258586
298.028621752532,22.7058564509027,2271,0.612247420069744,1.53975686852272,327.781333333333,1008.24177777778,1125,0.933154766113529,0.483581733251109,385.9829205807,314.510674637062,1171,0.64617948628794,3.23559698775359,409.702877275396,405.831473869642,1703,0.555773543295559,2.10051516241448,444.451625693894,945.695678033307,5044,0.886214619463327,1.31116546336928,,,,,,932.501050420168,439.957983193277,952,0.656937280838341,2.42836124834126,862.055977229601,130.209677419355,1054,0.960387613257439,3.03527709651432,967.687089715536,253.465645514223,2285,0.0882762559145071,3.70825614468615,856.71718102257,381.694150161216,2171,0.569012227699383,1.26006987594873,775.727098014093,168.956438180653,1561,0.481604348716895,1.718625152534,933.421510048886,140.877783813145,1841,0.591595435936641,26.572428322383
296.880425155004,22.1784765279008,2258,0.591427079400743,1.26352087824427,325.864102564103,1008.19487179487,1170,0.943289703766961,1.91780447223321,384.448942042318,315.084636614535,1087,0.649836125150821,1.63784080661131,413.584406779661,405.64813559322,1475,0.767484394656096,3.88585694745424,445.012766848054,945.377145249058,4778,0.926378896650607,0.645246099975054,,,,,,931.522222222222,439.215555555556,900,0.702829637593418,1.22853711313375,,,,,,965.719433198381,249.544939271255,2470,0.109546868896607,4.38675388107812,855.638736263736,380.361721611722,2184,0.549274579759602,1.71417879387308,773.650544959128,168.211171662125,1468,0.412101098765584,2.20623996286106,907.348657718121,136.427181208054,2980,0.112240592796942,26.4499809491493
295.684787792084,21.6456843109204,2097,0.772718068685696,1.30897526717906,326.02098540146,1008.10766423358,1096,0.92138864716484,0.179492014876241,384.271962616822,312.002803738318,1070,0.839741306353636,3.08691036377556,412.080174021131,404.321939092604,1609,0.736663450145678,2.00537112527361,445.288046891354,944.76219384551,4777,0.914463090341531,0.673753909796431,,,,,,931.012004801921,437.483793517407,833,0.651447788177822,1.80535912570094,861.087753134041,128.315332690453,1037,0.929183987800489,2.12743974089563,964.764754779717,246.899418121363,2406,0.095983710041208,2.81250654000771,855.805004721435,380.31208687441,2118,0.610809691212292,0.173518895725038,772.716484926235,168.917896087235,1559,0.432926529662272,1.17129311365507,933.007944915254,138.743644067797,1888,0.696279166135561,25.7636375468517
297.506856023506,22.0279138099902,2042,0.772485314981071,1.86172823739615,326.428436911488,1008.59792843691,1062,0.976264177703903,0.637476056095886,383.972579263068,316.763496143959,1167,0.437900197868368,4.77009670485143,412.713069908815,405.539817629179,1645,0.637972484511771,1.37251059540434,444.923980099503,945.972537313433,5025,0.842650796463778,1.26391294766425,,,,,,932.231749710313,439.206257242178,863,0.741446696000068,2.1106062931542,862.490625,128.905208333333,960,0.725376152756467,1.52184189269576,965.201089423513,248.271901951884,2203,0.097723297024066,1.44017352649497,856.293577981651,381.792660550459,2180,0.528155408331905,1.55910302443651,774.043333333333,168.474,1500,0.440992694968701,1.3991320279669,933.256446319738,143.219878105954,2133,0.750554847912823,4.48312660008496
296.439257028112,20.6039156626506,1992,0.722541179815104,1.77975794382067,326.037701974865,1007.81418312388,1114,0.920040259016444,0.875745685915416,384.165690376569,316.471129707113,1195,0.4809037745794,0.350385552715426,412.419437340153,405.52557544757,1564,0.875234362281877,0.293977762960917,445.105070993915,945.56430020284,4930,0.885487019773232,0.44659987741201,,,,,,931.431306306306,437.641891891892,888,0.756238646478069,1.75725598368447,860.5367278798,130.672787979967,1198,0.840294631141216,2.63477736507654,965.205611775529,246.917203311868,2174,0.112224344638308,1.35470618841492,854.290456431535,384.148340248963,1928,0.990314965062853,3.09220354868227,773.833872010343,168.830639948287,1547,0.503329838582549,0.413601376379695,931.679172679173,138.181818181818,2079,0.897771784322792,5.27918932568293
297.172788411795,19.8830832902225,1933,0.675100709595082,1.02842967673432,325.696551724138,1007.18534482759,1160,0.885482705157441,0.715416729224646,382.556127703399,311.351184346035,971,0.818817567622131,5.36698542007405,410.841683366733,404.613226452906,1497,0.780426387297736,1.82254994134808,445.328747724054,946.39267651224,4943,0.992954010969309,0.858043466020626,,,,,,931.315850815851,438.174825174825,858,0.71170206013089,0.545296116192275,860.016718913271,128.114942528736,957,0.758216476645632,2.61016908985865,965.41252900232,247.758236658933,2155,0.100926053365739,0.866113058219671,854.840458811262,383.66110531804,1918,0.979565320610923,0.73477921555823,774.049026192075,168.174613834788,1489,0.620828754996299,0.690406824639665,932.138613861386,138.488118811881,2020,0.987645571428708,0.552183190518063
298.843621399177,19.2263374485597,1944,0.58853717837614,1.79527100245749,326.973020017406,1007.43516100957,1149,0.925837107603098,1.3006842155199,382.804281345566,310.689092762487,981,0.703836983629676,0.70706823936993,413.295681063123,403.68438538206,1505,0.676169697721604,2.62389985113283,445.471004243281,944.734289755506,4949,0.873965195472902,1.66447696054078,,,,,,931.966666666667,438.177083333333,960,0.830478634399084,0.650819768409855,861.118577075099,127.296442687747,1012,0.800975142614645,1.37260096112665,966.320862676056,245.922535211268,2272,0.11889126824355,2.04813814665971,855.894894894895,383.699199199199,1998,0.913397303490209,1.05512397292898,775.241111829347,167.806722689076,1547,0.626100345862865,1.24756244800969,932.700385356455,138.824181117534,2076,0.986370018698028,0.654618274990915
297.189573459716,19.4354923644023,1899,0.671880681721812,1.66721935115254,327.646362098139,1008.09644670051,1182,0.954143521353594,0.943762853008659,381.589451913133,312.690796277146,967,0.591556773928479,2.34150112331819,412.152054794521,405.835616438356,1460,0.897998937275518,2.43632430103451,444.410656401945,944.749189627228,4936,0.943509486402993,1.0604525217116,,,,,,931.409766454352,438.162420382166,942,0.640491424401869,0.557093213576206,860.814038286235,128.363719234275,1097,0.899242749804635,1.10987526357329,965.176386913229,246.856804172594,2109,0.107177974645789,1.47739069436499,855.463701431493,384.806748466258,1956,0.89006076568642,1.18852563364971,775.523352527191,167.470889315419,1563,0.648123492069943,0.438684244509754,932.608286252354,140.340395480226,2124,0.969434563117187,1.51900896594143
,,,,,,,,,,,,,,,,,,,,,,,,,,,,,,,,,,,,,,,,,,,,,,,,,,,,,,,,,,,
