1,,,,,2,,,,,3,,,,,5,,,,,6,,,,,7,,,,,8,,,,,53,,,,,121,,,,,349,,,,,466,,,,,485,,,,
Velocity(pixels/frame),Tortuosity(pixels/pixels),Mean Area(pixels.^2),Mean Covarience,,Velocity(pixels/frame),Tortuosity(pixels/pixels),Mean Area(pixels.^2),Mean Covarience,,Velocity(pixels/frame),Tortuosity(pixels/pixels),Mean Area(pixels.^2),Mean Covarience,,Velocity(pixels/frame),Tortuosity(pixels/pixels),Mean Area(pixels.^2),Mean Covarience,,Velocity(pixels/frame),Tortuosity(pixels/pixels),Mean Area(pixels.^2),Mean Covarience,,Velocity(pixels/frame),Tortuosity(pixels/pixels),Mean Area(pixels.^2),Mean Covarience,,Velocity(pixels/frame),Tortuosity(pixels/pixels),Mean Area(pixels.^2),Mean Covarience,,Velocity(pixels/frame),Tortuosity(pixels/pixels),Mean Area(pixels.^2),Mean Covarience,,Velocity(pixels/frame),Tortuosity(pixels/pixels),Mean Area(pixels.^2),Mean Covarience,,Velocity(pixels/frame),Tortuosity(pixels/pixels),Mean Area(pixels.^2),Mean Covarience,,Velocity(pixels/frame),Tortuosity(pixels/pixels),Mean Area(pixels.^2),Mean Covarience,,Velocity(pixels/frame),Tortuosity(pixels/pixels),Mean Area(pixels.^2),Mean Covarience,
9.27612498129226,5.44991667691462,3995.31428571429,0.576844923606717,,7.87725826957762,13.2640211379136,1819.62352941176,0.503285632771054,,8.24636901760685,31.6202722398139,2322.2380952381,0.477395012170485,,4.62366036615484,16.5863940156869,2331.70588235294,0.59611443738787,,7.71578994143932,8.36873111650174,1966.31764705882,0.316369957605153,,10.4377793957009,10.3178057867701,3202.95774647887,0.54748346308142,,8.13433271712721,15.4511198287184,3974.29113924051,0.621455739347355,,6.9883805625538,4.90305303480972,3371.97435897436,0.603094342924607,,8.38943052092685,7.36105434730295,3977.93442622951,0.686826585994316,,14.9584362799584,1.65616916745492,2572.88,0.585160761433088,,12.1051803678906,1.13613212216028,1270.78787878788,0.376854931835597,,15.8966427271843,3.33752416694228,1376.72727272727,0.299791565980702,
x(Pixel Position),y(Pixel Position),Area(pixels.^2),Covariance,Pixels/Frame,x(Pixel Position),y(Pixel Position),Area(pixels.^2),Covariance,Pixels/Frame,x(Pixel Position),y(Pixel Position),Area(pixels.^2),Covariance,Pixels/Frame,x(Pixel Position),y(Pixel Position),Area(pixels.^2),Covariance,Pixels/Frame,x(Pixel Position),y(Pixel Position),Area(pixels.^2),Covariance,Pixels/Frame,x(Pixel Position),y(Pixel Position),Area(pixels.^2),Covariance,Pixels/Frame,x(Pixel Position),y(Pixel Position),Area(pixels.^2),Covariance,Pixels/Frame,x(Pixel Position),y(Pixel Position),Area(pixels.^2),Covariance,Pixels/Frame,x(Pixel Position),y(Pixel Position),Area(pixels.^2),Covariance,Pixels/Frame,x(Pixel Position),y(Pixel Position),Area(pixels.^2),Covariance,Pixels/Frame,x(Pixel Position),y(Pixel Position),Area(pixels.^2),Covariance,Pixels/Frame,x(Pixel Position),y(Pixel Position),Area(pixels.^2),Covariance,Pixels/Frame
18.9368387303623,692.022763706316,3119,0.245516003224832,0,134.592954990215,491.099804305284,1533,0.216251113727562,0,209.05174488568,9.54993983152828,831,0.240065109054409,0,782.251805488686,687.768415984593,2077,0.770580301282025,0,884.698717948718,557.614583333333,2496,0.577280593266686,0,910.233504624872,657.98170606372,4865,0.813546522563399,0,967.551824817518,695.64197080292,2740,0.651017891819623,0,,,,,,,,,,,,,,,,,,,,,,,,,
20.6516087097823,699.482612934677,3077,0.282748030452716,7.65439655310527,136.859781121751,492.8146374829,1462,0.276022089316725,2.84238518460589,213.087484811665,10.5285540704739,823,0.32892726942347,4.15269582065124,784.210004952947,689.172362555721,2019,0.635310815658241,2.40948357878075,880.472531847134,556.198248407643,2512,0.94244620318312,4.45720243953007,914.68490642799,664.640358014646,4916,0.80981358351088,8.00953330827537,968.200074934432,697.882727613338,2669,0.827534176450429,2.33264212804215,,,,,,,,,,,,,,,,,,,,,,,,,
22.3071763916834,703.917840375587,2982,0.319321977549177,4.73414689273145,139.283430232558,493.31976744186,1376,0.300502482972313,2.4757284357852,214.06746031746,8.72486772486772,756,0.19457427378874,2.05271440421837,787.499722067815,688.667593107282,1799,0.634935371459911,3.32821737450183,879.023862788963,555.620059656972,2682,0.930237411051133,1.55978981645035,913.961158021713,667.770084439083,4145,0.581485283708161,3.21231991672831,971.501483679525,702.936572700297,2696,0.365023005917586,6.03660913635705,,,,,,,,,,,,,,,,,,,,,,,,,
20.6102337334176,698.606443461781,3166,0.332364921476601,5.57589020349435,139.597044996642,495.28475486904,1489,0.336832439867755,1.98985673082851,208.056231003039,10.7036474164134,1316,0.120759953579819,6.32854224432656,787.030260047281,692.599054373522,2115,0.806117197669231,3.95939165487252,880.154781465659,559.536641472231,3043,0.80738067280741,4.07659050787733,913.711570523508,668.873957985995,2999,0.540330481653274,1.13173792321033,974.98458961474,705.530653266332,2985,0.310417832507154,4.34295762574432,,,,,,,,,,,,,,,,,,,,,,,,,
20.3226441631505,701.771026722926,3555,0.250765714868957,3.17762410892792,147.30959752322,493.939938080495,1615,0.237503655923406,7.82892065804551,208.341907824223,9.23687031082529,933,0.165040034007706,1.49433808880013,787.521119842829,689.067288801572,2036,0.852165758374349,3.56571330789527,883.439311594203,561.627717391304,3312,0.804324757138903,3.8936790654393,921.439426523297,636.939068100358,1395,0.989453143186312,32.8566119732579,954.325049922343,702.457066785001,4507,0.0919802463382511,20.8869220844038,,,,,,,,,,,,,,,,,,,,,,,,,
20.2465633226089,706.909037730331,3419,0.287958869815599,5.13857425814909,149.480404551201,495.193426042984,1582,0.221188941016454,2.50671801861225,205.602941176471,9.65808823529412,1088,0.13109189257435,2.77116633160004,789.932966483242,694.049524762381,1999,0.747765244382117,5.53531204053147,896.275483981497,588.575124207641,5837,0.4169183536696,29.8484514787867,,,,,,956.613816996128,706.944568983085,4907,0.123294579979129,5.03747264963821,,,,,,,,,,,,,,,,,,,,,,,,,
20.0338443737345,701.567544113393,3457,0.277060105086941,5.34572758480955,150.202140309156,493.790725326992,1682,0.232697332731153,1.57748908172282,211.286073825503,10.9211409395973,1192,0.196220283311601,5.82179515616532,789.870009737098,694.416260954236,2054,0.574068586779911,0.372100774388943,912.596153846154,621.717236467236,2808,0.489889811663262,36.9427106457924,891.068181818182,685.159090909091,44,0.837435265104809,56.9875697377304,962.431242695754,708.38176860148,5134,0.16071236483139,5.99232713674591,876.789585225553,553.077808053285,3303,0.775327188758159,0,,,,,,,,,,,,,,,,,,,,
18.0477707006369,703.001592356688,3140,0.230781039634111,2.44969038840992,146.424325811778,492.223995597138,1817,0.238404579614721,4.08980738214003,210.90278824416,10.904295403165,1327,0.145753351625423,0.383655586383938,790.022993688007,695.559062218215,2218,0.883866178112515,1.15299558463493,914.017200938233,618.232212666145,2558,0.309817739667478,3.76361073067846,,,,,,966.013811624784,707.044504124305,5213,0.287647844054532,3.82401312931461,872.669777655778,553.212187757343,3643,0.643727835946648,4.12199858282761,,,,,,,,,,,,,,,,,,,,
26.1544814185086,699.221763419966,4117,0.49630217466821,8.94459979284347,146.760445682451,495.494428969359,1436,0.29758215381018,3.28766041579718,207.528621908127,11.1371024734982,1415,0.141847501017083,3.38218828500313,791.89615736505,695.964318389753,2186,0.589765021007429,1.9165006458552,912.112002918643,612.631521342576,2741,0.367936516325148,5.91587041742456,,,,,,976.811500303705,709.128973476412,4939,0.36237705267496,10.9970492990972,869.205012531328,546.963157894737,3990,0.604542532849211,7.14527617320321,,,,,,,,,,,,,,,,,,,,
28.9377468060395,698.870150987224,4305,0.693247510052408,2.80538723178922,138.522790697674,500.74976744186,1075,0.731120658527599,9.7712610296097,206.348929421094,10.4385408406027,1261,0.155942716393956,1.37100792080695,789.745975855131,695.927565392354,1988,0.785988626988596,2.15049559600042,907.245859403754,601.636363636364,2717,0.318043708401569,12.0238448797366,,,,,,981.628828828829,708.64481981982,4440,0.675486408327183,4.84159672857633,868.372762863535,548.387024608501,3576,0.572721835267848,1.64925314251886,,,,,,,,,,,,,,,,,,,,
26.886464826358,697.498441674087,4492,0.555445593815976,2.46765966047034,138.593326381648,501.052137643379,959,0.973283295621352,0.310488359652372,206.828715365239,12.2222921914358,1588,0.167420383921441,1.84715008426437,793.449282296651,694.148803827751,2090,0.95570976136847,4.10834167317076,903.035764375877,584.904978962132,2852,0.307352542792315,17.2529456401183,,,,,,971.807411566536,705.207374134381,5343,0.654579183738939,10.4055883966458,861.365291262136,541.733313106796,3296,0.807353845866921,9.66315347039111,,,,,,,,,,,,,,,,,,,,
26.5926006057984,697.188879273042,4622,0.465170848619618,0.426831419024038,139.832264957265,501.398504273504,936,0.949395258974123,1.28644418324992,208.449908925319,11.8275652701882,1647,0.127451791631272,1.66855563335499,789.852552816901,696.911091549296,2272,0.771620751121247,4.53505197402343,900.932490974729,578.735740072202,2770,0.279450820928947,6.51791895323923,,,,,,965.647089854053,701.02479338843,5687,0.577530694163651,7.44604225731289,859.888340530537,542.760024676126,3242,0.739708789373217,1.79875515570266,,,,,,,,,,,,,,,,,,,,
31.528668254259,692.073456677047,5459,0.653424372220563,7.1086083142761,139.392276422764,497.74593495935,984,0.945953260540936,3.67897438224248,206.781403940887,11.7142857142857,1624,0.139894264522412,1.67234599914615,785.412403802626,698.553191489362,2209,0.504467355903084,4.73406965328339,901.786854460094,590.324882629108,2130,0.466909743872733,11.6205921608759,876.085106382979,668.5,188,0.568182022532526,22.4057550511992,962.593830809014,692.687107499076,5414,0.352300445187505,8.87915518422992,869.943575275712,535.941266991536,3899,0.607027725943399,12.1492058234983,,,,,,,,,,,,,,,,,,,,
36.7405668893302,695.54775230186,5539,0.986370423910635,6.26375426328716,139.285986653956,493.935176358437,1049,0.508234609879621,3.81224063109685,203.397035468502,12.4621492853362,1889,0.125725114556083,3.46601354264186,788.661217075386,702.394641235241,2202,0.874748123458412,5.03105593602162,901.190863862506,586.194934418815,2211,0.382908580014073,4.17273016286882,861.994444444444,665.977777777778,180,0.80415229310177,14.3146204561746,958.549260194876,690.851136773728,5542,0.288186624866195,4.44177216402264,870.112222493291,536.206635764821,4099,0.583488606711207,0.314424028712368,,,,,,,,,,,,,,,,,,,,
53.2930219627467,680.72810675563,3597,0.75325898632607,22.2172379712997,143.805270863836,492.420204978038,1366,0.816068443269164,4.76645235506412,204.820944112859,12.3000542593597,1843,0.140174227089613,1.43310523860694,788.527414075286,698.777414075286,2444,0.659758862493329,3.61970103317201,897.696890221057,573.703259647808,2669,0.266488220086065,12.9711136912661,893.839258888333,679.944917376064,1997,0.301903692588916,34.773167752215,973.190544825598,689.34188526953,3469,0.624818369959316,14.7188673389211,860.153228397045,537.810793446836,3113,0.763961259051707,10.0873626522415,17.7942789968652,721.880485893417,2552,0.286178727503976,0,,,,,,,,,,,,,,,
64.1715652768284,688.532809295967,2926,0.780467899044036,13.3886551370742,137.504098360656,498.786885245902,976,0.990521219410292,8.95764436378444,210.026706231454,15.3815175922001,2359,0.200440717060087,6.04941117027378,785.631467345208,702.600932994063,2358,0.485912895552087,4.7964366341789,901.321613968853,563.757432751298,4238,0.405131314421929,10.5857496146088,887.043915827996,675.215919487649,2186,0.341143794030736,8.27889535725008,967.725144588268,680.956761222804,3631,0.936293356712202,10.0090411645274,846.261152013859,541.853183196189,2309,0.312281321331275,14.4682653114306,19.4516441005803,707.318181818182,3102,0.238638418623214,14.6563146481856,,,,,,,,,,,,,,,
40.3356501101882,691.549415155111,5899,0.891709312911225,24.0260434266796,136.501516683519,499.410515672396,989,0.965891780404708,1.18071373676301,207.342415616104,17.328588857259,2459,0.306170839245329,3.31609749839684,788.257717492984,705.253040224509,2138,0.571997389474428,3.73240707861287,906.146023147008,578.608717064762,4061,0.594742189157629,15.6152351784283,901.579392420921,663.590980269339,3193,0.590383875951961,18.6123424536742,971.072459666006,683.171525615624,3533,0.774628406088764,4.01368901951329,844.630005068424,536.466801824633,1973,0.211288905736279,5.62794319778117,,,,,,,,,,,,,,,,,,,,
61.4679802955665,679.321066357577,3451,0.687533115317986,24.4153208739511,139.630952380952,497.871031746032,1008,0.968003279332012,3.48760355314465,216.918696397942,16.1053173241852,2915,0.155677698235149,9.65409482324574,788.133996212121,705.727272727273,2112,0.598528417972427,0.490105521307364,910.788075727607,575.408872562871,3539,0.44017724987436,5.63805436275024,903.269022962629,660.565736154885,4442,0.818729581783283,3.46510509501716,964.985415520088,679.639240506329,3634,0.826282078431362,7.03769454634855,843.458737864078,530.020873786408,2060,0.548712632199916,6.55147732484432,24.5192389006342,715.2,2365,0.569973004412435,9.37035617833035,,,,,,,,,,,,,,,
46.6062899428187,692.930205179953,5946,0.868129191042498,20.1513895210143,136.866863905325,498.657790927022,1014,0.960076997142008,2.87387806108153,208.778155706727,17.8639455782313,2646,0.286069807207293,8.32833573298103,785.166339548577,706.568694798822,2038,0.544014380044151,3.08463566327839,923.128639491795,553.953414505029,1889,0.471215608512649,24.7512867239219,901.496611605252,642.856416772554,4722,0.436882882922888,17.7977929812989,958.233679722888,680.569144684253,3753,0.591998246094809,6.81547196130298,842.132668329177,528.474812967581,2005,0.316544825178564,2.03685160650019,,,,,,,,,,,,,,,,,,,,
56.4840675605084,694.857565732196,5743,0.912850940698214,10.0640553139812,136.364203027605,495.228851291184,1123,0.590830978390657,3.46558724954481,212.224773609314,18.8454075032342,3092,0.264969593394202,3.58363537161148,792.101001669449,699.353505843072,2396,0.861659408178332,10.0074217657617,929.079892761394,548.283646112601,1865,0.347141153169653,8.21971344407467,902.585958005249,647.179133858268,4572,0.597110284669515,4.45786480081089,960.074407195421,677.255110384301,3669,0.726528919816408,3.79092349822482,842.715632754342,526.460545905707,2015,0.206543276694912,2.09693092818013,,,,,,,,,,,,,,,,,,,,
57.7833935018051,692.807904237127,5263,0.685667315676871,2.42680039271734,137.23756432247,495.354202401372,1166,0.423479351761031,0.882311085838907,207.041523678792,20.9155799588195,2914,0.455302068114598,5.58137024736076,793.585740402194,702.185740402194,2735,0.892181801107308,3.19781201798947,925.732684602175,553.248425872925,1747,0.873606719287681,5.98772415277042,900.43503615582,653.153720550501,4287,0.911453861120415,6.34997251532394,959.296275234575,676.130793289736,3517,0.8433663915675,1.36732522745032,844.01975595584,526.265543288786,1721,0.160372091005367,1.31862175975129,,,,,,,,,,,,,,,,,,,,
59.0946121088687,701.023143862248,5401,0.998525009285124,8.31922209907042,142.213667820069,492.838235294118,1156,0.435415508471905,5.57599287155267,206.058212058212,21.8620928620929,2886,0.540981372355265,1.36484007093527,791.204474272931,698.969574944072,2235,0.870822605087581,4.00176818823808,926.162601626016,551.855691056911,1476,0.821095752593623,1.45757981432484,901.737676438654,652.424321389794,4605,0.857454485535644,1.492948372216,966.218096080165,679.940170940171,3393,0.525505095474848,7.90082033095815,843.203893996755,515.49594375338,1849,0.154903620862134,10.8004585499545,,,,,,,,,,,,,,,,,,,,
58.1655090631882,709.950533626969,5903,0.924899189644493,8.97560697004661,136.999124343257,489.35288966725,1142,0.510141474730854,6.27208879164525,210.643428952635,22.5453635757171,2998,0.432662820471269,4.63584650705768,789.978713339641,704.138126773888,2114,0.856399367426293,5.31191282713514,927.409891598916,557.593495934959,1476,0.640929913236993,5.87180867323322,901.786128408847,652.062916040369,4657,0.970641591382849,0.364638752751445,970.490785370003,680.638502977034,3527,0.457119365506628,4.32938117993835,846.112662013958,513.191425722831,2006,0.180781695599938,3.71102879684701,,,,,,,,,,,,,,,,,,,,
47.1943887775551,730.562458249833,2994,0.441074138795276,23.349880448954,147.131197559115,489.70709382151,1311,0.656611242263336,10.1382625846047,208.628551385479,23.4559803577692,2851,0.716932447655933,2.21109803816668,789.629613733906,703.084549356223,2330,0.747318461544123,1.10990806364241,940.966720343532,568.161030595813,1863,0.441348806809059,17.1889614118827,902.694785631518,652.54090382387,4315,0.861492629549356,1.02670846372684,969.164033323758,681.061189313416,3481,0.459319037573801,1.3924563659877,845.36491821771,523.665538635082,1773,0.137836709832162,10.5007695948153,76.3938150836226,690.01767118965,3169,0.820766080278971,57.6638651017885,,,,,,,,,,,,,,,
49.5708333333333,738.910069444444,2880,0.414311192331843,8.67929152541208,145.041760722348,483.506772009029,1772,0.807388929852543,6.5429150134453,207.911941294196,24.3592394929953,2998,0.709617106561464,1.15299917098737,790.257405089695,703.908635794743,2397,0.727968925939552,1.03597318718076,913.632929436921,541.112615823236,1403,0.831235077046356,38.4545558683976,910.285365853659,654.455609756098,4100,0.682407264586793,7.82834637172227,971.025590551181,686.35911136108,3556,0.587100637209983,5.61545842599691,844.344913151365,520.738213399504,1612,0.156043752743662,3.09994247853449,72.1232341448753,693.46257889991,3327,0.77707056650306,5.48682519191209,,,,,,,,,,,,,,,
37.0792563600783,732.598825831703,2044,0.693639557423847,13.9954025028982,144.33010989011,482.376703296703,2275,0.99551049053376,1.33547826699013,207.300207039337,24.7919254658385,2898,0.784769559540918,0.749290297323239,789.968016194332,701.719433198381,2470,0.925888604715747,2.20824680248417,919.855900621118,541.686335403727,1610,0.738983482821719,6.24936192874013,917.767529530033,653.979894445841,3979,0.628261506183674,7.49727139274456,975.03098351336,689.619954519613,3518,0.526063092558497,5.16490763576909,847.650847457627,518.342372881356,1770,0.320898739551109,4.08279970433544,74.866527632951,692.728884254432,3836,0.631335865922241,2.83971248448181,,,,,,,,,,,,,,,
,,,,,142.454054054054,482.926819126819,2405,0.675341167625618,1.95504806246375,209.946677278154,25.7254277755671,2513,0.959059716877402,2.80628424918219,788.596888260255,700.314474304573,2121,0.713307900599121,1.96313557985574,919.405405405405,545.337087087087,1332,0.710382506166075,3.67844176152598,924.897799652577,649.332657788072,3454,0.534842461169577,8.51102582382137,978.667959014124,691.409027970091,3611,0.492149555912177,4.05319313681948,845.790101371497,521.194991055456,1677,0.327571480071618,3.40584885810526,66.3397884167115,701.293347677963,5577,0.774681934273747,12.0853347241507,,,,,,,,,,,,,,,
,,,,,142.030421982336,485.090775269872,2038,0.453443819455026,2.20503295241742,212.706743737958,24.052408477842,2595,0.872074846152792,3.22753163161812,787.450419338925,705.422792303897,2027,0.909475519363268,5.23538955282163,924.174554394591,546.153042409342,1627,0.955213443362286,4.83844656568295,923.374315579891,650.029616724739,4018,0.597327242316683,1.67533742246997,984.60255387071,694.345304602288,3759,0.648948730640748,6.62126397092037,847.781917536016,521.428216592151,2013,0.147069578907615,2.00542409086129,72.0438417239458,717.346461081181,5383,0.47132921530681,17.0363926365989,,,,,,,,,,,,,,,
44.1313131313131,734.133838383838,1980,0.463413320736397,7.21718561767214,141.842105263158,484.224276908487,2109,0.384050216117129,0.886725773283261,208.494884425919,26.5335354300872,2639,0.946932641245889,4.88832791632932,786.640540540541,707.16981981982,2220,0.66125108990183,1.92561907174347,913.1776,532.2696,1250,0.652550074771156,17.7110976252249,916.912714955706,641.099791558103,3838,0.556977838215123,11.0224344013987,985.97900466563,692.949714878175,3858,0.967850076054251,1.96017536686989,843.878534031414,528.231413612565,1910,0.12492910039013,7.84346176650193,79.7452600875061,695.410063198833,4114,0.98756775881163,23.2490300198369,,,,,,,,,,,,,,,
44.984266543267,731.509486348913,2161,0.61898405373358,2.75948421379482,143.892004153686,482.007788161994,1926,0.323744105810506,3.01909056252427,211.151980598222,25.6734033953112,2474,0.952739565683199,2.79284571469906,786.788718929254,702.788718929254,2092,0.864936800430108,4.38360603250294,921.241234221599,541.570126227209,1426,0.678087886418218,12.309426670757,919.396599847754,642.597056584623,3941,0.577385539647523,2.90025631911829,984.690045248869,692.202205882353,3536,0.913947370300713,1.49002888458327,849.941302485004,548.070694087404,2334,0.409968125614092,20.7449803827612,86.7910081743869,694.404359673024,3670,0.629925778066948,7.11716275531261,,,,,,,,,,,,,,,
,,,,,144.697944122298,483.749077490775,1897,0.422924503136296,1.91875682657634,212.348681621409,29.0672963400236,2541,0.908880847121577,3.59869457707461,790.566149635036,701.971715328467,2192,0.980843972353084,3.86477394173131,914.923182441701,540.316186556927,1458,0.735320105908784,6.44128426559313,913.569277877009,635.650421025772,3919,0.313447699045943,9.0671620112483,986.59796314258,695.186954413191,4124,0.827477932099939,3.54243905825977,852.802440168935,544.504927264195,2131,0.474531558523618,4.57173948119325,78.0723214285714,713.957857142857,5600,0.562110139746936,21.4092214214906,,,,,,,,,,,,,,,
41.6978998384491,725.676494345719,2476,0.580442172731817,6.69507295164564,145.746220302376,483.763498920086,1852,0.456551287139423,1.04837537520734,211.411764705882,27.5700464396285,2584,0.924082151152112,1.76623061088665,786.753859348199,705.253430531732,2332,0.615065200016989,5.0302298065256,911.736444749485,531.59986273164,1457,0.454914902256347,9.28060332878491,910.527263875365,627.128773125609,4108,0.388846830213707,9.04833311282015,982.74336710082,690.036420646406,4146,0.915375629359179,6.43318806875278,849.498764415157,539.777182866557,2428,0.613321479820081,5.76765468587569,82.7679623085984,700.795347467609,3396,0.980696957940182,13.9750028345322,,,,,,,,,,,,,,,
54.9959647835657,709.801173881145,5452,0.581878827872501,20.7090398410325,144.104951560818,487.114639397201,1858,0.485920093765382,3.73147498710258,213.066045380875,29.347244732577,2468,0.739513364461648,2.42797823798194,786.065217391304,702.59272404614,2254,0.551019671193426,2.74837893080046,914.20546385885,533.075697211155,1757,0.611968420248092,2.8764809704455,909.347358121331,626.9478962818,4088,0.60115893805482,1.19368924810008,982.260383386581,690.15708200213,3756,0.990989720723261,0.497827712150254,849.684782608696,543.413043478261,2760,0.828350357329027,3.64061604073659,,,,,,,,,,,,,,,,,,,,
51.1282307820577,706.175254293814,5997,0.360798037463754,5.30157138593936,141.483267158253,488.975609756098,1763,0.633555653688298,3.21503340314587,210.749314531923,28.8065021543282,2553,0.98467503993098,2.37900070668692,790.962837837838,701.0503003003,2664,0.661812932782752,5.13475968766148,911.703960015379,545.843137254902,2601,0.68758918932774,13.0101901119687,905.423720092616,625.62850527399,3887,0.62534264591937,4.13953234216894,977.114695340502,687.456391875747,4185,0.829208384586843,5.81135376881413,850.789453425712,546.490762124711,2598,0.80166248879235,3.26996172465005,,,,,,,,,,,,,,,,,,,,
55.4305230288837,701.576893052303,5124,0.483653120059904,6.29719339742133,145.655660377358,487.83857442348,1908,0.473467154769636,4.32454789804185,211.689696969697,28.8682828282828,2475,0.962779794011318,0.942409667261301,785.909221902017,706.849183477426,2082,0.404950717150266,7.69194904616025,925.546472019465,540.438442822384,2055,0.528312329309024,14.8602106476373,905.261963492847,629.336457819438,4054,0.521791457149556,3.7114791225142,979.814551422319,688.317833698031,3656,0.997806787737753,2.83395569402692,856.631748826291,553.378521126761,3408,0.657428481773676,9.03181264298245,,,,,,,,,,,,,,,,,,,,
53.6287436795021,695.608129132633,5142,0.672253629729623,6.23478560598592,147.459388185654,485.400316455696,1896,0.49556531188419,3.03290882221675,219.863251311013,25.1444130697862,2479,0.925097339482944,8.98188157062226,789.72095959596,702.467171717172,2376,0.566306929932014,5.8078714960322,928.749869723815,534.655549765503,1919,0.497911060239565,6.61087051450581,903.649963334148,627.228306037644,4091,0.631092827777217,2.65383655237562,968.871520944616,680.561990441383,3557,0.721641874749084,13.412793171358,858.206787186806,553.4211861719,3153,0.977451011896671,1.5756161154199,,,,,,,,,,,,,,,,,,,,
76.3170246618934,697.456642800318,2514,0.675808870950514,22.7634596824726,142.308077994429,490.141504178273,1795,0.784870514292077,7.00106118434422,217.181490384615,26.1726762820513,2496,0.980972166472913,2.87213629552081,784.533989685888,708.389123300516,2133,0.564497829853389,7.87236733158805,929.092911877395,521.417624521073,2088,0.292391349020962,13.2423692251898,904.614200863931,623.866900647948,3704,0.67039191238761,3.49697014681506,963.662015071169,675.030421434552,3583,0.888559682796795,7.59850032064295,864.226234952262,556.801577418016,2409,0.847757648659904,6.90367991565891,26.4459102902375,686.975960128994,3411,0.361912876006787,57.9926634150701,,,,,,,,,,,,,,,
78.4927826784282,693.42101042502,2494,0.623796859063186,4.58478479484811,138.008595988539,491.539637058262,2094,0.74435322834274,4.5210973301932,225.643622200584,22.5593962999026,2054,0.930005138306233,9.20127529749154,790.063905325444,699.494674556213,2535,0.440623421162915,10.4733559781776,933.866856871137,520.001902044698,2103,0.261328244373461,4.97943982124356,899.305933727203,633.901618289237,3893,0.861305357839881,11.3522358209855,969.991525423729,678.447320201558,4366,0.609901266720659,7.19290612250154,871.291443850267,563.131398013751,2618,0.70595768966747,9.48597941947184,26.30362753499,687.703798914596,3501,0.259154946324483,0.741615587933911,,,,,,,,,,,,,,,
,,,,,142.049808429119,488.420908593322,1827,0.675577737900544,5.10469051245244,228.332173048235,24.9174540029836,2011,0.608747379534003,3.57613503540648,788.358421294172,703.864616796696,2179,0.481739472568911,4.69095629547743,932.009983361065,513.618413754853,1803,0.357734874463528,6.64807505816487,901.342999466287,640.40241949831,5621,0.918827585840058,6.81249243560922,991.544410413476,693.546324655436,2612,0.622136407494315,26.3155236862111,869.914314516129,566.420362903226,2976,0.710545947041751,3.56563812621846,46.8959578207381,689.614059753954,5690,0.578709601249263,20.6807437746259,,,,,,,,,,,,,,,
,,,,,142.812929848693,486.907381934892,2181,0.520522951059185,1.69502721122466,226.453163516845,24.1877567789647,2434,0.902876531823856,2.01572191975863,786.862993661628,707.7084349098,2051,0.431898198791739,4.12446863132729,932.58273381295,510.403391572456,1946,0.116034001202721,3.26564093455435,896.200203665988,636.324032586558,4910,0.969718167087182,6.56365663677837,973.276745146634,676.816604708798,2421,0.759408365269339,24.7707715623548,866.044964028777,564.972661870504,2780,0.754047917797624,4.13130868782718,47.3617478510029,698.140222063037,5584,0.667463316141394,8.53887604273079,1003.74441240087,734.357606344629,2774,0.548886779831256,0,,,,,,,,,,
,,,,,131.877998979071,495.550280755488,1959,0.600200018318971,13.9381639087243,228.339059674503,23.5465641952984,2212,0.855809502757538,1.99191672687839,787.844988864143,704.535412026726,2245,0.439893621687243,3.32150399582362,932.506000960154,505.523283725396,2083,0.102209109187206,4.88071106803476,893.261428270487,635.461554666105,4747,0.842977959983065,3.0627224798327,955.104981611501,668.909060514878,2991,0.564907715457594,19.8177255293226,863.157452311671,565.453281603621,3093,0.953267675632612,2.92723747657819,41.812852969815,697.581304771178,5135,0.785961319604336,5.57697256059343,980.102267359471,738.56117146906,4234,0.574000777596775,24.012933638222,,,,,,,,,,
,,,,,134.60174552136,492.268259072118,2177,0.617214351614442,4.26502773223576,227.292440604752,24.5671706263499,2315,0.852808619170926,1.46186489261846,785.600206079341,713.031942297785,1941,0.751869036831228,8.78806442841423,929.758208955224,510.712835820896,1675,0.119283647641305,5.87212158033694,899.940816729138,637.869402248964,5069,0.923104233927931,7.10013803836556,964.145569620253,682.154008438819,3792,0.628181900285471,16.0362363742833,862.434147794994,564.913587604291,3356,0.561125531503304,0.902462761979214,40.141325749289,699.355939619339,4571,0.777439283002343,2.43789501276555,963.373399014778,758.695566502463,2030,0.801446054389721,26.177259204416,,,,,,,,,,
,,,,,132.361439588689,495.502313624679,1945,0.624768595481205,3.93421904841364,228.053671103478,25.5963933018463,2329,0.766548322852037,1.28014498708037,788.698291366906,706.621852517986,2224,0.466801583795589,7.11950724658079,931.50206246317,514.348850913377,1697,0.139636316955683,4.03257124052716,904.336437487616,638.252823459481,5047,0.822528213068111,4.41231160244171,963.816022964509,682.710855949896,3832,0.55342252042803,0.647054981361387,865.159577588736,567.749779994133,3409,0.577254878958974,3.93344058463003,40.5739939420164,703.314149718737,4622,0.801075832587949,3.98178715603535,958.559870550162,756.633495145631,2472,0.471529574977257,5.23662052857953,,,,,,,,,,
,,,,,128.862249761678,495.382268827455,2098,0.550087838256531,3.50124837719332,227.1375,25.81875,1280,0.72164281495729,0.942768259999096,787.396671826625,710.712848297214,2584,0.651610842439824,4.29307114934088,936.331201137171,503.71144278607,1407,0.0401259033750404,11.6822528649069,907.894110142462,637.265149904316,4703,0.779921781583213,3.69222612668959,963.500413793103,678.653793103448,3625,0.472523238534131,4.06932034731835,865.897493036212,569.939554317549,3590,0.625912909243648,2.31076411498747,39.0693768257059,699.250730282376,4108,0.695094208691252,4.33304167790811,948.726125511596,759.503410641201,2932,0.607410853772768,10.2439717119496,,,,,,,,,,
,,,,,129.023364485981,497.30010384216,1926,0.630771486966246,1.92459063128154,220.634399308557,26.3958513396716,1157,0.480043578373546,6.52865717887698,791.52296819788,702.220259128386,2547,0.651983178101426,9.44194855598731,932.743654822335,506.768401015228,1576,0.109930555742242,4.71333026382806,917.979357798165,633.443425076453,3924,0.48887852438823,10.7850730612625,961.705460082663,687.608440287144,4597,0.70157754801651,9.13277422293424,863.49696969697,566.069264069264,3465,0.605472743216652,4.55430114377755,38.7159226545715,697.915492957746,4189,0.642489388768828,1.38122719498847,937.812694032425,771.69782683684,2899,0.420417044496523,16.3648028708887,,,,,,,,,,
,,,,,143.033074935401,487.765374677003,1935,0.459713407943875,16.9464759501634,223.370116518163,24.3358464701851,1459,0.431514107125003,3.42458299844598,788.419898159029,709.819036427732,2553,0.855619574224662,8.20795103001157,934.950609364978,507.830019243105,1559,0.0777895189593471,2.44901645871353,915.659808751087,621.18139669661,3451,0.994467816094226,12.4794890828862,965.139704433498,682.786798029557,5075,0.656296271482618,5.91965103037265,859.103386809269,566.228877005348,2805,0.806295951704581,4.39648119300652,34.6654447702835,697.475073313783,4092,0.733053432259762,4.07435155011141,940.974956521739,796.633739130435,2875,0.246558837794229,25.1356246384522,,,,,,,,,,
,,,,,137.279483037157,491.337641357027,1857,0.477320339346187,6.77236361728702,221.52479338843,21.9462809917355,1694,0.6941431798377,3.0191456786526,785.421031746032,710.338095238095,2520,0.406559329610618,3.04345557082995,935.6802646086,493.322491730981,1814,0.051095017355106,14.5258649067641,921.227741780658,635.284617230622,4167,0.769584731675337,15.1625429151168,975.691422121896,685.4769751693,4430,0.859951215210112,10.8892515453939,868.628524046434,575.665671641791,3015,0.973555937422335,13.408256128119,33.9805243445693,696.442446941323,4005,0.71076296606331,1.23912598821089,941.945921985816,821.517287234043,2256,0.602602789418688,24.9024846181458,,,,,,,,,,
,,,,,130.467757936508,493.640376984127,2016,0.443957690929695,7.19042350735491,220.334991708126,22.9889441680486,1809,0.700091902452564,1.58201597264151,790.766390354182,707.865486058779,2654,0.878506048436637,5.88953774105978,934.338866628506,499.387521465369,1747,0.0660569848693199,6.21159675284945,924.005006257822,640.540926157697,3995,0.80182111793476,5.9449122376176,983.050768514206,687.423847228691,4294,0.812761123267971,7.61250879392853,870.197494033413,579.859785202864,3352,0.899290590000091,4.47797447326518,37.7874748490946,696.740945674044,3976,0.510874066229474,3.81863504898559,942.952705997075,826.495855680156,2051,0.363612832079288,5.07934619985328,,,,,,,,,,
,,,,,135.809128630705,489.064834024896,1928,0.402277485459696,7.03319516753216,216.997842502697,21.0879180151025,1854,0.862136532575672,3.8406334443008,785.541317365269,706.88502994012,2505,0.382560738547342,5.31626578907446,937.835032993401,507.694061187762,1667,0.107401200743708,9.01231276702721,934.432156133829,647.007434944238,3228,0.65340203312813,12.2695228278494,990.469369766417,695.259365359189,4538,0.957810524193702,10.7903192220002,878.08151423045,583.950262503454,3619,0.561893268485536,8.88199183820484,39.2599092881089,700.02524156971,5071,0.633206919633915,3.59925863303584,960.637454981993,837.976290516207,3332,0.698339219319731,21.0843717166143,,,,,,,,,,
,,,,,143,486.757589911256,2141,0.52455644440534,7.55195381670639,206.921508272412,19.440169295883,2599,0.26648509968224,10.2101707802608,789.871016691957,707.000758725341,2636,0.449984800443133,4.33124571125345,939.52,511.995757575758,1650,0.150102515175024,4.6199248508841,945.565171317556,652.837160014129,2831,0.607734759773615,12.5670092492846,992.855245683931,707.567729083665,4518,0.752281311831028,12.5374726906094,893.576652601969,606.549929676512,2133,0.922106503816765,27.4015377211846,45.5758074470274,702.31372145649,4861,0.445425233851158,6.71771611085404,961.48227571116,847.706345733042,2285,0.972256863700777,9.76666251014585,,,,,,,,,,
,,,,,141.407233442931,485.197745420385,2129,0.522613909871052,2.22935419819711,211.677635588056,18.9652650822669,3282,0.177822165809643,4.77977834786525,789.235242675995,717.544818539571,2287,0.852380000963258,10.5632100218369,938.400356930399,514.939321832243,1681,0.146745239212614,3.14931280367061,951.161818926669,658.746415403523,2441,0.492586037392305,8.13890433152279,993.251510925151,712.62389586239,4302,0.685809682835093,5.07167118765341,905.869151768733,620.872955496386,2629,0.931076143506818,18.8747080613633,40.8491688898009,697.43689718859,4873,0.997550615390383,6.79150403008348,955.408484848485,881.63696969697,3300,0.831370093298445,34.4699605167312,,,,,,,,,,
,,,,,149.068592057762,481.629061371841,2216,0.374221329844325,8.45174074752497,204.852557127312,23.1490750816104,3676,0.26233249266809,8.00537082875711,789.361829025845,711.659642147117,2515,0.812439038419807,5.88653763041296,934.458049886621,519.798185941043,1764,0.129836873696153,6.25702367385675,,,,,,988.688505747126,707.614942528736,5220,0.717285641305082,6.77573831795497,923.773389286596,636.267588249815,4051,0.941711670126729,23.6126330321074,40.6999819266221,699.644496656425,5533,0.591214809979834,2.21263466491141,937.647695390782,899.464128256513,2495,0.735808966080448,25.1645231321391,,,,,,,,,,
,,,,,149.414498141264,483.798327137546,2152,0.43696759235801,2.19667134111252,197.995294117647,21.5252941176471,3400,0.186502916113486,7.04689439417487,785.078057241977,714.561144839549,2306,0.476016258216776,5.17391713988997,934.518321119254,517.737508327781,1501,0.204178420129889,2.06155883915079,,,,,,986.57957145829,709.892032452673,4807,0.951994582301548,3.10366595437205,930.924725943971,652.977588306943,4105,0.947306863204416,18.1759653910412,44.1300043047783,701.726431338786,4646,0.861623889415688,4.01241891335761,934.421935483871,904.904516129032,2325,0.635035520405878,6.3248199326531,593.300787401575,9.85826771653543,635,0.540896778517272,0,,,,,
,,,,,148.364347468094,480.891724989708,2429,0.410574678635089,3.09049388968505,194.890287277702,20.259097127223,3655,0.11539319598309,3.35325547709475,783.838107098381,719.667496886675,2409,0.53283273957992,5.25474143871913,933.260697827518,522.055299539171,1519,0.124159622785946,4.4972143921615,,,,,,981.128561659448,700.409847276043,4387,0.58127529667403,10.9373371325463,921.147694996723,641.220668560192,4577,0.478078287274588,15.2910266520916,41.802258805513,696.177067381317,5224,0.656407837903058,6.01779356922504,929.669978267619,911.388388699162,3221,0.555121744395091,8.03876239795463,586.552486187845,18.0789265982636,1267,0.825212433875837,10.6357323076956,,,,,
,,,,,150.205757832345,477.663420829805,2362,0.427992122297628,3.71654945862648,229.249526515152,24.9616477272727,2112,0.655911326792484,34.6795516568818,786.021222410866,713.766553480475,2356,0.538348505924848,6.29183006372354,932.437735849057,512.019407008086,1855,0.104717549083868,10.0695782093128,946.158426368953,671.037214247741,3762,0.830255899517198,13.2701798524221,1000.70693877551,707.287346938775,2450,0.417198368195643,20.751213268376,898.944297782471,633.515311510032,3788,0.639101506877963,23.502412112894,44.5342388228636,694.657423127712,5301,0.856794974483191,3.12618513090927,941.150965824666,916.244873699851,3365,0.936681161943492,12.4658943460544,586.866248693835,15.2277951933124,957,0.895991973779436,2.86834398189335,147.615014436959,9.888354186718,1039,0.109200467243051,0
,,,,,147.248838191804,476.204900718209,2367,0.45743574995918,3.29706758750132,227.312026515152,29.7026515151515,2112,0.491933248389576,5.1216230988507,783.96550199027,718.929234851835,2261,0.506131568998126,5.55691149739165,933.719950433705,509.625774473358,1614,0.0622454644746998,2.71542831840471,943.507524649715,666.494032174364,3854,0.777406142368232,5.2600174217303,997.466115702479,707.293801652893,2420,0.515497124815409,3.24082950091854,891.332748538012,635.309649122807,3420,0.712871493011384,7.82018729759382,41.0185536580223,696.526670883407,4743,0.491017498878337,3.98172441920045,950.922015765766,923.57347972973,3552,0.787580731058217,12.214003573466,591.00325732899,26.5960912052117,1228,0.410649925265862,12.0976441781661,158.136556403732,11.5335029686175,1179,0.0930716337921347,10.6493830747682
,,,,,153.342199285431,475.366415244144,2519,0.410160512983814,6.15078103231947,201.684811029237,26.1630615640599,4207,0.157120212011457,25.8705019391462,785.528913963329,714.652562294311,2127,0.500485988780192,4.55348055467289,934.069599109131,505.413697104677,1796,0.0422741572788744,4.22656479377548,945.537964004499,669.415916760405,3556,0.829456649110522,3.55810251504943,996.999119330691,710.327168648173,2271,0.356295751945858,3.06910425683416,897.398060606061,634.111757575758,4125,0.698915255569458,6.18247156413294,39.96138996139,689.709205446048,4921,0.923359256602459,6.89894412726108,965.480399318237,933.955441928415,4107,0.917778375627304,17.8810422167109,593.921692169217,33.7074707470747,1111,0.338470888526184,7.68693572921463,,,,,
,,,,,156.911470728225,476.018562589243,2101,0.36662858754184,3.62835979363453,206.290798169802,28.0899847483477,3934,0.166172283372533,4.99280987993672,782.179556761646,718.477611940299,2211,0.398177610328118,5.08421070164571,935.442432082794,502.134540750323,1546,0.0640314395572985,3.55493133124591,,,,,,976.616596405591,698.971155979587,4507,0.624968663836405,23.3325151777792,901.511845624761,639.987199082919,5234,0.690006351157807,7.17245007540408,39.9038158309681,698.515610217597,3171,0.885508399524986,8.80659297236236,969.026267110618,938.778394376619,2703,0.823915823325375,5.98615475231616,602.516619183286,52.042735042735,1053,0.181630914450375,20.2498070896709,,,,,
,,,,,165.752977503308,471.249669166299,2267,0.365166555441119,10.0456252435202,200.282200811359,26.1587221095335,3944,0.19419838176698,6.31134039614125,781.703637180063,720.312528064661,2227,0.45249067595855,1.89563093232308,935.524906600249,497.013698630137,1606,0.0540245389069162,5.1215062301929,,,,,,972.804664049873,696.338259062572,4331,0.352765761965731,4.63281496071227,896.148910411622,638.336763518967,4956,0.488087970917941,5.61115065303752,40.2885384273656,696.380941803643,4502,0.695814582238223,2.16905986863258,977.90479876161,954.84907120743,2584,0.461090293224289,18.3601464612366,610.846641318124,78.6489226869455,1578,0.280689908748479,27.8797146636373,,,,,
,,,,,176.681166126793,465.785284590467,2161,0.308458359234093,12.2182161293313,224.515698924731,28.3767741935484,2325,0.886649901315822,24.3347937295186,780.025641025641,726.296081277213,2067,0.40415505235138,6.2143849367174,936.025029797378,486.307508939213,1678,0.0279814066366698,10.7178645685765,,,,,,970.422935779816,698.635091743119,4360,0.286098581170866,3.30878677385162,895.327671620665,641.858693087992,4239,0.421505369172158,3.61640996582929,34.8908822806586,695.295895797493,4069,0.861111217536091,5.5056349963964,998.589743589744,958.724523339908,1521,0.320117850414774,21.0448585591364,620.369580668088,111.142146410803,1407,0.444073908449809,33.859946276268,138.165784832451,22.9805996472663,1134,0.106946366427816,23.0188561732028
,,,,,185.472024866785,462.343694493783,2252,0.248582417954615,9.44053704934664,221.325174825175,29.6145104895105,2288,0.860376066166491,3.42219741806226,782.612541528239,718.921096345515,2408,0.377072063980275,7.81552665871738,935.940074906367,487.195380774032,1602,0.0572334179724112,0.891926974909786,979.152430044183,758.99263622975,1358,0.153203459785724,95.6761255383113,965.543171919037,685.157058672816,3903,0.951909064834916,14.3342063184945,888.434928631402,640.964315701092,4764,0.581047224455596,6.95052637044382,44.8920158432354,696.927454659162,4797,0.582413023904342,10.1333438141409,1000.54238618524,968.658555729984,1274,0.338533347800363,10.1241203387182,618.779078273592,113.027066569129,1367,0.345898675372337,2.46629719826372,105.833986287953,17.9583741429971,2042,0.112284328131325,32.7195346259351
,,,,,176.346223839854,466.178343949045,2198,0.292864869913944,9.8987262224927,226.966236955187,36.3517495395948,1629,0.308930780704164,8.78703431042816,781.337306317044,724.794199443782,2517,0.328441059900491,6.00995547793408,935.039340101523,492.517131979695,1576,0.0481970921352032,5.3974400491004,,,,,,971.02104989605,708.919958419958,3848,0.20834346897541,24.3861139077919,890.485498415793,643.635145015842,4103,0.693483608410847,3.36721927845353,40.4292612264606,699.243360695316,4142,0.577097910255565,5.02788221200933,995.183437221728,979.044523597507,1123,0.486948247624466,11.6870296713397,626.548270893372,122.898414985591,1388,0.270734451327658,12.5620011750682,96.5428419372006,17.4928153273018,1879,0.118693100906143,9.30280110275335
,,,,,235.125611745514,434.558727569331,1226,0.304216229489024,66.7444123696076,214.374310085299,32.0371299548419,1993,0.570696582898255,13.3106184851703,781.078343088699,724.178748311571,2221,0.38883272232879,0.667714047908806,935.063547082611,501.400346620451,1731,0.0281842421507409,8.88324762300705,,,,,,969.994324899503,708.521636320643,4229,0.221954403395817,1.10128321213767,902.070566037736,645.801886792453,5300,0.510983215026645,11.7859476382466,44.6671789242591,694.838858397366,4555,0.653567790335208,6.11224892375676,1004.87260168841,966.217191097467,1303,0.274126667423467,16.0754585355756,628.739187418087,121.94495412844,763,0.500881939408228,2.38939381944173,86.897152818129,14.6809994189425,1721,0.0920240982370103,10.0471701132348
,,,,,240.029223093371,425.497505345688,1403,0.34877026310296,10.302968137245,213.712252475248,36.5742574257426,1616,0.411091725451621,4.58517676499255,782.505171042164,720.668655529037,2514,0.359328133480434,3.78900901962316,936.261453879047,500.531459987783,1637,0.0485263580370513,1.47984616544305,971.220338983051,759.283649052841,2006,0.275758101523088,7.93742761008194,958.708390646492,680.669325997249,3635,0.959148601834299,30.0520132822069,894.217373737374,641.941818181818,4950,0.668105782328128,8.75058620809335,38.8475783475783,700.616452991453,2808,0.735266698771468,8.20050914064063,1005.6615737204,960.14820473644,1309,0.217848585828572,6.12005492766143,639.736778846154,135.147836538462,832,0.655520715074756,17.1832220829373,81.0832187070151,14.9951856946355,1454,0.125751486335232,5.82241726984654
,,,,,246.64251497006,427.309580838323,1670,0.170894820033024,6.85705819118412,210.248661800487,31.1221411192214,2055,0.659294534780495,6.45925944533309,781.242495126706,720.831189083821,2565,0.373838006899147,1.27309372157303,935.681712962963,498.182291666667,1728,0.0351872864495025,2.41964694340232,970.640159045726,760.40407554672,2012,0.313796109462996,1.2617306716803,958.604401805869,680.718397291196,3544,0.887786912701512,0.114985524584086,890.894357233772,647.012091641918,4714,0.573559678114576,6.06218703467647,38.8042203985932,700.496483001172,1706,0.908762485511564,0.127564533896135,,,,,,644.094760312152,142.399108138239,897,0.498829807303469,8.46007933010756,80.7010148321624,11.7181889149102,1281,0.0459969563728416,3.29921016249074
,,,,,254.525131282821,432.530382595649,1333,0.260397105782605,9.45475599492109,201.418500407498,26.4938875305623,2454,0.709250606733422,9.96957779984503,780.669807455961,719.329373207702,2441,0.321146276269354,1.60730273874768,937.030573248408,492.190445859873,1570,0.0394293548439675,6.14179454573707,963.329085872576,769.423268698061,1805,0.308042788244825,11.6102384146212,957.750303914418,682.473133965475,4113,0.858383928371524,1.95155937758527,887.489619064813,635.153637840765,5539,0.412779397636416,12.3375511570662,40.0020229265003,698.075522589346,1483,0.954836060747614,2.70107019743867,,,,,,647.711731843575,148.111731843575,895,0.407399742668413,6.76140167849144,71.2948717948718,15.524358974359,1560,0.119250053640808,10.1470418033737
,,,,,248.280592361652,436.315666406859,1283,0.117608259736355,7.30223526527288,196.656158049601,25.4131988230349,2379,0.533084279152781,4.88342019658355,784.804329371817,713.043718166384,2356,0.464805953307172,7.52354509331477,938.073934837093,490.934210526316,1596,0.0879951746070899,1.63301274276105,948.107575757576,798.757575757576,1980,0.292915828357337,33.0483878705598,964.632192460317,689.409970238095,4032,0.90178938105384,9.77139127408789,891.510737294202,641.460272011453,5588,0.505312378656576,7.47950709456222,41.7830253251198,696.093771389459,1461,0.953049051168757,2.66445254454657,,,,,,659.919525065963,163.341688654354,758,0.650859330704886,19.5187550786094,94.179347826087,11.097049689441,1288,0.141828541770861,23.308803288191
,,,,,233.280027932961,432.325418994413,1432,0.264579548002148,15.5222101387609,167.542920847269,21.6229654403567,4485,0.0607942946210863,29.3589245289131,784.569948186528,717.101634117178,2509,0.346905340375754,4.06467912678596,937.497610921502,493.023890784983,1465,0.0378830524279904,2.16769758941263,948.49265750829,800.460918995737,2111,0.239398208713499,1.74632933369436,961.511484317115,687.714003457644,4049,0.817471052727701,3.55177739103148,895.366420464781,648.035308953342,5551,0.669361033755196,7.62216527629054,44.350622406639,697.033886583679,1446,0.965956945731167,2.7342954031028,,,,,,670.800268096515,175.395442359249,746,0.763740850731432,16.2383357298458,,,,,
,,,,,188.660226029894,451.204520597886,2743,0.327872081909607,48.4494292971871,182.890359585264,24.4032649459519,4533,0.106999998655982,15.5972414598646,786.340690208668,717.012841091493,2492,0.473936969753365,1.77296686668994,935.411652944902,502.550348321723,1579,0.0910187430989248,9.75215944698633,947.1291230893,802.338696701529,2486,0.311704229864558,2.32061957764281,963.85807795299,692.811663195478,3361,0.393298147631411,5.61183004862568,899.528152718858,656.780370227536,5186,0.965588376797594,9.68483928849793,44.3757785467128,698.954325259516,1445,0.944652025378769,1.92060343096438,,,,,,677.175266903915,185.363879003559,1124,0.732836066741527,11.8325964574965,,,,,
,,,,,186.307811892732,455.583754372328,2573,0.275314566822931,4.97107038010307,173.083074314778,24.7205425261373,3539,0.0894861606954623,9.81241608573388,786.871749669458,718.919347730278,2269,0.650395724225574,1.97908860706781,935.38688085676,509.88219544846,1494,0.0780545010348093,7.33188897530545,947.169673330083,798.284251584593,2051,0.287988530242618,4.05464789202107,962.657310879444,692.340817963111,3741,0.498173853900711,1.2897816860827,902.08282786028,659.700481070906,4781,0.778365152555719,3.8798727319032,42.2171865803414,696.05650382578,1699,0.913087649241042,3.61343165690202,,,,,,681.720953326713,192.782522343595,1007,0.567399003217789,8.70054791729099,,,,,
,,,,,150.549640895649,471.592310942121,2367,0.472771955934169,39.1780637156169,214.39460916442,31.5660377358491,1855,0.766401745667626,41.8748578063185,789.031864673485,714.208497246263,2542,0.693193496444893,5.18249062839166,937.333548387097,505.611612903226,1550,0.120047350680356,4.6933346087115,941.26135726304,806.551318003365,1783,0.155064824826119,10.1613279604819,965.040558335528,691.692652093758,3797,0.616730761168682,2.46981526255012,902.898633257403,661.882004555809,4390,0.701177864882578,2.3290734555093,53.9522740033689,688.274003368894,1781,0.693419555653252,14.0811785794914,,,,,,683.466417910448,193.982587064677,804,0.659858092672087,2.1182072485612,87.3645833333333,15.2596726190476,1344,0.206715873103493,7.98551468258511
,,,,,139.37353515625,486.0166015625,2048,0.539406261831736,18.2473422557745,207.338439095551,31.9518599562363,1371,0.447867289146508,7.06671032564364,787.420760697306,715.21236133122,2524,0.492736883006216,1.89826213235404,936.490543014033,497.001830384381,1639,0.0662707549153331,8.65095446068384,945.268859897901,791.858763471356,1763,0.146245506764113,15.2292887570135,958.786016949153,681.103107344633,4248,0.446639854548579,12.29868878977,900.082525543621,664.205920880273,3817,0.842100703919772,3.65117100924284,51.7836799276673,677.98869801085,4424,0.876337506252378,10.5114369414165,,,,,,694.556939501779,213.127224199288,1124,0.434672199905952,22.1250265578088,65.2342064714946,15.4876733436055,1298,0.413550892956443,22.1315513323718
,,,,,123.503692762186,495.474150664697,2031,0.533957776961418,18.4742288778963,197.300727032386,28.5109054857898,1513,0.243958738070011,10.6111182789887,784.192307692308,719.553586862576,2314,0.455273840609173,5.41009684937078,936.686211340206,496.186855670103,1552,0.17880551056072,0.838134761705589,943.406909788868,789.911708253359,1563,0.144886547118322,2.69404569940057,956.287708732549,682.242814125376,3653,0.542307894444,2.74599262402939,901.244134897361,661.904936461388,4092,0.839850878943693,2.57756970548725,41.3789413338429,685.668641314733,5233,0.961166928013238,12.932134949678,,,,,,703.401612903226,232.850806451613,1240,0.173140107806916,21.6159187739608,92.0121293800539,15.9231805929919,1484,0.313542883001086,26.7814641470741
,,,,,112.871124031008,508.343023255814,2064,0.520855928175181,16.6930943683197,203.865244789142,23.1861366941348,2063,0.864130942025666,8.45257688893446,784.961429151441,715.270807957775,2463,0.423969088218931,4.35129210307738,939.20116156283,498.572861668427,1894,0.205357774259159,3.46669860909637,949.36748182419,771.14606741573,1513,0.117408706473728,19.6895326261226,959.268311488049,680.148804934464,3891,0.964881596955903,3.64264564262347,897.768213572854,666.011976047904,4008,0.68598153929908,5.38050213450097,49.0855011090946,685.027021576931,4959,0.763103870043148,7.7332230963205,,,,,,704.562865497076,244.282894736842,1368,0.169054154466397,11.4909159838543,65.88625,24.814375,1600,0.758906289911551,27.59737145752
,,,,,111.176886792453,507.830660377358,2120,0.398062971928013,1.77001568911842,204.724,26.2232,1250,0.264042285161445,3.15613910276604,787.356682769726,712.084943639292,2484,0.459608252323253,3.985846378336,936.141495601173,497.483137829912,1364,0.128715015423081,3.24793070140805,948.054644808743,768.602459016393,1464,0.120963796437547,2.86242636906269,958.792938209332,676.442875157629,3965,0.747563382403112,3.73629432258088,897.33984375,663.495814732143,3584,0.783862236895503,2.55236527011046,43.2096620202406,679.756921901852,5237,0.680840913371249,7.8929991500929,,,,,,703.804081632653,250.879183673469,1225,0.115013636906769,6.6397876990443,53.4423765211167,36.0608446671439,1397,0.198732349746182,16.7729862318087
,,,,,135.127646326276,508.382938978829,1606,0.535592434125248,23.9571261611381,134.434579439252,23.2597147073291,4066,0.0428571300990934,70.3518648498072,784.794569067296,715.31129476584,2541,0.529921395710439,4.11992332646629,937.632246376812,502.472222222222,1656,0.194922008569314,5.20704339800047,948.969260954872,764.548724656638,1529,0.115847336057461,4.15563291860815,957.921521997622,671.81498216409,4205,0.602914761552686,4.70922071830119,897.376175548589,662.995725277857,3509,0.743319658449559,0.501407480874293,45.6632532493107,675.077392674281,5078,0.329294122417012,5.28375848341515,,,,,,703.883566691231,262.358142962417,1357,0.0787303223138671,11.4792344793482,,,,,
,,,,,146.945155393053,515.408592321755,2188,0.46957430392385,13.7482117178311,199.498220640569,22.020640569395,2810,0.0947508099913993,65.075438616217,783.8184,718.7516,2500,0.514505798034685,3.57611607084192,938.031930333817,497.417997097242,1378,0.221816929730666,5.07000383426532,954.904845300642,751.683012259194,1713,0.099191168305834,14.1688996403916,932.476080691643,664.858069164265,6940,0.290911277107608,26.3793313361649,,,,,,50.160136286201,675.071171682756,5283,0.393833464187286,4.4968873399505,,,,,,701.992676431425,275.886817576565,1502,0.06191721308723,13.6601794567314,46.7820689655172,27.9344827586207,1450,0.87016235532005,10.5070193015656
,,,,,139.123557075673,508.259085079094,2339,0.741980063514613,10.5968322649414,198.202459016393,22.1606557377049,3660,0.166181010994339,1.30330442876711,786.450446791227,714.84971567831,2462,0.448131057061961,4.70663059640917,939.90756302521,496.849859943978,1785,0.155214029590788,1.95979024845555,956.630397236615,752.59067357513,1737,0.154726345067304,1.94971242704775,955.928236397749,664.991322701689,4264,0.427929323097711,23.4525342717727,901.20261627907,659.116569767442,3440,0.813533421167186,5.44880685451991,50.174044032445,678.661877172654,4315,0.554928015001198,3.59073242397511,,,,,,698.300128534704,282.050128534704,1556,0.129489905799567,7.18479727871985,18.6597353497164,7.2476370510397,529,0.15432081877701,34.9114771003414
,,,,,146.971901655795,501.58705469142,1993,0.634082822136486,10.301092279092,215.165351846008,26.9277374566109,3169,0.48846797480231,17.6200113865946,784.05671641791,718.653731343284,2680,0.422452333996342,4.49449444092417,936.33438089252,509.030169704588,1591,0.0983216401403633,12.6936037600754,957.915029208709,730.710568242167,1883,0.16129976986096,21.9177847577093,950.112924805994,657.884666845063,3737,0.515449785687087,9.1827232547707,898.942521008403,661.199327731092,2975,0.840409660130911,3.07342014173762,51.5726271630834,676.71788148925,3814,0.547246845467609,2.39481815393106,,,,,,695.550595238095,293.697023809524,1680,0.090293639983922,11.9670423619111,30.9099167297502,15.3459500378501,1321,0.451169972042765,14.6850133495366
,,,,,151.037636584379,500.18575475516,2471,0.859559145452689,4.30044672340753,188.942313995411,17.3362831858407,3051,0.114645102334799,27.9221007293884,781.195251739664,724.005730659026,2443,0.48889800176871,6.06892715235197,937.635587655942,507.647406434668,1523,0.127598908815896,1.89872939141262,961.57833655706,703.99194068343,3102,0.201012357539856,26.9685906074264,,,,,,918.379928315412,655.305854241338,4185,0.681068111686916,20.3112243006914,51.6919932676124,676.635008415484,4159,0.64572143597246,0.145314188109085,,,,,,692.405769230769,301.984615384615,1560,0.130985815431799,8.86420355880227,47.0264187866928,16.9148727984344,1022,0.943799031894151,16.1926883864327
,,,,,145.97726070862,496.521946060286,1891,0.688240331860715,6.24747134099869,209.27930813581,29.052530429212,1561,0.614541803211417,23.4704874285651,788.73969889065,708.153328050713,2524,0.414056338345396,17.5561200517098,938.008720930233,493.916279069767,1720,0.0929827652491389,13.7361962402812,961.954892205638,702.559203980099,3015,0.324747442968338,1.48139414658854,,,,,,922.797049081602,651.893706714845,3321,0.374550541736577,5.5815505556842,61.568352365416,665.492985318108,3065,0.830348654298622,14.889162089629,,,,,,686.215661103979,309.754172015404,1558,0.193777412897018,9.93395434156946,52.9118644067797,23.0725423728814,1475,0.879840812461897,8.51794369170572
,,,,,146.763787213275,493.675939482674,2049,0.432178358650649,2.95268985542512,206.682242990654,32.4821330401319,1819,0.763492434770147,4.30196715898827,787.598917822117,710.483936422049,2957,0.586151847706851,2.59482500891008,942.076822916667,496.707682291667,1536,0.372835436790844,4.93369898952684,963.83970681963,698.214467813894,3138,0.388939955180263,4.73595380921834,,,,,,921.33249229044,650.354639753294,3567,0.432540969964718,2.12453611564388,61.8544284400858,669.341097149862,3263,0.899876972524313,3.85873090409098,,,,,,676.559627690518,321.874345549738,1719,0.23414975584492,15.4963733752209,54.0824222035324,36.0050462573591,1189,0.250661318335642,12.9853710874034
,,,,,151.933898305085,488.355084745763,2360,0.351307537870142,7.41899884303622,211.781051415367,31.9872905834778,1731,0.430243086811354,5.12276452795053,783.070463672873,715.014238773275,2739,0.387009975636236,6.40550828391637,938.447624847747,499.484774665043,1642,0.105947722724868,4.56982720392308,963.925387596899,698.020348837209,3096,0.393821242798026,0.212187117192774,,,,,,922.12396185789,647.213472777607,3251,0.440382429441843,3.23934469381498,65.4152744630072,671.347766791681,2933,0.621199378029006,4.08733989904828,,,,,,671.263397371082,331.913549039434,1978,0.156486148802181,11.3505798223715,54.7028714107366,58.3389513108614,1602,0.0889648211679518,22.3425216159138
,,,,,160.087212150906,481.051445369917,2041,0.241406077175469,10.9462173740921,,,,,,783.713481168603,719.512495600141,2841,0.552028921775392,4.54398349251623,939.418181818182,502.31129476584,1815,0.122087063382695,2.98851078516929,965.980099502488,702.301616915423,3216,0.407007253985055,4.74879957173354,,,,,,926.361847988077,649.180625931446,3355,0.428153918385032,4.67219117578613,75.0273756251645,674.657804685444,3799,0.276522296999039,10.1660631322893,,,,,,666.737078651685,339.875505617978,2225,0.22374385790274,9.15861963988983,,,,,
,,,,,182.174390243902,474.240650406504,2460,0.22331628329148,23.1134238949008,206.372318692543,31.2921348314607,1958,0.591417136771455,5.45322209216747,786.820618556701,711.018556701031,2425,0.330951633970725,9.04440715416615,939.627853881278,501.718607305936,1752,0.412257452212133,0.628681794846055,967.457971981321,701.389926617745,2998,0.432509920926916,1.73645796452799,,,,,,931.848926802422,649.660429279031,3634,0.456344007885669,5.50801644579781,68.1350863624645,673.931425625161,3879,0.48059122662135,6.93046014489271,,,,,,663.196842624568,354.446965959546,2027,0.273183172589588,14.9953568684978,,,,,
,,,,,,,,,,,,,,,,,,,,,,,,,,,,,,,,,,,,,,,,,,,,,,,,,,,,,,,,,,,
