1,,,,,2,,,,,3,,,,,4,,,,,5,,,,,6,,,,,7,,,,,38,,,,,42,,,,,66,,,,,86,,,,,160,,,,,184,,,,,255,,,,,448,,,,,652,,,,,693,,,,,716,,,,
Velocity(pixels/frame),Tortuosity(pixels/pixels),Mean Area(pixels.^2),Mean Covarience,,Velocity(pixels/frame),Tortuosity(pixels/pixels),Mean Area(pixels.^2),Mean Covarience,,Velocity(pixels/frame),Tortuosity(pixels/pixels),Mean Area(pixels.^2),Mean Covarience,,Velocity(pixels/frame),Tortuosity(pixels/pixels),Mean Area(pixels.^2),Mean Covarience,,Velocity(pixels/frame),Tortuosity(pixels/pixels),Mean Area(pixels.^2),Mean Covarience,,Velocity(pixels/frame),Tortuosity(pixels/pixels),Mean Area(pixels.^2),Mean Covarience,,Velocity(pixels/frame),Tortuosity(pixels/pixels),Mean Area(pixels.^2),Mean Covarience,,Velocity(pixels/frame),Tortuosity(pixels/pixels),Mean Area(pixels.^2),Mean Covarience,,Velocity(pixels/frame),Tortuosity(pixels/pixels),Mean Area(pixels.^2),Mean Covarience,,Velocity(pixels/frame),Tortuosity(pixels/pixels),Mean Area(pixels.^2),Mean Covarience,,Velocity(pixels/frame),Tortuosity(pixels/pixels),Mean Area(pixels.^2),Mean Covarience,,Velocity(pixels/frame),Tortuosity(pixels/pixels),Mean Area(pixels.^2),Mean Covarience,,Velocity(pixels/frame),Tortuosity(pixels/pixels),Mean Area(pixels.^2),Mean Covarience,,Velocity(pixels/frame),Tortuosity(pixels/pixels),Mean Area(pixels.^2),Mean Covarience,,Velocity(pixels/frame),Tortuosity(pixels/pixels),Mean Area(pixels.^2),Mean Covarience,,Velocity(pixels/frame),Tortuosity(pixels/pixels),Mean Area(pixels.^2),Mean Covarience,,Velocity(pixels/frame),Tortuosity(pixels/pixels),Mean Area(pixels.^2),Mean Covarience,,Velocity(pixels/frame),Tortuosity(pixels/pixels),Mean Area(pixels.^2),Mean Covarience,
14.4232744055389,3.41065212476356,2604.91304347826,0.275638859275295,,12.0869028099768,36.176076240565,3322,0.327957294290704,,7.08383459625504,53.4782938313998,3229.78823529412,0.623947992583169,,11.5721860248284,2.26839391393483,3198.3829787234,0.448295529728355,,8.61478436347592,14.4350287417657,4528.35820895522,0.667368409105928,,9.7866165545915,22.3307292091478,2806.85365853659,0.305659576263799,,8.37037837942689,10.4428849644113,3200.66666666667,0.732845019963962,,6.14015625403684,4.86738701286048,3236.69620253165,0.51734348805027,,2.25366522965241,107.865780557029,852.825,0.585850373333472,,7.38637374600787,11.1102843776074,3496.33766233766,0.741020859837119,,6.66302734473295,5.02941647090741,1854.13333333333,0.312759200843326,,13.3053798684087,10.4133425869186,3242.46428571429,0.684835789054684,,4.64371139880373,13.481312109401,1179.05555555556,0.276636116996526,,3.15601658261151,36.0994204518971,647.228070175439,0.819043687535425,,12.3392307591417,3.94662840625282,3804.22222222222,0.664924560397107,,7.36772665167388,58.3450121813222,4198.53333333333,0.524686408401387,,15.9684317850697,2.73685371788619,2015.80952380952,0.519476605789873,,4.3792667931659,8.03407273925305,1257.77272727273,0.3183478834104,
x(Pixel Position),y(Pixel Position),Area(pixels.^2),Covariance,Pixels/Frame,x(Pixel Position),y(Pixel Position),Area(pixels.^2),Covariance,Pixels/Frame,x(Pixel Position),y(Pixel Position),Area(pixels.^2),Covariance,Pixels/Frame,x(Pixel Position),y(Pixel Position),Area(pixels.^2),Covariance,Pixels/Frame,x(Pixel Position),y(Pixel Position),Area(pixels.^2),Covariance,Pixels/Frame,x(Pixel Position),y(Pixel Position),Area(pixels.^2),Covariance,Pixels/Frame,x(Pixel Position),y(Pixel Position),Area(pixels.^2),Covariance,Pixels/Frame,x(Pixel Position),y(Pixel Position),Area(pixels.^2),Covariance,Pixels/Frame,x(Pixel Position),y(Pixel Position),Area(pixels.^2),Covariance,Pixels/Frame,x(Pixel Position),y(Pixel Position),Area(pixels.^2),Covariance,Pixels/Frame,x(Pixel Position),y(Pixel Position),Area(pixels.^2),Covariance,Pixels/Frame,x(Pixel Position),y(Pixel Position),Area(pixels.^2),Covariance,Pixels/Frame,x(Pixel Position),y(Pixel Position),Area(pixels.^2),Covariance,Pixels/Frame,x(Pixel Position),y(Pixel Position),Area(pixels.^2),Covariance,Pixels/Frame,x(Pixel Position),y(Pixel Position),Area(pixels.^2),Covariance,Pixels/Frame,x(Pixel Position),y(Pixel Position),Area(pixels.^2),Covariance,Pixels/Frame,x(Pixel Position),y(Pixel Position),Area(pixels.^2),Covariance,Pixels/Frame,x(Pixel Position),y(Pixel Position),Area(pixels.^2),Covariance,Pixels/Frame
49.673284419508,408.53431160984,2317,0.146017422289537,0,87.3536764705882,210.046323529412,2720,0.222484998555826,0,220.306034482759,560.378502155172,3712,0.20722590322769,0,356.260492040521,937.78509406657,2764,0.366028768844936,0,436.388401753687,129.61578318055,5018,0.360475588396991,0,617.990990990991,991.623211446741,1887,0.212326809601141,0,916.140397350993,522.196026490066,2265,0.180221107883717,0,,,,,,,,,,,,,,,,,,,,,,,,,,,,,,,,,,,,,,,,,,,,,,,,,,,,,,,
44.9871023215821,413.705932932072,2326,0.198791430415487,6.97896623831102,92.8300293685756,220.527900146843,2724,0.215935281015474,11.8259836567777,221.760964912281,562.397203947368,3648,0.199577475555431,2.48836883933324,358.076280834915,941.501328273245,2635,0.369159370626438,4.13611963375138,444.838973162194,129.879424348503,5142,0.386095653845173,8.45468295063249,621.076740035693,995.33254015467,1681,0.253887727925056,4.82503540197851,945.419372294372,529.79816017316,1848,0.40422410115101,30.2498067807158,,,,,,,,,,,,,,,,,,,,,,,,,,,,,,,,,,,,,,,,,,,,,,,,,,,,,,,
37.2450787401575,415.70374015748,2032,0.240737187560161,7.99563398644709,93.7385208552401,217.116018226428,2853,0.254754660461111,3.53076408447147,224.368029739777,563.801115241636,3766,0.172463913397295,2.96103933390609,359.849084249084,943.525274725275,2730,0.36611723285502,2.69057450853456,444.449637389202,132.290290088638,4964,0.512147993189099,2.44210072705666,624.99943246311,997.926220204313,1762,0.373869512631929,4.70262608337441,925.262345679012,528.868518518518,1620,0.827826759020923,20.1784527548167,,,,,,,,,,,,,,,,,,,,,,,,,,,,,,,,,,,,,,,,,,,,,,,,,,,,,,,
46.3985669502911,420.527989252127,2233,0.108382814389213,10.34696698266,96.9665871121718,208.443914081146,2095,0.269094184714786,9.25342110064009,222.200413698,563.287979774764,4351,0.208445374437995,2.22752492958619,355.718518518519,941.668148148148,2700,0.469108599497242,4.52885111015958,452.945516686771,128.746682750302,4974,0.875878238940742,9.20527663936144,624.574152542373,999.007768361582,1416,0.302649940831828,1.16215723009994,891.785714285714,529.961904761905,1680,0.970313079298214,33.4944822757417,,,,,,,,,,,,,,,,,,,,,,,,,,,,,,,,,,,,,,,,,,,,,,,,,,,,,,,
54.3673044925125,422.961314475874,2404,0.0585530374301576,8.33197753605524,80.0040453074434,169.858009708738,2472,0.524352285122731,42.1497312057118,221.405456059975,561.735318617243,4802,0.221427007194914,1.74433778733686,353.480083857442,939.094689028651,2862,0.539749542128114,3.41075967661586,456.125514901866,130.379694693482,4127,0.844710831759833,3.57478903637323,625.714285714286,997.70618556701,1358,0.288096786218844,1.73032407970905,903.398876404494,527.765917602996,1602,0.922634420745098,11.8189633216775,,,,,,,,,,,,,,,,,,,,,,,,,,,,,,,,,,,,,,,,,,,,,,,,,,,,,,,
61.5102753005041,423.496316401706,2579,0.0584553497777354,7.16297836269694,73.8557284299859,160.927510608204,2828,0.583669338875166,10.8423067015405,218.177512653651,532.049530007231,2766,0.484743859942395,29.8607713234731,350.719557195572,935.159342502516,2981,0.628081695695869,4.80702191919929,455.740418528098,129.645191629438,4253,0.832489981818034,0.829333448125133,626.54802259887,996.770782889427,1239,0.264705890649261,1.2530344615957,906.229863692689,527.79863692689,1614,0.908656404056324,2.83117635976204,219.817684095264,593.091979195182,3653,0.651525262275481,0,479.55763546798,20.1339901477833,1015,0.893753950030051,0,,,,,,,,,,,,,,,,,,,,,,,,,,,,,,,,,,,,,,,,,,,,,
76.3860507800551,416.781278678495,3269,0.228015956725965,16.3211650240465,64.5302974660301,152.928755049578,2723,0.699418892407461,12.2859168624143,216.069994422755,521.934188510876,3586,0.36631741924045,10.3325585738211,349.864047396321,933.305269722482,3207,0.734653724471539,2.04193116688047,461.028098799003,139.023793337865,4413,0.57524099866232,10.766509771167,629.813559322034,1000.27306967985,1062,0.334154786241114,4.78850110710008,903.945412311266,529.936120789779,1722,0.966003383944634,3.12850689278433,223.052677981045,597.641613400926,4537,0.960357080572686,5.58250453175911,481.37361530715,24.3665659617321,993,0.301547534127367,4.60570090182765,,,,,,,,,,,,,,,,,,,,,,,,,,,,,,,,,,,,,,,,,,,,,
89.0511500171644,417.083075866804,2913,0.234407518954411,12.668694495831,57.6192159383033,148.289524421594,3112,0.700473847579927,8.32379172628134,215.657089651503,516.803937217345,3759,0.415236616550573,5.14684065081629,349.416266410503,930.98623118796,3123,0.707716930095051,2.36187373410544,458.038312428734,136.295553021665,4385,0.843121679197348,4.04748289221661,629.25291005291,998.608465608466,945,0.282236088051828,1.75648350901348,905.38357771261,526.984750733138,1705,0.888935105247025,3.28312426399962,220.861922011506,597.023865331345,4693,0.822349040374361,2.27618637100276,477.379310344828,18.064039408867,1015,0.986010371315574,7.46165618891704,,,,,,,,,,,,,,,,,,,,,,,,,,,,,,,,,,,,,,,,,,,,,
95.4572210814511,416.958590006845,2922,0.355250672455689,6.40728048473144,59.5254582484725,149.111337406653,2946,0.681030533516109,2.07584593057652,209.431561461794,504.305980066445,3010,0.498895038194058,13.9626693073564,348.194875252866,927.016520566419,2966,0.800942763128758,4.15335993849888,456.639305258149,134.635974304069,4203,0.9489439373514,2.17058116255709,626.247247247247,992.213213213213,999,0.215974458483098,7.06634715396338,907.960518894529,527.367738296672,1773,0.817544116659489,2.605245732919,228.446488807114,609.627721557804,3261,0.632749511476575,14.7099573505264,481.52899408284,20.5147928994083,845,0.584594248661286,4.81934308769643,211.635199414563,560.273691913648,2733,0.964672658617555,0,,,,,,,,,,,,,,,,,,,,,,,,,,,,,,,,,,,,,,,,
97.4042119565217,416.196671195652,2944,0.335951200507199,2.09076391361085,58.60569550931,148.823293172691,2739,0.647508610149614,0.963811691706795,201.289049090285,503.200480604188,2913,0.46112509434182,8.21721587773069,347.129330254042,926.051468162323,3031,0.847264013543262,1.43760644377116,458.323162979914,139.196542079837,3933,0.866467457825535,4.86149722457255,628.675048355899,998.346228239845,1034,0.287595048852141,6.59606636868271,908.755930087391,528.433208489388,1602,0.952474302406804,1.32962614944794,231.369026548673,612.060471976401,3390,0.671798371603118,3.80256511450041,481.001133786848,20.484126984127,882,0.590921884034134,0.528750310113381,208.49591002045,559.508861622359,2934,0.927030831179738,3.23111486556318,,,,,,,,,,,,,,,,,,,,,,,,,,,,,,,,,,,,,,,,
78.8392724573125,424.314773570898,2694,0.0661888868817013,20.2622941638965,51.6354933726068,135.665316642121,2716,0.915845200158374,14.8901331157761,198.464597478177,499.971225347559,3093,0.542699928011953,4.29017673547468,346.075253256151,924.498408104197,3455,0.540148577358753,1.87698531204393,454.993840322199,138.928689883914,4221,0.774129613573163,3.34007996282059,628.306592533757,994.227958697379,1259,0.246121983764424,4.13471930332358,909.512633352049,526.323975294778,1781,0.894703841205723,2.24086244557537,234.706896551724,616.069570477919,3306,0.845346293619162,5.21672760954054,482.30749682338,21.4904701397713,787,0.573513354630159,1.64903333202483,210.582474226804,560.128865979381,3104,0.853000762377215,2.17673048170093,155.241739130435,1013.11304347826,575,0.999155704697986,0,,,,,,,,,,,,,,,,,,,,,,,,,,,,,,,,,,,
55.4406711945665,426.208949260887,2503,0.0717271231130182,23.4751452092958,48.1519514967791,128.619173929519,2639,0.994626080683047,7.86022843987371,201.464411557435,499.583509513742,2838,0.655125857454644,3.0247657889345,360.361755485893,927.506896551724,3190,0.894994561764429,14.5998338586216,458.742258854979,148.720427712185,4489,0.857244959873091,10.4846922317489,628.443100995733,989.711237553343,1406,0.287353296971301,4.51878351474968,910.441042047532,536.539305301645,2188,0.635434343751747,10.2574319327524,229.676322083444,611.348126494818,3763,0.458953582253804,6.89918203604392,479.351515151515,19.830303030303,1155,0.764949498449199,3.39027763992282,208.817752278097,556.805264934188,2963,0.986611547745253,3.76305294459948,157.474870017331,1011.89428076257,577,0.635945078851957,2.54406291494147,,,,,,,,,,,,,,,,,,,,,,,,,,,,,,,,,,,
36.6155358898722,428.512291052114,2034,0.17484735145354,18.9655240541163,43.2197406340058,129.029178674352,2776,0.885400735450255,4.94922295776262,198.509663341646,499.947319201995,3208,0.645445626006638,2.97706138800908,378.221472572602,936.614843062482,3409,0.969073311328639,20.0480468889139,453.669625871909,150.801733248785,4731,0.904086534493557,5.48301359816023,627.731531531532,987.617417417417,1665,0.264403350474234,2.21142801465252,912.929081632653,534.666836734694,1960,0.933528225231309,3.11391706879785,234.820937412293,607.356160538872,3563,0.647339171147998,6.51174777423548,469.828260869565,15.9731884057971,1380,0.353049092459609,10.2747119349039,204.550062189055,553.435634328358,3216,0.717416335233575,5.43760876818595,160.839306358381,1009.62774566474,865,0.71000626178285,4.05667514630567,,,,,,,,,,,,,,,,,,,,,,,,,,,,,,,,,,,
68.1487443657437,426.249839021249,3106,0.0481323661867356,31.6142677595851,38.8527131782946,122.763734411864,2967,0.926809846313034,7.63719324132079,202.607479674797,496.170406504065,3075,0.771485650356046,5.57289585655631,386.843290891283,946.576232451845,3063,0.67310954409432,13.1744081342145,450.64414603441,152.087704574066,4766,0.989041666266603,3.28743828787025,625.333175803403,982.430529300567,2116,0.27100992195809,5.71453572351875,913.040348464007,534.451627693718,2181,0.543666024316364,0.242271003376785,239.011137162954,602.159730363423,3412,0.63473086982088,6.67537718175939,480.917301414581,21.0587595212187,919,0.6694916165607,12.1995841641843,200.565503080082,556.687885010267,2435,0.806608564908181,5.14333022378232,161.731979695431,1007.15939086294,985,0.557642068455452,2.62481258649603,,,,,,,,,,,,,,,,,,,,,,,,,,,,,,,,,,,
51.7456368362421,430.763460824359,2693,0.115588752052609,17.0127810309163,36.8231989424984,119.055518836748,3026,0.943943147735069,4.22726753173133,198.778693349029,497.162742789876,3398,0.5731647514274,3.95529215514166,392.457345241762,951.664305512781,3247,0.618435736451252,7.57668091736448,446.551498313157,155.521135145862,5039,0.997794654442962,5.34211670235883,624.448793215916,980.030658838878,3066,0.229778266945517,2.55763773704104,909.958314034275,529.500694766095,2159,0.465693551315463,5.83186703208136,240.768014594102,599.10945576163,3289,0.734019066355818,3.52005588796851,481.059371362049,20.76717112922,859,0.577146275173662,0.324357303481673,204.533023255814,550.748217054264,3225,0.69414710391435,7.14288959542375,162.68673565381,1007.86265286924,1063,0.6245730574589,1.18580621922623,,,,,,,,,,,,,,,,,,,,,,,,,,,,,,,,,,,
95.3275200558075,421.697244506453,2867,0.101946508365432,44.5149056304392,41.1729323308271,124.37522377372,2793,0.856801974353211,6.87164035481952,205.785442073171,503.076219512195,2624,0.695931076492739,9.16862773967127,401.620992237597,954.47924400945,2963,0.725306283033019,9.58625604729557,445.894638791141,158.459118194991,4831,0.96016802926915,3.01051637242351,622.911259541985,971.98441475827,3144,0.265804643416163,8.19182846519616,902.304133858268,526.738188976378,2032,0.65622092134854,8.13743893402625,233.922836752899,588.734834968778,4484,0.926070451699271,12.4293691019761,481.227217496962,21.0109356014581,823,0.573754668780107,0.295961894389921,176.762949640288,529.982374100719,2780,0.830944355935132,34.6755998099961,160.024462564863,998.645663454411,1349,0.21953480918467,9.59377881093637,,,,,,,,,,,,,,,,,,,,,,,,,,,,,,,,,,,
109.860963983051,417.309851694915,3776,0.48495827220079,15.1812452739905,45.3352842809365,130.364966555184,2392,0.674704926663193,7.2939832975322,187.014844419069,502.972880388239,3503,0.473288893992106,18.7708821121091,410.303893637227,958.628046850269,3159,0.490913269823634,9.62316692818355,442.824937751389,159.31220072783,5221,0.835514630608214,3.18603425613872,621.649087893864,969.413266998342,3015,0.272539687204728,2.86424127347938,899.467221644121,526.559313215401,1922,0.654697454106508,2.84254594486028,239.916455696203,596.438924050633,3160,0.785171742556126,9.76096596749936,472.76393442623,17.6819672131148,1220,0.473833305486092,9.09445934984273,206.800257317465,552.696365390801,3109,0.829081165399136,37.6585349266183,158.65935483871,983.24,1550,0.168485833058443,15.466026819276,852.216666666667,438.140740740741,540,0.8659325219275,0,,,,,,,,,,,,,,,,,,,,,,,,,,,,,,
113.226383265857,408.18286099865,2964,0.913567804116603,9.7276927438518,47.8460665658094,126.038577912254,2644,0.510460785232442,5.002166167942,181.033879164314,502.482778091474,3542,0.385877365141355,6.00101205130315,419.928571428571,962.273574251835,3542,0.650771923701636,10.2919528090042,444.771170493037,150.983628152051,5314,0.529836021615368,8.55294937636595,617.650038570327,959.781691951659,3889,0.322082018899357,10.4287886819119,907.05215540181,529.999467802022,1879,0.432066451072725,8.32861835410777,238.354172898594,592.779838468442,3343,0.720023931400104,3.97864736279853,475.301464254953,17.3893195521103,1161,0.815464095770106,2.55434928800878,206.137874300757,547.893715037841,3039,0.812692176492846,4.84811320758975,158.780460415497,981.817518248175,1781,0.152168043652476,1.42762771582921,,,,,,,,,,,,,,,,,,,,,,,,,,,,,,,,,,,
112.078227360308,400.902504816956,2595,0.598330182967747,7.37033568542084,53.4294071762871,129.511700468019,2564,0.531708209037393,6.57542946581968,181.887627365357,502.087918486172,3435,0.394393349267654,0.940638133759638,414.061475409836,958.931206088993,3416,0.628773746186257,6.7523507483721,442.575718015666,153.987318164864,5362,0.391745516996948,3.72050605072307,614.494776319314,953.593624430753,3733,0.276531960671371,6.94606791760299,907.042204568024,532.878351539225,2014,0.440335153103825,2.87890093463206,239.343032159265,587.837366003063,3265,0.867596219582995,5.0404242587744,480.919899874844,20.7509386733417,799,0.503844979707651,6.54731257319275,203.8758526603,548.881650750341,2932,0.800621526485997,2.46835144862448,156.767942583732,968.91028708134,1672,0.256485777766398,13.0631866103681,,,,,,1017.56857142857,75.1342857142857,700,0.097351133322683,0,,,,,,,,,,,,,,,,,,,,,,,,,
106.445847684654,390.598163030999,2613,0.665854855922342,11.7432176362589,72.4642392717815,160.835500650195,3076,0.386135885595571,36.6538577881862,175.160421870663,502.947543713572,3603,0.401271234185809,6.78190602260269,426.563559322034,970.209745762712,3776,0.591678225740538,16.8376827182153,448.608836789901,154.981785392245,5545,0.549564487268296,6.11453082503984,609.569961795606,944.482091690544,4188,0.313749216813704,10.3573079016128,910.138730520715,531.918662105663,2631,0.468323808126002,3.24183231901007,239.055248618785,585.4459791283,3258,0.804018948250247,2.40864080986798,481.189534883721,20.9604651162791,860,0.484033974528854,0.34147381788694,204.387107776262,546.347544338336,2932,0.900018990303163,2.5851648111801,156.02442159383,964.607326478149,1556,0.342073423404783,4.36672570870155,,,,,,,,,,,,,,,,,,,,,,,,,,,,,,,,,,,
105.644191343964,370.124829157175,2195,0.46254822590072,20.4890227389599,87.7209103840683,185.407965860597,3515,0.304126662014143,28.9235554513085,176.255995017129,502.28682653379,3211,0.54831145233846,1.27938567715715,423.505867014342,969.003585397653,3068,0.533736137481768,3.28699027603659,446.238986013986,153.802272727273,5720,0.976056468588816,2.6471574994576,609.015503875969,938.494787489976,3741,0.304179218816512,6.01292234897421,910.409556313993,529.719112627986,2930,0.627723063859226,2.21615985773899,238.134397870925,585.587159015303,3006,0.70456152351913,0.931610358641429,481.110582639715,21.0915576694411,841,0.523600907534222,0.153031742877681,203.533964177087,547.534978033119,2959,0.913592149697649,1.4621397950678,154.476611883692,961.085967130215,1582,0.282877575226873,3.84651615830258,,,,,,1018.28907330567,87.7510373443983,723,0.0414041055385383,12.6373076503998,,,,,,,,,,,,,,,,,,,,,,,,,
114.451596023025,349.26949241235,1911,0.349801585267143,22.6388040302669,94.0665836963286,196.746421904169,3214,0.278320662541494,12.9933889050526,178.79306518724,502.518446601942,3605,0.326020786876253,2.54762102833983,414.001466813348,959.837550421709,2727,0.372991846483566,13.2041592068895,448.140798682585,150.566899958831,4858,0.944286910722706,3.75293596764199,613.569003153044,939.567305360175,4123,0.31019662423364,4.67810327464213,907.260079312624,526.415069398546,3026,0.642549779263099,4.56463657306525,239.518727915194,580.710247349823,2830,0.820448178602327,5.06957957471388,479.237755102041,22.5010204081633,980,0.416200256503034,2.34394287424318,202.942219504739,550.271476612657,3271,0.873981610537245,2.79974753023603,155.614344503233,965.537918871252,1701,0.264343164661206,4.59503099207118,,,,,,1018.25256673511,92.4404517453799,974,0.0317386564222583,4.6895564986283,,,,,,,,,,,,,,,,,,,,,,,,,
118.234799802274,339.543746910529,2023,0.321639258397847,10.4356483460066,98.1806270472625,202.18951801591,2137,0.416896621090543,6.82295009325238,173.05056932351,511.711989283322,2986,0.472821420542117,10.839625721367,419.252535165195,962.022571148185,3057,0.303334795248528,5.68753324481659,450.704675269727,149.53480008462,4727,0.790154616539864,2.76381860917802,611.749705397125,932.489983502239,4243,0.296286373335856,7.30741602794768,908.763762102351,521.978146611342,3615,0.586540261794798,4.68479943559322,226.191702432046,572.628755364807,4194,0.603556362904778,15.5858949352412,479.72,20.6084848484848,825,0.45041569413549,1.95301074913964,217.340206185567,509.85070637648,2619,0.490812258540094,42.9085153197723,153.198468410976,962.14294830887,1567,0.406083848657157,4.16680722047204,,,,,,,,,,,,,,,,,,,,,,,,,,,,,,,,,,,
,,,,,111.390989686991,263.453410530125,5527,0.0872746828470833,62.6719890147615,184.364158355999,498.126624357812,3309,0.419557428356597,17.6793505807012,432.771390728477,969.898013245033,3775,0.277766083680946,15.6455119431005,458.912970711297,147.721338912134,4780,0.99682811762139,8.40623313263523,611.683119906868,928.77299185099,4295,0.265915345212272,3.71758800339282,904.665981922761,517.714872637634,4868,0.794124163338632,5.91331610647872,235.897196261682,577.501682242991,2675,0.795046633935933,10.860111732263,481.874321880651,19.2359855334539,1106,0.761983836560344,2.55437999037183,205.982572115385,541.422776442308,3328,0.701830353514865,33.5528159759167,153.830347144457,953.925531914894,1786,0.549944755696555,8.24167476462301,,,,,,1015.21322160149,88.6480446927374,1074,0.173869344286912,4.86003807538699,,,,,,,,,,,,,,,,,,,,,,,,,
,,,,,109.977119545938,258.603228095069,5638,0.087436739096233,5.05205883072272,177.288373612018,498.351077726976,3062,0.342194969794319,7.07934382962689,424.742365922505,962.798049781883,3897,0.243550076403903,10.7179625168676,462.31032271853,146.688608677068,4679,0.917521219332475,3.55084953207915,611.979489876413,933.843281619774,3803,0.36209188690018,5.07894413222734,920.96797752809,502.062640449438,3560,0.668695989559661,22.5997219715054,235.415714285714,574.941428571429,2800,0.903406596264435,2.60513411476825,480.979217603912,20.5195599022005,818,0.446295693628152,1.56485616793994,203.702417854929,540.119652820831,3226,0.731870917350528,2.62625867429818,157.124916051041,953.402283411686,1489,0.297623948126827,3.33586169922256,880.484437350359,528.041500399042,2506,0.883507342853915,94.2401901874435,1014.84991568297,88.7284991568297,1186,0.155064268777434,0.372107660798997,,,,,,,,,,,,,,,,,,,,,,,,,
,,,,,94.4034693221972,197.692258271764,3113,0.368372675469352,62.8703811512788,175.609073359073,498.365508365508,3108,0.500559970053185,1.67936225480667,416.010826210826,955.780626780627,3510,0.192827528605005,11.2019646185471,449.779240129128,143.193692575118,4027,0.719674937356485,13.0093224044169,611.831884926581,930.323044650884,3337,0.317971300667176,3.52333017731143,919.002169197397,491.608242950108,4610,0.883271976955107,10.6376138991324,231.307162006894,574.439678284182,2611,0.719702303506069,4.13907660940839,481.390941597139,21.6901072705602,839,0.635192596186112,1.24084559400957,205.414597666766,536.518396649716,3343,0.663874241697326,3.98755635923284,156.781842818428,954.147696476965,1476,0.267644069703197,0.820572897934211,877.989100817439,532.725136239782,2936,0.436534965220552,5.30689637181555,1016.36721728081,88.1715374841169,787,0.180463435115741,1.61629528357121,51.8068077276909,421.709291628335,1087,0.743495487396032,0,,,,,,,,,,,,,,,,,,,,
,,,,,96.1446796172804,212.149318643085,3449,0.163972612145387,14.5615386505594,172.706339341206,496.463331261653,3218,0.566463177662623,3.47046718943099,410.6305274374,951.102557272243,3754,0.183201875875531,7.12965281178549,448.171068006544,152.116616031783,4279,0.556628414824288,9.06668520405141,616.188655355786,941.355533046341,3949,0.252324932176672,11.861587110024,917.38065661047,496.745341614907,4508,0.839200350504505,5.38693658412969,231.623170731707,570.239837398374,2460,0.876828563527322,4.21171283212246,482.74569402229,19.9331306990881,987,0.715769530540847,2.2186303897117,202.431234718826,535.772310513447,3272,0.674588107362697,3.07523966576151,156.930118798043,954.667365478686,1431,0.307774623675675,0.54040876887862,871.200282087447,537.429478138223,2836,0.592493434406307,8.25947289154159,1013.58636363636,86.4818181818182,1100,0.191865733586017,3.25396655059774,42.7325966850829,426.731491712707,905,0.820715760013701,10.3712969166473,,,,,,,,,,,,,,,,,,,,
,,,,,81.363430420712,181.14498381877,3090,0.326774799228494,34.3475487583797,172.411493695441,506.390155189137,4124,0.74008540580848,9.93120170181264,395.586492890995,945.303317535545,3376,0.191466715897226,16.1230939015165,455.461730072464,146.851902173913,4416,0.976490852098381,8.9928285519461,612.703841743119,932.196100917431,3488,0.243418081428277,9.7999552467923,916.141775347076,494.10475389146,4754,0.819189089911863,2.9167670990341,,,,,,480.13612565445,19.4005235602094,764,0.477064442850137,2.66336580867386,218.186479128857,550.938067150635,4408,0.969324464428566,21.8684224579231,157.141672946496,952.690278824416,1327,0.29992478859113,1.98837290170153,866.176964607079,543.797540491902,3334,0.383668745864302,8.1108530161085,1015.86885245902,80.0255009107468,549,0.428461082497662,6.84790390778586,48.2659340659341,422.885714285714,910,0.836549299897111,6.73853297003829,,,,,,,,,,,,,,,,,,,,
,,,,,77.8146051514294,184.145202377583,3533,0.260298748617608,4.64709287539448,159.985810306199,513.135548917102,2678,0.668252964847881,14.1385269471391,379.664435655613,940.5716458777,3287,0.229188678850909,16.6102565688926,457.983760292772,149.289569990851,4372,0.865959273159618,3.50754341639322,613.875345409886,928.34786613448,3257,0.234894539298087,4.02260261347897,911.51473745852,489.491508881515,5123,0.689528180911373,6.53387397673957,203.719458987784,508.201570680628,2292,0.795735169615754,68.0247283451404,480.397153945666,20.3143596377749,773,0.46614944737884,0.95038526160467,219.501851324409,559.042722870977,3511,0.61316841653597,8.21070328035912,157.973990417522,952.522245037645,1461,0.304917273164954,0.849109961119426,872.807356608479,540.955112219451,3208,0.653256841891067,7.21397924700757,1009.64473684211,84.4894736842105,1140,0.900093333314911,7.65941695789576,49.8630831643002,420.816430020284,986,0.960414089022323,2.61396683482581,,,,,,,,,,,,,,,,,,,,
,,,,,74.362962962963,181.341798941799,3780,0.285164220466754,4.44667343313694,161.641410352588,517.66016504126,2666,0.631783809179686,4.81800400421123,361.733054643177,933.234696924455,3349,0.311104162307096,19.3743450200432,449.488137869293,155.296329453894,4468,0.898906357391694,10.4046508643581,612.968740132618,927.361225134196,3167,0.190543210940408,1.33992297995496,912.906574394464,495.282312232852,4913,0.762964600798741,5.95572107390116,202.594042553191,504.116595744681,2350,0.750622485694213,4.23716678673007,481.50455136541,21.8426527958388,769,0.379773573741237,1.88732854114992,221.031059506531,559.844992743106,3445,0.794128605209417,1.72688002246695,158.647435897436,952.396011396011,1404,0.273410716072694,0.685174245499844,872.50146627566,544.894102313457,3069,0.381588330124883,3.95084951072389,1003.98882314267,87.0677186061802,1521,0.631940738136455,6.21584319727665,50.8974358974359,424.361416361416,819,0.774636105839792,3.69280567256939,,,,,,,,,,,,,,,,,,,,
,,,,,75.7027630477254,186.089031537817,3583,0.229199033476934,4.93267489176311,156.758226997985,517.937541974479,2978,0.845939020336422,4.89105485940948,344.849585358879,919.545324563912,3497,0.328920204999917,21.7359253472089,441.359136387572,149.633228014745,3798,0.774067292167937,9.90713798227885,614.925309849967,933.668623613829,3066,0.203648721753052,6.60389586832828,911.492895015907,494.239236479321,4715,0.868525999660952,1.75684273996276,204.007218844985,508.257598784195,2632,0.875314865137124,4.37549693234361,480.582677165354,21.4370078740157,762,0.429791719400781,1.00717418718332,221.695804195804,562.468822843823,3432,0.733637611634765,2.70672678697806,157.851233671988,951.697387518142,1378,0.222888282215452,1.05925129527253,856.902176986146,549.362454057111,3537,0.355885879405191,16.2266445589635,1004.21327596804,86.1487400122926,1627,0.724406138748611,0.945991927470941,47.335632183908,425.557471264368,870,0.825096962498231,3.75725871142444,,,,,,,,,,,,,,,,,,,,
,,,,,73.1358912869704,175.959232613909,3753,0.238093000390951,10.4499596590121,165.577658503858,525.308285810131,2981,0.505973441222173,11.493921731836,332.215545590433,912.243348281016,3345,0.243293972514607,14.5923890609671,444.284933304177,158.653619068445,4573,0.404889858061822,9.48302390373942,621.655,957.128571428571,2800,0.152318103298949,24.406103355224,915.761435430882,484.72984584281,3957,0.386058405323727,10.4234805872147,200.557077625571,494.104642313546,2628,0.880156686161142,14.5674174545099,480.304589707928,21.3977746870654,719,0.400266264559905,0.280841373263084,222.378624689312,558.74537420602,3621,0.940062761918615,3.78554006513042,157.583001328021,951.455511288181,1506,0.186224996526093,0.361182365254147,877.059257236483,537.872474057892,3662,0.578106457444362,23.2018862293769,1004.9667673716,85.2954682779456,1655,0.960594633911263,1.13834175355084,50.7493857493858,423.880835380835,814,0.789160881144713,3.80326455716142,,,,,,,,,,,,,,,,,,,,
,,,,,77.1382783882784,182.664835164835,3276,0.239311150712216,7.80923863636561,182.263475310969,547.361854504335,2653,0.968615064770413,27.654590480975,328.881786058465,911.161901702538,3113,0.222320353718166,3.50477949650147,446.762990762125,138.220554272517,3464,0.996613822461063,20.5827817779687,625.488599348534,968.511400651466,2456,0.153760226828632,12.0110484589257,917.064171122995,494.306595365419,4488,0.687605224880314,9.66494964820252,174.291604865025,498.191634529813,3371,0.406059730097012,26.5815455666292,479.192207792208,19.9714285714286,770,0.396995618515314,1.80882745667264,230.58374958375,557.833832833833,3003,0.308247147010163,8.25560307951655,157.60485021398,949.144793152639,1402,0.21771870158495,2.31082142878631,861.981492361927,544.07491186839,3404,0.443043669725327,16.3036569028388,1010.6206050695,83.6050695012265,1223,0.605708281890888,5.90112944600684,49.297005988024,422.891017964072,835,0.939810963695881,1.75759650936776,,,,,,,,,,,,,,,,,,,,
,,,,,84.7300707910126,192.244690674054,3249,0.187480024528126,12.2232951148091,193.846012591815,546.003934942288,3812,0.856391183050393,11.6618658626822,322.221347607053,908.959382871536,3176,0.201269598040147,7.0151642579456,454.584796621471,145.490331184708,4499,0.929101418876394,10.6784972376419,629.374570446735,980.152184585174,2037,0.17151092131355,12.2722704487532,909.942652329749,489.080844285145,5022,0.681958798651242,8.83314803880987,168.496544097318,500.361625656622,3617,0.378932813589048,6.18801994113177,478.881748071979,20.0488431876607,778,0.401786390986631,0.319966030526128,241.045999041687,572.873502635362,2087,0.203033785236277,18.3207623056227,157.379494007989,945.557256990679,1502,0.145913099849626,3.59460722930184,867.605678233439,544.197476340694,3170,0.399737621284503,5.62552119960269,1011.33082077052,83.3165829145729,1194,0.494587351677464,0.766570839943416,47.25625,424.045535714286,1120,0.854268129411542,2.34469534016992,,,,,,,,,,,,,,,,,,,,
,,,,,84.0386959978797,191.197455605619,3773,0.218222617042796,1.25487066789331,186.8597505324,546.382719805294,3287,0.859117788822399,6.99652310331805,306.894900497512,905.910758706468,3216,0.146003249068781,15.6267107959859,468.274419859687,136.347544522396,3706,0.783914085379844,16.4619662360495,632.545726240287,988.386730424387,1673,0.180412247780133,8.82405656402292,909.761509583086,496.988144635448,5061,0.8223148746737,7.90937491364253,164.279151943463,498.702591283863,3396,0.304648072294433,4.53197436327629,480.246559633028,19.7901376146789,872,0.474046905281952,1.38911452755429,234.813019390582,561.492728531856,2888,0.326628093135486,12.9758257743435,158.496598639456,944.326530612245,1470,0.151984257208415,1.66211015766628,844.734111145226,548.066318698189,3257,0.584691777267904,23.1964765052316,1006.0021691974,75.6876355748373,922,0.390099070839886,9.30566306612254,52.4768421052632,424.308421052632,950,0.404446316722812,5.2272067713697,,,,,,,,,,,,,,,,,,,,
,,,,,95.6753093694755,219.438715380082,3394,0.201150026726988,30.544713526382,198.679413305395,545.740701938187,3818,0.713622557990944,11.8370864239901,295.230457440649,903.05790387956,3454,0.172500467075058,12.0082476860794,470.649369903632,116.952928094885,5396,0.634191409437464,19.5394865357695,632.44,992.023396226415,1325,0.176393598052018,3.63820232993212,906.768516564676,498.934374340578,4739,0.802331775638247,3.57012846735029,167.121296813863,501.956400223589,3578,0.46028215414525,4.3203078687259,479.251288659794,21.8698453608247,776,0.431797944575273,2.30559073114474,239.732142857143,581.662946428571,1792,0.197372045407615,20.7613936353091,157.898929049531,944.334672021419,1494,0.144999184230434,0.597725038176959,842.939794032215,551.970425138632,3787,0.671570855443592,4.29669884915796,1008.03032786885,80.3377049180328,1220,0.711313003971685,5.07312255845714,49.276,421.258666666667,750,0.57558284380687,4.42113017197385,,,,,,,,,,,,,,,,,,,,
,,,,,105.59949195597,248.197290431837,3543,0.103472047753383,30.4227717181964,201.336786188579,547.474634794157,3765,0.684267053062865,3.17303542200347,278.325780771586,894.994794856093,3266,0.151824181661714,18.7291703075672,468.159043659044,117.104158004158,4810,0.73897585599559,2.49491388427449,633.074509803922,993.853921568627,1020,0.164410580614814,1.93737598822589,906.377319587629,495.134226804124,4850,0.843297985640973,3.8202298849247,167.622749590835,503.175668303328,3666,0.590186045359157,1.31835865294851,480.760705289673,20.8551637279597,794,0.570043802685612,1.81876809369093,239.900769542325,585.639125151883,2469,0.556958587927549,3.9797527811001,158.212258064516,941.635483870968,1550,0.111202325734326,2.71731333179813,849.321323095097,539.762551683402,3386,0.732517284259592,13.7751982736844,1006.90816326531,79.5480192076831,1666,0.845085543166155,1.37217233559889,55.878453038674,414.591160220994,724,0.817421138768562,9.38339108909866,,,,,,,,,,,,,,,,,,,,
,,,,,107.420667209113,254.282614591809,3687,0.0875737406768648,6.35199570486293,199.37852956846,544.923548215237,3754,0.710974880629585,3.21602421063373,261.539165237278,889.082046883934,3498,0.160650595928819,17.7975012200852,448.247575057737,137.198152424942,4330,0.349432724226815,28.2884286174284,632.392543859649,994.584429824561,912,0.162161853203146,0.99935972559193,908.136402387042,496.540068201194,4692,0.883332748653933,2.25183532455319,172.966744006187,497.854601701469,3879,0.587052556419778,7.54135439378972,479.694145758662,20.468339307049,837,0.74637288762456,1.13454059680676,236.947292936536,581.585155969882,2789,0.527570546055739,5.01574423087529,157.796577946768,939.321926489227,1578,0.0957763417408578,2.35060369243709,847.818062483591,538.095563139932,3809,0.966178036326586,2.24469224397624,1002.90233766234,77.7122077922078,1925,0.809957092830589,4.40645461959918,51.7462277091907,420.761316872428,729,0.856019430573098,7.42604331234696,,,,,,,,,,,,,,,,,,,,
,,,,,108.037375178317,260.994008559201,3505,0.104709540213331,6.73966896107115,200.342361863489,547.110238353196,3692,0.720928768168304,2.38968333726178,249.288238878732,882.60085313833,3282,0.199048256307453,13.8596922408315,455.522377456784,134.010419133318,4223,0.656284716749792,7.94256844375426,632.405295315682,994.631364562118,982,0.147549547828239,0.0486360896915833,903.07461406518,490.877572898799,4664,0.75411112651122,7.59510066193811,163.244413793103,500.521379310345,3625,0.643872073805529,10.0814387657437,480.738002594034,19.2645914396887,771,0.551950626315115,1.5933129074124,237.329877112135,586.385560675883,2604,0.573364676691982,4.81562623059772,156.990421455939,936.521072796935,1566,0.0821904757815992,2.9145616640126,850.978448275862,542.990032327586,3712,0.526162805483444,5.82613654018548,1003.78398195149,75.9486745628878,1773,0.768998120273601,1.97163538807737,42.5639730639731,420.306397306397,594,0.906512282933685,9.19351685597943,,,,,,,,,,,,,,,,,,,,
,,,,,114.715398442181,281.129718394248,3338,0.0786071271601715,21.2142123415864,195.161378059837,544.818071925053,3309,0.767120000412768,5.66538790446068,236.18955799466,873.234351824384,3371,0.329007549377676,16.103005550732,438.250122129946,151.698827552516,4094,0.630958246739066,24.7226737324232,631.025405786874,987.987297106563,1417,0.187109296981278,6.78584758638754,910.409421435346,493.31615554853,3163,0.932244971598526,7.72955913988697,159.75042158516,498.049184935357,3558,0.576524087751609,4.28015497113013,479.82618510158,18.9119638826185,886,0.697849738829577,0.977628423047177,233.331941544885,577.367432150313,2874,0.631628513722612,9.86458974836691,157.671559633028,931.449541284404,1635,0.0761785980335235,5.1170676269602,860.022018348624,535.401834862385,3815,0.678433434422663,11.8053759123475,1000.21534936999,75.1890034364261,1746,0.542156617264973,3.64859407473159,42.7485714285714,428.888571428571,700,0.778267033737459,8.58415920282982,866.750357995227,456.686873508353,2095,0.230080232880668,0,,,,,,,,,,,,,,,
,,,,,114.731307715222,287.757521596664,3357,0.0949647736502356,6.62782229657069,199.639418968955,548.14782113358,3511,0.728952575458369,5.58032975507911,222.89588313413,857.901992031873,3765,0.614902533195286,20.2929309885125,434.91774228834,161.780135637716,4571,0.616707850507654,10.6177929965445,625.430253623188,976.309329710145,2208,0.147352555221667,12.9491563526972,907.306280587276,491.609706362153,2452,0.906293141765561,3.54139124478631,168.912136350279,499.536879224214,3403,0.659010168597457,9.2817159908336,479.760499432463,20.0839954597049,881,0.531504145845736,1.17387078710346,235.118927322192,584.613291877186,2573,0.610701686347557,7.46296196893818,157.024044389642,925.936498150432,1622,0.0841223226341482,5.55093871227681,864.433059087509,536.306906008477,4011,0.687496037866828,4.50293617316467,993.306366682623,80.4016275730014,2089,0.514575641539154,8.65479590536482,56.339514978602,423.323823109843,701,0.627951165222048,14.6860536030244,863.837201125176,466.123066104079,2844,0.563100360389947,9.87563737958972,,,,,,,,,,,,,,,
,,,,,112.319725949186,298.7613474165,3503,0.0903252462679804,11.2649859870119,196.742822605017,546.404049561801,3309,0.6828140554796,3.3809776382171,203.222585330428,838.238198983297,2754,0.545343921147526,27.8155245057565,430.009962364401,169.039185299978,4517,0.689115194124043,8.76242579318059,622.106010928962,970.783606557377,2745,0.113589860385861,6.44858169298904,900.58795524875,474.422042370864,4201,0.988391083172155,18.454042614878,172.606362378976,495.170124481328,3615,0.597515369849924,5.71977735017924,481.246913580247,20.4348422496571,729,0.51475325766888,1.52725914263155,234.38717676231,580.794544810485,2823,0.619456882494602,3.88822427868107,157.411800486618,922.082116788321,1644,0.105357403736127,3.8738366608991,863.948579823702,534.263222331048,4084,0.846494264654054,2.10032452979238,998.593480934809,76.4372693726937,1626,0.397581327842172,6.60830636820174,47.984962406015,424.315789473684,798,0.440576185845306,8.41323635440676,,,,,,,,,,,,,,,,,,,,
,,,,,112.018053855569,299.976438188495,3268,0.084729729500827,1.25197908778593,200.01252236136,546.239117471676,3354,0.675785557331762,3.27385691363907,185.914082687338,809.56815245478,3096,0.636968787896529,33.4896376763494,425.841211653483,177.287671232877,5183,0.822109041471803,9.24207783320472,621.204241435563,966.711256117455,3065,0.117212850325153,4.17099824080007,905.044219367589,480.318922924901,4048,0.798945339425714,7.39131180274716,168.40039671295,498.896287900255,3529,0.801270470058667,5.61911389885863,480.88665879575,20.331759149941,847,0.683213731209481,0.374712736906838,233.052592865024,584.662743655756,2719,0.691279230514122,4.09195264946289,159.028044280443,911.918081180812,1355,0.15423909582161,10.2917376488033,863.018365235385,538.849974133471,3866,0.493332578664953,4.68012727149063,994.87955346651,77.219741480611,1702,0.25232740244579,3.79546042522609,49.2932692307692,424.080128205128,624,0.599140990354225,1.32936186991948,,,,,,,,,,,,,,,,,,,,
,,,,,112.795238095238,312.902240896359,3570,0.0713558695555287,12.9491463419414,198.333649889205,546.503007280785,3159,0.705463065507494,1.69948539537964,167.67504302926,778.244406196213,2905,0.799278307932105,36.2469260395975,426.878267363704,185.325616131441,5356,0.65854168981692,8.10456925064282,616.642446260975,952.40357250984,3303,0.138706939337651,15.0173161860076,893.915149961548,477.646757241733,3901,0.565215103813031,11.4453770266763,166.265942236202,499.150700600515,3497,0.727873806583576,2.14956314988895,483.05625,21.5275,800,0.613578523578377,2.47728120609267,232.339048285514,579.098320503849,2858,0.751699046618684,5.60998670946956,159.848110465116,906.744186046512,1376,0.241207447175985,5.2384825482176,863.215694967856,542.311904234094,4511,0.532838543430455,3.4675494293402,993.405139420448,77.7118644067797,1829,0.24675498191941,1.55437503636816,48.4601113172542,425.358070500928,539,0.807459656419482,1.52554535174992,,,,,,,,,,,,,,,,,,,,
,,,,,111.488384656942,323.704213938412,3702,0.0891258404400192,10.8807392906194,198.73541469568,545.457899716178,3171,0.651687564864263,1.11967172926727,165.87265917603,770.973033707865,2670,0.421961959640232,7.49142479230029,427.400148340441,191.518449842388,5393,0.472765668296839,6.21478472075427,610.576266280753,941.38002894356,3455,0.161629764655202,12.5824104332244,906.560952380952,474.021904761905,4200,0.876281097795717,13.1550702898586,168.209483793517,497.954981992797,3332,0.808656842140291,2.28190639024748,482.120051085568,21.0140485312899,783,0.614190373211077,1.06775503656202,230.147980501393,581.903203342618,2872,0.775704928447115,3.55923387456338,159.77453769559,904.856330014225,1406,0.208968755590009,1.8892891126181,868.173934226553,529.80341047503,4105,0.908403843838914,13.4553540520873,993.926041019267,76.91671845867,1609,0.189847167850347,0.950576432722148,48.3747645951036,425.981167608286,531,0.777706249193483,0.62891499280945,,,,,,,,,,,,,,,,,,,,
,,,,,110.049222797927,327.410765687968,3474,0.102526384884516,3.97614294619546,198.500463105897,541.267983945662,3239,0.533757365566579,4.19649811313638,164.822306238185,774.476370510397,2645,0.231157845186616,3.65740482391714,429.891152612715,192.269760422562,5301,0.371143117070392,2.60183970919889,607.139841688654,923.414834359425,3411,0.178180998345919,18.2909056753076,905.430952380952,486.380952380952,3780,0.63511477885556,12.4105986177093,174.411212026308,492.623551518948,3193,0.636929799338109,8.17836071415762,481.135135135135,19.6984352773826,703,0.612582694872264,1.64344080005156,226.187775891341,580.524617996604,2945,0.917253334555809,4.19329442201686,159.897972972973,900.134459459459,1480,0.203680081865131,4.72348365125388,855.007966143888,536.982076176251,4017,0.840934178875346,14.995864656752,999.746987951807,69.5361445783133,1660,0.437865085631698,9.39980286999983,49.2890484739677,421.892280071813,557,0.761647635687099,4.18985874428657,883.758597883598,439.198412698413,1512,0.873971217576035,33.4932681269194,,,,,,,,,,,,,,,
,,,,,109.310742823321,329.238532110092,3379,0.0531741322913477,1.9713149841513,190.731373204143,542.797861677247,2993,0.75448300469513,7.91828793206793,168.14852398524,789.112546125461,3252,0.214242392338845,15.009375774356,433.843542302856,193.502425004491,5567,0.300350869003725,4.14015050865055,604.998551144596,915.606490872211,3451,0.174708870054992,8.09662603856681,910.534663865546,505.52556022409,2856,0.73005029106665,19.8132248860575,179.903791016247,491.524689391526,3139,0.345880255119934,5.60142142101527,481.261049723757,19.3011049723757,724,0.601588566547943,0.41680433647541,229.205907906169,573.461627570229,3453,0.689017739084097,7.68081731471332,160.006202618884,894.176430048243,1451,0.193998166493225,5.95901234443926,857.220551378446,535.179058758006,3591,0.907871942375251,2.85419081889716,992.752816901408,76.7612676056338,1420,0.128518387277476,10.0558854131376,51.4359464627151,422.550669216061,523,0.944710900928248,2.24558394172902,894.319725295689,456.980923311713,2621,0.835710988722281,20.6822410760187,,,,,,,,,,,,,,,
,,,,,109.486750348675,321.345327754533,3585,0.0353668758353033,7.89516647371013,197.083126892375,548.196807046518,3633,0.59184831187081,8.33626931044988,,,,,,436.224310556824,198.379764623221,5693,0.215592964555898,5.42738419826185,604.137356321839,909.729310344828,3480,0.16375962442213,5.93994170629626,,,,,,185.67532808399,491.505511811024,3810,0.331914943931646,5.77156892914892,481.7385377943,19.913258983891,807,0.68043741788185,0.776355196623988,234.745542949757,589.517990275527,3085,0.882711945805423,16.9851211282179,178.056176853056,855.954486345904,3845,0.286924533143263,42.2695936843382,849.981914091937,537.619442351168,3981,0.674990028363279,7.63893591067616,995.069724770642,74.7321100917431,1635,0.198552946485722,3.07986075832925,49.0173611111111,425.359375,576,0.484247252618851,3.7065325148614,893.625494301,472.453361246802,4299,0.672061279328662,15.4880047885179,,,,,,,,,,,,,,,
,,,,,109.886737400531,318.493103448276,3770,0.0256019604819358,2.88013422167349,187.569797782127,541.117742987606,3066,0.713554309154389,11.858186147556,,,,,,437.568924773533,195.971051595116,5078,0.267068333665174,2.75860215390684,604.195026543727,904.32495110366,3579,0.182247502363946,5.40466693350136,887.828136330674,496.145032632342,2758,0.73719820025452,24.5678792448886,191.216592592593,489.586074074074,3375,0.192551880148058,5.8642862805571,481.259579728059,19.8862793572311,809,0.563722058057118,0.479717343309124,227.692586399108,578.539018952062,3588,0.801964483093821,13.0492148203174,183.29831718511,866.843957164712,3922,0.638849416501642,12.0855537719468,850.097297297297,523.129411764706,3145,0.58714936779669,14.4904899737962,990.169411764706,72.9982352941176,1700,0.177234459002921,5.19801783086494,,,,,,906.144474814526,455.303787582975,2561,0.582070066187031,21.232822467798,,,,,,,,,,,,,,,
,,,,,108.119258439402,303.210016602103,3614,0.0327136572990402,15.3849512649763,194.085689045936,540.607479387515,3396,0.46179125382172,6.5358402599338,,,,,,439.222023596711,201.103503754022,5594,0.220004189329093,5.39210542206388,601.753802816901,901.145915492958,3550,0.196939524142578,4.00822163790033,,,,,,193.715756136184,489.840855106888,3789,0.138205297195745,2.51211699414989,480.786240786241,19.0958230958231,814,0.64907766382245,0.921341877394654,223.50718512257,580.61932938856,3549,0.792358510518135,4.67389295532647,195.996735582155,871.624809575626,4595,0.806133571494328,13.5685806023087,859.619581845997,520.508924018358,3922,0.837069267032905,9.87627759103415,983.106382978723,74.899419729207,1551,0.0835636150903813,7.31442943009514,,,,,,899.191914704576,470.812305641937,4502,0.708588258482966,16.9956531050619,,,,,,,,,,,,,,,
,,,,,109.743205768164,292.391292290627,3606,0.0362401071787749,10.9399269035181,177.514834205934,522.76369982548,2865,0.486441405425272,24.3514619517378,,,,,,439.792212518195,201.240538573508,5496,0.207177799338656,0.586424716340441,597.87838995147,897.205252640594,3503,0.252139343338181,5.52699272602665,,,,,,211.530671506352,490.724863883848,2755,0.572334599979352,17.8368349536571,482.653465346535,22.075495049505,808,0.740686083114294,3.51638628568062,218.547744196233,572.612133158125,4566,0.930491236597363,9.41866475539465,209.730488613752,869.936546539907,4523,0.346232357165064,13.8371313649428,855.659886329644,526.241100807658,3343,0.921723498383981,6.96685289969666,987.354512635379,75.0397111913357,1385,0.10943547582296,4.2504455383057,52.4450980392157,424.61568627451,510,0.906824965603306,3.50748533406955,896.373900971772,470.884081443776,4322,0.766871267916321,2.8189276620727,,,,,,,,,,,,,,,
,,,,,107.417342657343,276.907972027972,3575,0.0380894826496063,15.6570382118143,176.637400950872,520.802218700475,3155,0.452658870773584,2.14878973397523,,,,,,439.351737519845,202.289292644205,5669,0.19564539077833,1.13749871427437,592.160593792173,892.939541160594,3705,0.465969701065809,7.13368679925602,,,,,,214.106666666667,487.030707070707,2475,0.306879486032896,4.50361472886349,480.755696202532,19.5670886075949,790,0.587087185055676,3.14541421783293,219.150653662586,571.073459223905,4819,0.881225860660566,1.65257898463743,219.228425266904,871.540702846975,4496,0.291230310862473,9.63245130404478,850.583221656392,537.890645939426,3731,0.525355740967406,12.7076522608134,990.359531772575,74,1196,0.110190791613693,3.17980178254937,51.9188118811881,423.423762376238,505,0.889188521180676,1.30294270764443,887.904637955514,481.773071462376,4226,0.666646330410701,13.7948729484447,,,,,,,,,,,,,,,
,,,,,105.395389048991,264.533717579251,3470,0.0429602332770189,12.5383599228936,187.518550978674,542.259421560035,3423,0.855372322092049,24.0584908189153,,,,,,436.028566421311,194.292849631966,5706,0.288966439485705,8.65947844838914,584.416560509554,887.264203821656,3925,0.65369347353139,9.60101585214012,,,,,,216.494266392238,488.673625404293,3401,0.17134954192178,2.8982431058106,481.335570469799,21,745,0.482517255793898,1.54579727788695,228.926579396699,581.614968696642,3514,0.966306368697444,14.3767919204075,229.393866985265,878.575268817204,5022,0.201961703728174,12.3620922063743,850.958757999526,538.424508177293,4219,0.811947324754782,0.652714665098127,989.732467532468,74.604329004329,1155,0.101503379589099,0.870874908752721,52.7700934579439,423.953271028037,535,0.989399486653712,1.00252667558256,894.680291970803,472.785888077859,4110,0.828896606349703,11.2551744776278,,,,,,,,,,,,,,,
,,,,,100.228294979079,244.288964435146,3824,0.0840964906402992,20.8937524392589,182.698002754821,544.215909090909,2904,0.80009816499984,5.20245409753468,,,,,,434.96949327818,191.97259565667,5802,0.288444870978264,2.55053218610929,572.425976138829,878.829718004338,3688,0.900354852536259,14.6599680952593,,,,,,212.264364919355,491.647177419355,3968,0.572197372112036,5.17050075491481,479.321357285429,21.1636726546906,1002,0.684553780034912,2.0208521692547,224.184724186704,573.457991513437,3535,0.843233100632824,9.43511884397216,184.617201268946,867.822700035249,2837,0.779983524194145,46.0496202816228,852.190538336052,529.865579119086,3065,0.88900605210168,8.64711220124206,994.834349593496,73.7388211382114,984,0.128008794569795,5.17477578557321,50.906432748538,423.53216374269,513,0.939447195525786,1.9106445471505,903.019670050761,477.386844331641,4728,0.821019086883468,9.52439106765944,,,,,,,,,,,,,,,
,,,,,99.5574372001129,229.987298899238,3543,0.0564811814447852,14.3173910773085,172.527465667915,525.321473158552,3204,0.393322357888085,21.4578548284324,,,,,,435.567511994517,185.986120630569,5836,0.287076018350119,6.01627040808697,557.160427807487,866.540951308753,3553,0.779206740775446,19.5972128823224,,,,,,216.27416847995,487.593720857942,3217,0.428354915848868,5.70166946514992,478.536394176932,19.6976483762598,893,0.996046163678431,1.66294746358704,219.097148156735,568.661952237422,4313,0.887076095959017,6.99181110999119,183.280487804878,857.668989547038,1722,0.649328053515301,10.2413202060775,851.054885057471,537.679885057471,3480,0.994863650289876,7.89639700545936,1000.20079260238,72.6314398943197,757,0.123902673032629,5.47950762267006,50.8304093567251,422.385964912281,513,0.788098366158708,1.14871724760032,903.182742214533,470.857482698962,4624,0.941648153403186,6.53139769581537,,,,,,,,,,,,,,,
,,,,,92.5608708984974,215.298681386078,3261,0.127229259749264,16.2698317281038,178.596688974991,539.567101091934,2839,0.696890171552379,15.4846177468967,,,,,,434.29008370895,207.929169349646,3106,0.832700078776532,21.9802004111098,547.639172165567,864.919616076785,3334,0.641544361796538,9.65831439399294,,,,,,215.894511581067,488.391490433031,3972,0.310739772674047,0.883501927449541,481.990777338603,19.8498023715415,759,0.702490312858271,3.45773247460259,224.952139037433,571.382887700535,3740,0.887011953655032,6.45634633577532,184.093300248139,864.291315136476,2015,0.527243240131693,6.67202070443779,845.291702067403,537.297082979326,3531,0.938510061087772,5.77588223633793,999.660511363636,74.9417613636364,704,0.113013079954984,2.37265444355504,,,,,,895.870716889429,475.657594167679,4115,0.71440041284724,8.74681567583729,438.307564145285,150.724758413862,3001,0.995138116561852,0,,,,,,,,,,
,,,,,85.8492636442391,200.233901241698,3463,0.16518264826379,16.4922185509991,179.101913043478,540.434782608696,2875,0.853539236845046,1.004053073253,,,,,,433.451756998213,202.387432995831,3358,0.690609981964486,5.60478665866331,537.3621875,864.5203125,3200,0.708866801321457,10.2847390420335,,,,,,210.494268558952,492.081877729258,3664,0.57098173224639,6.54076318896018,481.888888888889,19.5747126436782,783,0.582042993582208,0.293352372687109,222.436154949785,571.487517934003,3485,0.992837195743622,2.51815873507912,184.640586797066,867.074327628362,2045,0.43907082210767,2.83631470338303,853.080165502974,536.510731833463,3867,0.950338309689406,7.82805919828311,1006.573012939,73.2513863216266,541,0.173232917246218,7.11618196873011,51.5984251968504,423.724409448819,508,0.874880875179744,1.54314033972034,893.906163361058,475.247600767754,4689,0.535757272090884,2.00687945672312,447.870029455081,142.018777614138,2716,0.82459124862441,12.9319311970877,,,,,,,,,,
,,,,,80.8912740451631,193.258433231112,3587,0.14282555251131,8.55796791482936,178.520198440822,539.941530829199,2822,0.947725006096861,0.76268551639577,,,,,,436.103284995561,200.150044391832,3379,0.733556620186934,3.46936715929904,535.653211009174,861.912844036697,3270,0.863999852046969,3.11761005151595,,,,,,209.843011947763,492.95193109197,3599,0.662682907878658,1.08679714187332,479.702762430939,20.0850828729282,905,0.591496971274973,2.24491128133215,220.375303971899,573.311537422318,3701,0.915002486254834,2.75211806556431,178.813029661017,865.910487288136,1888,0.28276361314857,5.94263800945796,849.352578068264,538.82498184459,2754,0.976687490181373,4.38755754348654,1000.4301369863,74.286301369863,730,0.0816482482117993,6.2294441266723,49.829525483304,425.316344463972,569,0.559582215232794,2.37976118319768,894.578164742712,481.148503228331,5111,0.835198364820322,5.93904333257347,447.667533432392,138.596953937593,2692,0.514914377953762,3.42781007533564,,,,,,,,,,
,,,,,78.8329711269792,185.474697298975,3221,0.208661946696922,8.05128287692358,170.626518218623,520.790823211876,2964,0.320354443107371,20.713758463749,,,,,,437.795108857739,197.554428869669,3353,0.721346855771525,3.09830403923338,547.3731074261,864.681687094448,2774,0.990165334705686,12.0425273054252,,,,,,213.441021788129,489.122088655147,2662,0.51951496311692,5.25484232896328,481.010680907877,19.7182910547397,749,0.522376952307282,1.35837659734171,218.062607204117,571.682890222985,4664,0.811102917210102,2.82861415530836,183.633544749824,863.567300916138,1419,0.28829321245269,5.35984030502117,844.945133408493,548.901164975573,2661,0.601060446502538,10.9979559427223,997.69972826087,76.398097826087,736,0.0911719529907668,3.45178447769176,50.5132075471698,422.852830188679,530,0.901229908084351,2.55662350552876,894.846023688663,488.073604060914,5910,0.533645527922899,6.93027921200604,451.111777150917,135.868124118477,2836,0.519900241159514,4.39423792873045,424.193202146691,965.305903398927,559,0.472238780933117,0,,,,,
,,,,,75.7873636946761,174.448364336113,3118,0.333172343678182,11.4392195205622,173.509144111192,534.016459400146,2734,0.457529012525713,13.5361362515675,,,,,,438.517885916855,198.036416371254,3103,0.691165545726216,0.868745433868397,574.161445783133,898.120481927711,2905,0.895185572771998,42.8458641158269,,,,,,205.825828970332,487.127748691099,2865,0.26456330111024,7.87201076882087,480.887804878049,20.6,820,0.467745980251962,0.890229848330476,220.371697679761,577.767286928555,4353,0.909272379733035,6.50782468229344,181.133773245351,868.502699460108,1667,0.208491115005417,5.53236083082029,869.983036935704,526.833926128591,3655,0.474218397632965,33.3745358524685,992.325077399381,79.7997936016512,969,0.101102033451128,6.3606922604693,51.1211538461538,424.986538461538,520,0.993264413391917,2.21862788590522,898.796709244425,472.990690625677,4619,0.55593940062025,15.5917347994173,452.879513888889,138.512847222222,2880,0.664788462642311,3.18110884288192,410.067124105012,954.669749403341,3352,0.616778571266543,17.6825861416649,1015.092,938.092,500,0.431466194577309,0
,,,,,71.6937539834289,168.898661567878,3138,0.373693639010882,6.89614684325783,180.050778605281,544.223425863236,2954,0.978923966408011,12.1233306575748,,,,,,440.008218277449,196.118671926364,3042,0.640018717048713,2.42875159309036,604.710218978102,937.325547445255,2740,0.554490914515128,49.7017575740804,,,,,,204.622496662216,487.590120160214,2996,0.315953612048182,1.28910667487407,480.760975609756,21.6329268292683,820,0.545951379785019,1.04068414897024,225.923017705928,584.495509366179,3897,0.835451800623645,8.7227364515424,177.528746928747,868.533169533169,2035,0.337951716381079,3.60515508248395,866.316276380457,536.783752529633,3459,0.396621760689882,10.603969934906,993.251555555556,80.4302222222222,1125,0.126652046011749,1.12062572677237,50.3619402985075,426.15671641791,536,0.870044192105683,1.39489127193078,902.244646182495,485.85800744879,4296,0.638377301901879,13.3212653811594,451.20306768923,135.655551850617,2999,0.691636936029254,3.31279469646839,431.403698534543,964.089672016748,2866,0.851028767567922,23.3234720920683,,,,,
,,,,,73.2047994740302,170.780736357659,3042,0.384324739972855,2.41359979884792,176.926829268293,545.093433395872,2665,0.609945505253969,3.24283403320509,,,,,,442.060699588477,191.223936899863,2916,0.59279394650535,5.30764641925029,618.262349066959,963.44785949506,2733,0.326989289159772,29.428479688436,,,,,,202.828634085213,488.377819548872,3192,0.183286723007602,1.95918689054053,482.073076923077,21.2192307692308,780,0.495406081568402,1.37577406811906,226.406924234822,578.004014049172,3986,0.763320012970798,6.50950666175479,182.875391032325,868.113660062565,1918,0.178306792001841,5.36307666980963,860.333201892744,529.76143533123,2536,0.837167353500965,9.2255145742931,995.065527065527,80.6381766381766,1053,0.112252540619097,1.82585258936833,50.9831460674157,425.696629213483,534,0.964059547409546,0.773030945695335,904.543073593074,474.870779220779,4620,0.609078513693073,11.2250591399816,447.63247043784,131.049856184084,3129,0.990746743664865,5.82765796048044,441.083731295766,971.105380452085,3141,0.794677981616007,11.9550491052111,,,,,
,,,,,75.9407140517524,179.574189321978,3053,0.268013877583259,9.20923686372994,171.62043251305,533.120059656972,2682,0.633655082666009,13.0965463086812,,,,,,,,,,,622.419139465875,972.609792284866,2696,0.316063136544951,10.0608110441179,,,,,,200.744086021505,485.564874551971,2790,0.299276514714548,3.50114269710574,481.218228498074,19.2079589216945,779,0.596043394691261,2.18540162771544,220.894287745911,574.598720075847,4219,0.634784927538287,6.47959783502261,180.277473893585,875.359025360517,2011,0.207108376921018,7.69704435225153,855.277191558442,534.159090909091,2464,0.957589237193735,6.70094135790384,999.381856540084,76.9989451476793,948,0.160732797699195,5.64576885590972,49.7185929648241,425.586264656616,597,0.62957390427707,1.2693600295765,907.171075085324,486.621800341297,4688,0.953590436245054,12.0412993160258,443.742386685552,158.434135977337,5648,0.232878025187248,27.6592033760005,437.911538461538,975.592628205128,3120,0.701551637017456,5.4952888709067,,,,,
,,,,,77.7576252723312,187.850217864924,3672,0.192298453918332,8.47312308579965,172.692335372436,534.337531486146,2779,0.669198320415776,1.62210153652342,,,,,,438.352296927289,127.251292972315,3287,0.765002106009667,64.0800391805303,620.309842519685,978.75905511811,2540,0.397803001758263,6.50096662039743,,,,,,205.084166954122,484.925836495343,2899,0.194488249475831,4.38687498562272,482.46190028222,17.5032925682032,1063,0.974006357747524,2.1101201111324,224.614022988506,578.181609195402,4350,0.808883050198636,5.16464178022289,173.776195899772,888.987471526196,1756,0.221226014566799,15.0997072966214,847.816736944535,542.068115471943,3083,0.964451686045922,10.8724906337951,999.099190283401,76.8461538461538,988,0.144677991114862,0.321318213752897,49.5629770992366,424.572519083969,524,0.971881540599828,1.02561999965091,905.484776506154,481.730943640682,4631,0.661782792413605,5.17340141145623,439.701129146083,186.279110797459,2834,0.605238754767827,28.1367088557557,453.910669077758,986.223146473779,2765,0.528707125435197,19.2088547064881,,,,,
,,,,,82.0893519840137,193.354838709677,3503,0.252807272366992,7.00462040007885,175.53795264624,535.360376044568,2872,0.863882220964351,3.02386320121501,,,,,,433.720881110441,126.985817742909,3314,0.696337584434413,4.63901816831812,619.417659137577,986.780287474333,2435,0.41479023600164,8.07069759685117,,,,,,202.956781447646,484.946943078004,2846,0.223704252656602,2.12749020702728,480.657668711656,18.9300613496933,815,0.663758476529738,2.30020014695532,227.996160737138,577.529306373176,3907,0.65935440614299,3.44446726252555,168.809581564585,900.912067919951,1649,0.214883245710304,12.9175561585177,843.547423126895,556.721524469467,2309,0.940876761359153,15.2626811446162,1000.27113062569,78.6015367727772,911,0.131639461309026,2.11064288427869,49.6943396226415,424.992452830189,530,0.932136353086977,0.44000052700991,909.886414881623,467.075535512965,3548,0.550196986089556,15.3021373598058,439.686358754028,184.450053705693,2793,0.580297604203029,1.82911672930496,462.642551536367,992.39517697394,2571,0.556372059414826,10.6929758143319,1014.24150268336,926.806797853309,559,0.793952562326371,11.3172051840229
,,,,,85.5115709229513,190.254015790907,3673,0.503715743914214,4.61808242018234,179.133294864397,535.659838430467,3466,0.785513707604552,3.60779203755339,,,,,,426.809128630705,121.377274178104,3133,0.706288488238973,8.90101585547617,619.512769153731,992.729594391587,1997,0.335010450321824,5.95006711818174,,,,,,203.898293743727,486.190699230512,2989,0.306000243030787,1.55992780941066,480.971887550201,19.619812583668,747,0.551856737789938,0.757951346239214,227.935483870968,579.327563598217,3813,0.728474674274655,1.79928061443953,165.196291560102,905.444373401535,1564,0.271215527386383,5.79634864676717,834.316408337787,555.871191876002,1871,0.777805821170517,9.27009706293466,1002.09424603175,80.5029761904762,1008,0.150360496523858,2.63424024018175,49.318345323741,424.751798561151,556,0.895738039617337,0.446414818315533,917.988215488215,476.414141414141,2970,0.41756617972989,12.3632007686707,438.606668935012,179.815243280027,2939,0.534154273453923,4.75890720514123,472.623909883721,994.230377906977,2752,0.390807074036077,10.1486687266314,1012.79534109817,928.232945091514,601,0.919205804433527,2.03107835287756
,,,,,81.84032598853,185.838514941141,3313,0.5283124658975,5.74235902071566,177.680461982676,537.219441770934,3117,0.924683591986566,2.13145160906929,,,,,,424.403265557609,118.072704867529,3246,0.878689830465585,4.08758552875409,619.322860962567,998.921122994652,1496,0.364009338447142,6.19444037534003,,,,,,208.426104284291,487.025572899369,3011,0.225186467662014,4.60413752337968,482.255989911728,19.2749054224464,793,0.611317559074902,1.3296164201531,230.527358256994,582.117355781134,4039,0.702424439742267,3.8079854591118,167.400733048259,903.321930360415,1637,0.181738848117415,3.06011874565377,836.255762411348,556.454787234043,2256,0.825826058852937,2.02525992518517,999.63082437276,80.2461170848268,837,0.0864449367407969,2.47677670978169,51.6226086956522,425.888695652174,575,0.87137000939669,2.56946778199447,921.502265372168,477.560517799353,3090,0.567248871519092,3.69631240609866,438.810385259632,178.425125628141,2985,0.453217879684265,1.40496527608444,476.661705551086,996.215205148833,2486,0.416644785831105,4.49925916473023,1013.61749571184,927.888507718696,583,0.795015003668452,0.891389540305033
,,,,,67.0794818957904,169.24639387695,3397,0.421483264725824,22.2076788462669,177.526105753242,539.200532091786,3007,0.918978006220134,1.98709453850067,,,,,,,,,,,614.459030100334,998.071906354515,1196,0.308532839545368,4.93741020761809,,,,,,206.041471571906,487.202006688963,2990,0.289487914330029,2.39115078049989,482.38783269962,20.2496831432193,789,0.577136566031983,0.983653458101126,232.082469477079,580.75190048376,4341,0.653692993003776,2.06950213238864,168.627218934911,905.185897435897,2028,0.255226186397278,2.2312868234806,840.776393442623,552.474754098361,1525,0.997988283228631,6.02301989719911,992.646001796945,79.8427672955975,1113,0.0654562020558056,6.99645892348999,49.6494345718901,426.712439418417,619,0.989183457620451,2.13821652671288,917.54178842782,480.760374050263,3422,0.661330234260745,5.0916065886127,432.721686135094,149.580667005248,5907,0.308962615199684,29.4800788716196,484.51912568306,1004.36462990561,2013,0.382570152760831,11.3204317495743,1010.95539033457,928.956319702602,1076,0.538662353941482,2.86827953181429
,,,,,56.8745484400657,148.462397372742,3045,0.596235659709936,23.1541611275965,181.664622247003,537.644270978534,3587,0.630111585761156,4.42145535109766,,,,,,,,,,,613.778711484594,1001.22268907563,714,0.170513462094747,3.22339342535182,,,,,,202.6220657277,487.567069081154,2982,0.251188288714968,3.43883801269959,480.197815533981,20.5412621359223,824,0.598832623748718,2.20934232177361,227.864057127744,585.632372388257,3781,0.582285147560379,6.45089209021605,164.260629486472,914.942573163998,1811,0.332107192991061,10.6892387322262,848.487344028521,541.171122994652,2805,0.957910412891083,13.6832318940693,990.707191780822,79.1010273972603,1168,0.0749407854214023,2.07585219979767,48.5087412587413,426.41958041958,572,0.955148386048694,1.17768740668398,899.637226418749,491.473368196785,5163,0.753329296911572,20.8648408649595,431.355389929104,146.443373932012,5501,0.41167806297139,3.4218961337065,491.137358490566,1010.80981132075,1325,0.158121824933303,9.23803923830326,1008.41868512111,924.98615916955,1445,0.646242295742815,4.71137432159937
,,,,,64.2655882352941,162.533823529412,3400,0.475281751188822,15.8944173638814,181.502188868043,540.724202626642,3198,0.84959325709829,3.08421198357348,,,,,,,,,,,,,,,,,,,,,203.75073313783,487.362333007494,3069,0.191922598667232,1.14708630126415,482.028025477707,20.6140127388535,785,0.52117306976259,1.83165528643952,228.175957727873,584.841479524439,3785,0.598026364679027,0.850172633292783,163.116100766703,914.699342825849,1826,0.229420014460668,1.17008845296872,826.77728678745,558.692001767565,2263,0.513142231549386,27.8981680112808,994.837465564738,79.3553719008264,1089,0.150986785205026,4.13809770989047,52.46875,427.689144736842,608,0.71555548906642,4.15854094443107,880.458115183246,501.843979057592,3820,0.530517367778736,21.8033914199162,434.039596959519,144.552943256143,5657,0.480994171180454,3.28309237189572,551.264992503748,1007.98275862069,2668,0.122870264604244,60.1940578378972,1008.70121130552,924.533647375505,1486,0.570905074399386,0.533467870286513
,,,,,65.2198105761642,162.908839779006,2534,0.543925690257789,1.02526945886185,181.613964933866,539.832666871732,3251,0.770632134250624,0.898515381712335,,,,,,,,,,,,,,,,,,,,,203.536212624585,487.358139534884,3010,0.17060397463443,0.214561496582018,481.554812834225,20.2446524064171,748,0.583297679011202,0.600297643781072,228.498453608247,586.327835051546,3880,0.536912807727096,1.52093929721806,160.097756410256,921.797542735043,1872,0.311179324414476,7.71329012840658,847.198672566372,543.109734513274,2260,0.795688272100225,25.687351944404,987.63864628821,78.764192139738,916,0.0465085944250193,7.2230528508409,51.4153605015674,427.454545454545,638,0.821377512162862,1.07919704348288,876.172238566462,490.433538379246,3739,0.84438163394028,12.1888020267929,437.371048540335,144.844878217309,5789,0.643928380268096,3.34421824300862,581.77539389876,992.057660073751,2983,0.863949176468081,34.4164692700228,1009.88060731539,923.374051069703,1449,0.43148897287435,1.65397658403316
,,,,,82.192264885921,189.695603784085,3594,0.362134962739377,31.7111168387457,182.020860927152,543.582450331126,3020,0.961858201027298,3.77179537378385,,,,,,,,,,,,,,,,,,,,,204.165593705293,486.27861230329,2796,0.248262745773243,1.24959977132896,481.035761589404,19.0132450331126,755,0.623521245634191,1.33633016645535,229.994380587484,581.996168582376,3915,0.660619959122001,4.58269919669042,158.228496042216,929.608443271768,1895,0.281585893842247,8.03145699846155,853.903504672897,521.627803738318,4280,0.403863711417497,22.5039579495857,1003.08912386707,76.5574018126888,662,0.111922671940119,15.6072797425563,52.6025179856115,426.330935251799,556,0.762138439657453,1.63457724798763,,,,,,439.899601179123,142.769204092249,5767,0.617300094099638,3.27139137379825,589.301948051948,1001.78084415584,2464,0.905859172416728,12.2959068846159,1011.03225806452,925.78448867536,1457,0.345873335925732,2.67142450739837
,,,,,90.5960980754021,213.103875560243,3793,0.206482862708191,24.871099690667,180.691990374699,541.821588174631,2909,0.836615484545484,2.20602186737905,,,,,,450.201168871117,167.139649338665,3251,0.488829145070846,55.435519796486,598.356711003628,936.265114873035,3308,0.0710855537222813,66.7631975351734,,,,,,208.937232524964,484.415834522111,2804,0.197624707205054,5.12235083603677,479.635241301908,17.8338945005612,891,0.835211733031413,1.83093548611557,228.0495363592,581.652025378233,4098,0.7740281966831,1.97505787693642,156.535386277688,927.134521880065,1851,0.226570965962376,2.99781716037977,859.559534206696,528.14672489083,3435,0.520890677067095,8.63058532660843,993.69040247678,76.5247678018576,646,0.0610567005150154,9.3987780456262,50.1317715959004,425.843338213763,683,0.616378319132933,2.51840000670496,,,,,,438.391170431211,122.807665982204,2922,0.439130303519994,20.0184506653243,539.86129753915,1013.2192393736,894,0.438134751896899,50.7465743502581,1011.78437701743,927.5409941898,1549,0.229156672643357,1.91075758315648
,,,,,93.1885462555066,213.873715124816,3405,0.30060722360541,2.70433735353242,183.34514858575,543.254564983888,2793,0.906308144802763,3.01540561595571,,,,,,,,,,,596.250415512465,918.860664819945,3610,0.146158255565735,17.5314392548532,,,,,,209.732026143791,485.903050108932,2754,0.226929350572705,1.68627017355206,481.79408543264,21.6987951807229,913,0.622738446239009,4.42697021091278,229.799951088286,583.880166299829,4089,0.727263695843678,2.83347202038244,157.553201289728,931.144173192077,2171,0.185249671338198,4.13681653480769,858.297972972973,546.956081081081,2960,0.434528329078128,18.8516157673071,998.969348659004,75.360153256705,522,0.0695302610895644,5.40588566597506,57.2168674698795,422.846659364732,913,0.766667235366303,7.69276723082833,880.221967087639,498.97588978186,2613,0.873170437216312,9.45368016070882,444.552052052052,143.831664998332,5994,0.584713581891727,21.9081034545702,539.608260325407,1014.15894868586,799,0.381135276427397,0.97318108442299,1012.31570247934,920.168595041322,1815,0.123895987055408,7.39152054390334
,,,,,87.8426573426573,200.423883808499,3718,0.335284581461021,14.4733026882572,186.527641478574,546.081779522408,3057,0.761554853684968,4.25692413130519,,,,,,,,,,,595.402749341913,911.800233986546,3419,0.114468561754004,7.1111336290291,,,,,,203.93085106383,485.116666666667,2820,0.271135035620509,5.85423190748634,482.370851370851,20.4747474747475,693,0.5912752964849,1.35312665112507,233.570173297535,587.235050036612,4097,0.768767348843311,5.04676335827714,161.248003992016,924.841816367265,2004,0.117591607673635,7.30556421887359,848.96632016632,546.459875259875,2405,0.472260644423812,9.34483623831412,,,,,,52.497277676951,426.967332123412,551,0.930804149332134,6.26533892121129,884.706931262583,505.686223756112,3477,0.614573411718898,8.0711514479984,441.165838068182,143.102805397727,5632,0.53045613783613,3.46376694682991,545.623406720742,1013.27230590962,863,0.468934127902848,6.08014157482939,1013.48230811105,912.013609145346,1837,0.0691206112514946,8.23800726289557
,,,,,78.2402634593356,191.106815578465,3492,0.3026536335185,13.3796012157899,187.915143603133,549.579308093995,3064,0.569719229029968,3.76269428132626,,,,,,,,,,,595.684529215864,922.353920678171,3303,0.110784814616997,10.5574477352416,,,,,,208.661643344098,483.803731611051,2787,0.336551794825511,4.90960223025301,483.032805429864,23.2997737556561,884,0.33484339143137,2.90154384148648,236.175450925275,589.201920824549,4269,0.823053452609352,3.26436091969695,164.872853638594,917.082583810302,2446,0.0590767428816029,8.56418267164637,,,,,,,,,,,53.923875432526,427.219723183391,578,0.806504977987363,1.44875201582909,882.293573515092,508.632911392405,4108,0.482206560846548,3.80884019660259,442.695707530011,143.207893779556,5498,0.498815975918829,1.53347453132834,545.116809116809,1012.51661918329,1053,0.41755676125832,0.909782150112964,1015.23423913043,906.11902173913,1840,0.045581893140214,6.14942460610677
,,,,,74.4884433305486,184.439710387079,3591,0.366565590747621,7.65025789838364,189.8,551.219847328244,3275,0.724847919222318,2.49881024007868,,,,,,,,,,,593.51797556719,929.966143106457,2865,0.132037817472461,7.91453631050376,,,,,,211.540899795501,483.651329243354,2934,0.251223066283318,2.88328704686648,480.478155339806,19.5133495145631,824,0.679202696902033,4.56763019695906,238.722139673105,590.651560178306,4038,0.717879634712604,2.93037162050928,164.582303509639,909.981216015818,2023,0.0921037600386862,7.10730919054293,,,,,,,,,,,51.7261029411765,427.277573529412,544,0.91592926301319,2.19853373553085,880.365099974033,508.944949363802,3851,0.698487337512017,1.9535551935281,438.663636363636,143.83023715415,5060,0.431248323010232,4.07981729573885,539.109815354713,1011.96598639456,1029,0.480958796638747,6.03217792558214,1013.54396728016,908.951942740286,1956,0.0914044269540075,3.29885742744505
,,,,,69.8528554778555,177.690850815851,3432,0.374138052093617,8.18753810691539,190.521256931608,554.92606284658,3246,0.800017855000053,3.7757443014256,,,,,,,,,,,587.439519158527,955.880040070123,3993,0.165856945981902,26.6172441878472,,,,,,210.953068592058,483.220938628159,2770,0.250205769516438,0.728547599947601,479.989327641409,23.7321237993597,937,0.954790147976632,4.24699999820825,237.521770507578,590.840750541256,4157,0.861096091200835,1.21518686916177,168.632015306122,896.114795918367,1568,0.330758527023664,14.4456835059322,,,,,,,,,,,51.8613138686131,427.556569343066,548,0.867985223851428,0.310033319071833,877.298934234468,517.192097738498,3847,0.841564822952428,8.79868334790654,434.847362755651,146.203444564047,4645,0.419925276704693,4.49400241003436,,,,,,1014.58245614035,912.349707602339,1710,0.079576897625661,3.55292346815051
,,,,,69.266275659824,175.565982404692,3410,0.373207461708926,2.20434608164463,191.535566093657,555.843805572021,3374,0.869332922821269,1.36787235746499,,,,,,,,,,,587.43181281021,957.06925076814,4231,0.186040215621209,1.18923566717572,,,,,,203.07845659164,483.597749196141,3110,0.291965667750212,7.88362228682152,481.227979274611,20.7538860103627,772,0.447996865101107,3.2255477358497,239.312456827078,593.902141376928,4343,0.779342410070697,3.54664226326632,170.303708063567,888.295467922307,1699,0.56547344350071,7.99602695000844,,,,,,,,,,,52.1140350877193,428.368421052632,570,0.914634459907518,0.850277138885631,883.782045840407,518.179329371817,4712,0.361886458290262,6.55784739017974,438.549807996386,147.256833069799,4427,0.46699095835604,3.84938022344995,,,,,,1017.29811996419,909.484333034915,1117,0.0493990871327606,3.94780969852261
,,,,,69.3404850746269,176.652985074627,3216,0.43439067713164,1.08953285480095,195.166102737619,557.405106121194,3251,0.643933924963111,3.95201919630898,,,,,,,,,,,584.871207784774,960.624880747949,5241,0.24645634693945,4.38168947434735,,,,,,204.18564845293,484.664581961817,3038,0.313979667410149,1.53753242815394,481.011180124224,21.1850931677019,805,0.476253308004482,0.482640118669606,239.784545454545,599.614318181818,4400,0.533780678399974,5.73165172725144,168.326505276226,885.791433891993,1611,0.614088636528834,3.19053557999941,,,,,,,,,,,51.536231884058,428.416666666667,552,0.886977643592205,0.57981391966296,881.208892025406,532.280169371913,2834,0.955251845364742,14.3336948922447,439.478716437459,144.956777996071,4581,0.388511209165836,2.48054917993581,,,,,,1017.38431372549,909.051960784314,1020,0.0625428009839427,0.44087994689835
,,,,,71.6425739554742,177.293382128698,3279,0.487548150048112,2.38950237542962,195.882744031429,556.17286189181,3309,0.474616426065908,1.42548257963482,,,,,,,,,,,586.719871106337,963.264446831364,4655,0.316768103850739,3.22255569156063,,,,,,204.548320055421,483.484239695185,2887,0.368335144879957,1.23480304407253,481.155555555556,19.3477124183007,765,0.588162227687364,1.84304429774286,239.61143224149,599.292656818668,4671,0.639622477824051,0.365286486305877,169.577948717949,885.879487179487,1950,0.562062708805875,1.2545373925354,,,,,,,,,,,51.7418738049713,427.244741873805,523,0.942317511532627,1.18983037436473,833.737007874016,564.291338582677,635,0.257138859078612,57.2563947443708,440.400621118012,143.996228926353,4508,0.399844935179377,1.33137626363151,,,,,,1015.10143769968,908.456869009585,1252,0.115757650863804,2.35916450667741
,,,,,68.5371179039301,171.085698689956,3664,0.270907244727966,6.94112317738972,198.450223713647,552.809004474273,3576,0.484867974751491,4.23172407466728,,,,,,,,,,,579.522858982614,976.817986692423,4659,0.666649704835287,15.3458602324644,,,,,,202.81419433445,486.769418215047,3283,0.419349238889819,3.71477992934899,482.955578512397,21.2644628099174,968,0.33204564980195,2.62945140835838,237.838338658147,597.651331203408,4695,0.779726394535048,2.41615616850462,168.493353783231,892.946319018405,1956,0.373193953794227,7.14957749884254,915.764784053156,480.387707641196,3010,0.325223428325207,93.9551281808065,,,,,,52.6486486486486,427.538738738739,555,0.887862087647689,0.953244341035879,,,,,,437.80756731662,143.548282265552,4308,0.410519344591564,2.63146047430639,,,,,,1010.52023546726,922.050036791759,1359,0.449059128349232,14.3443934778962
,,,,,72.2652101769911,183.953263274336,3616,0.228430976256368,13.3967492448596,187.092848180678,557.834378920954,2391,0.685651265975813,12.4195155833967,,,,,,,,,,,599.154802611128,956.586571339757,3217,0.050936059409444,28.1908385438468,,,,,,200.491897543126,488.612127548353,3826,0.437563788417321,2.96456406138381,480.794936708861,20.973417721519,790,0.480635774969805,2.18015601429529,235.321534800714,606.298036882808,3362,0.842577182601077,9.00554389045765,167.698705179283,897.135458167331,2008,0.265627816317889,4.26384254080976,907.082381078926,472.692798299229,3763,0.562747106823003,11.6015408971395,,,,,,50.9865546218487,428.072268907563,595,0.75312212434581,1.74562624721604,,,,,,442.185373756075,147.740106456839,4321,0.445364792464749,6.06107080242293,534.168005843681,993.322132943755,1369,0.373273019357278,19.2876839651201,1017.82994652406,917.450267379679,935,0.0600725206578607,8.63653601731247
,,,,,78.0176329147742,186.221747261555,3743,0.322086092320738,6.18355779098338,191.823675496689,557.652317880795,2416,0.9159235997392,4.73432923614965,,,,,,,,,,,604.543511450382,973.811450381679,2620,0.0706658471749576,18.0481201503948,,,,,,203.620744802376,490.482522275531,4377,0.581794664300285,3.64527935927706,479.626373626374,23.7152847152847,1001,0.656765421561619,2.9804990000424,225.968162522741,613.761976955731,3298,0.623130563299405,11.9664520381997,168.47982619491,906.243327126009,1611,0.250039646208875,9.14130335398109,912.668611111111,464.577222222222,3600,0.604194102450875,9.85233683113671,,,,,,52.1580952380952,427.923809523809,525,0.962819624755642,1.18090965113327,,,,,,439.824696255889,153.071906769154,4033,0.307585120243582,5.83102845390891,546.223015873016,976.326984126984,1260,0.586838613804398,20.8364668336915,1018.18800461361,917.416378316032,867,0.0540358375861765,0.359658260191728
,,,,,77.3403372243839,183.47055771725,3855,0.365400074980599,2.83333255388634,209.763781491644,556.424794213021,4009,0.37800355590914,17.9820526488265,,,,,,,,,,,587.039909808343,973.36099210823,4435,0.830551827885333,17.5093969941659,,,,,,189.524819027921,498.149948293692,1934,0.569722204381285,16.0463249743641,481.167108753316,19.683023872679,754,0.584858897915842,4.31659498148761,234.131002331002,606.257342657343,4290,0.919879202420965,11.0883492769609,164.735824742268,914.206829896907,1552,0.499383618422181,8.79971154410724,916.561658304727,469.437549511487,3787,0.528427281052108,6.22724640675854,,,,,,52.0477876106195,426.686725663717,565,0.887527989263833,1.24199204892027,,,,,,442.049822964087,150.135558927668,3954,0.347120305507337,3.68419971143501,,,,,,1015.75516693164,926.118441971383,1258,0.10123832289546,9.0357407581562
,,,,,,,,,,,,,,,,,,,,,,,,,,,,,,,,,,,,,,,,,,,,,,,,,,,,,,,,,,,,,,,,,,,,,,,,,,,,,,,,,,,,,,,,,
