1,,,,,2,,,,,3,,,,,4,,,,,5,,,,,6,,,,,56,,,,,69,,,,,462,,,,
Velocity(pixels/frame),Tortuosity(pixels/pixels),Mean Area(pixels.^2),Mean Covarience,,Velocity(pixels/frame),Tortuosity(pixels/pixels),Mean Area(pixels.^2),Mean Covarience,,Velocity(pixels/frame),Tortuosity(pixels/pixels),Mean Area(pixels.^2),Mean Covarience,,Velocity(pixels/frame),Tortuosity(pixels/pixels),Mean Area(pixels.^2),Mean Covarience,,Velocity(pixels/frame),Tortuosity(pixels/pixels),Mean Area(pixels.^2),Mean Covarience,,Velocity(pixels/frame),Tortuosity(pixels/pixels),Mean Area(pixels.^2),Mean Covarience,,Velocity(pixels/frame),Tortuosity(pixels/pixels),Mean Area(pixels.^2),Mean Covarience,,Velocity(pixels/frame),Tortuosity(pixels/pixels),Mean Area(pixels.^2),Mean Covarience,,Velocity(pixels/frame),Tortuosity(pixels/pixels),Mean Area(pixels.^2),Mean Covarience,
2.42232906742986,3.64247529384806,4278.62352941177,0.267954880425714,,11.2196906073934,8.26617445317573,4237.24193548387,NaN,,2.70100338566408,6.43938976930772,2520.21176470588,0.720811919983069,,12.4379377305248,32.9158794334699,4491.2,0.475080496188038,,12.8344508356891,8.97136116939026,3051.60714285714,0.695649849240226,,11.4073777520929,6.15073461032032,2171.84705882353,0.529579876361031,,12.5805032423695,44.0747695676734,2875.56338028169,0.366648822225932,,10.8167598645665,8.72857875164085,2141.17567567568,0.543568011258605,,14.0190098439361,6.53570298469739,3282.91304347826,0.695504096167434,
x(Pixel Position),y(Pixel Position),Area(pixels.^2),Covariance,Pixels/Frame,x(Pixel Position),y(Pixel Position),Area(pixels.^2),Covariance,Pixels/Frame,x(Pixel Position),y(Pixel Position),Area(pixels.^2),Covariance,Pixels/Frame,x(Pixel Position),y(Pixel Position),Area(pixels.^2),Covariance,Pixels/Frame,x(Pixel Position),y(Pixel Position),Area(pixels.^2),Covariance,Pixels/Frame,x(Pixel Position),y(Pixel Position),Area(pixels.^2),Covariance,Pixels/Frame,x(Pixel Position),y(Pixel Position),Area(pixels.^2),Covariance,Pixels/Frame,x(Pixel Position),y(Pixel Position),Area(pixels.^2),Covariance,Pixels/Frame,x(Pixel Position),y(Pixel Position),Area(pixels.^2),Covariance,Pixels/Frame
24.6705298013245,187.967991169978,1812,0.544420456800865,0,394.7616468039,450.699711087035,5538,NaN,0,398.928954846858,814.175244711083,3167,0.472905955099322,0,448.550143266476,671.018147086915,2094,0.775842488980679,0,662.2293977813,670.715530903328,2524,0.923973856021242,0,708.095963442498,548.524752475248,1313,0.571671129800747,0,,,,,,,,,,,,,,,
25.7271778821075,190.888888888889,1917,0.520555266246636,3.1061469139372,399.618460955269,458.796626231994,5276,NaN,9.44185779206619,412.948312993539,815.231155778895,2786,0.512181046294449,14.0590665062811,451.504918032787,676.813661202186,1830,0.836406800612464,6.50528076103817,664.012836438923,673.775155279503,2415,0.966620344857534,3.54146223596861,724.136018237082,483.220364741641,1316,0.491039441902826,67.2454192869256,,,,,,,,,,,,,,,
26.8905,193.357,2000,0.484689318133281,2.72853272048699,399.422622747048,458.834679925419,4827,NaN,0.199501096194114,421.095222929936,810.18025477707,3140,0.849076259816493,9.58560078670076,450.24403771492,677.850249584027,3606,0.799949904231182,1.63227897411948,668.11301369863,676.854452054794,2336,0.96561692083861,5.12772095490148,787.261806130903,452.53024026512,1207,0.64591180488348,70.1908030841651,,,,,,,,,,,,,,,
29.5959550561798,197.163146067416,2225,0.453068864523192,4.66971465375702,399.592990142388,468.078641840088,4565,NaN,9.24553172777154,424.535805161759,815.025081788441,2751,0.918566200993085,5.94221800879451,457.646220159151,683.478779840849,3016,0.908797684509768,9.29906757635698,669.365384615385,680.742543171115,2548,0.930394782985159,4.08481155525439,790.020052310375,450.301656495205,1147,0.644638939122926,3.54605521757637,,,,,,,,,,,,,,,
30.811481768813,200.903413498836,2578,0.486853201201177,3.93282413129171,403.410532171333,465.991470424625,5393,NaN,4.35085183157176,430.85935302391,826.774964838256,2133,0.688042590670999,13.3434256939231,457.527719298246,684.553684210526,2850,0.868388983845534,1.08141659779528,670.031153846154,682.385,2600,0.880691123374157,1.77226214296628,788.576210826211,446.690170940171,1404,0.8497837854439,3.8894094854633,,,,,,,,,,,,,,,
33.8505303760849,202.029893924783,3111,0.517543740729784,3.24110700030128,404.419918998527,458.003681885125,5432,NaN,8.05131216129833,429.009510869565,811.191236413043,2944,0.694839152043184,15.6931356849664,457.490711531721,682.469681037504,2853,0.691138522654545,2.08433173941874,670.530859662013,686.292064658339,2722,0.910901529669144,3.93889072542622,786.32932416953,440.708476517755,1746,0.760374199478228,6.38977056013223,,,,,,,,,,,,,,,
36.2647896235369,203.429294527048,3161,0.428382850673607,2.79051424642988,402.247718383312,459.110635127584,5369,NaN,2.43799117999508,435.204841713222,820.963500931099,2685,0.593249649705295,11.5706213347945,456.33501344086,683.209341397849,2976,0.666407371180037,1.37212810112066,669.114459871317,684.21232644768,2953,0.880413603066185,2.51624708483864,785.210113680909,440.007840062721,2551,0.350395584067482,1.32042552230791,,,,,,,,,,,,,,,
38.2687576875769,204.472324723247,3252,0.415196936972016,2.25915913380949,405.099449357584,459.798765226097,5993,NaN,2.93358016459462,432.033030852995,822.693284936479,2755,0.821343890750923,3.61282947816862,457.405080960357,683.98883305416,3582,0.398367530304983,1.32387753910247,667.869217391304,685.519652173913,2875,0.932619983629666,1.80547206804726,783.795762213066,447.908475573867,3398,0.2293806521778,8.02623395837542,,,,,,,,,,,,,,,
41.3203883495146,207.46543100912,3399,0.38710455967762,4.27447481398725,404.792975346167,467.168693009119,5922,NaN,7.37629729922986,435.640744797371,821.242059145674,2739,0.791189338739169,3.88865737759831,458.909090909091,685.150429375185,3377,0.668241774052847,1.90035574009431,671.717391304348,691.311480978261,2944,0.990099187341287,6.95368415761757,782.992901992902,447.227682227682,3663,0.286659667464418,1.05264624320423,,,,,,,,,,,,,,,
40.2100740740741,206.470814814815,3375,0.409727447644705,1.49065729268055,409.676129779838,438.176419466976,3452,NaN,29.4006313259685,436.087492103601,818.215097915351,3166,0.802634985125135,3.05975120647114,458.030062393647,673.314804310834,3526,0.755134630620959,11.8682227732237,667.387127457197,687.596385542169,3154,0.968019151123512,5.70553407537036,780.509016393443,447.065300546448,3660,0.365932735715276,2.48918771522004,404.075977653631,507.993296089385,2685,0.330964495133837,0,,,,,,,,,,
40.6756674757282,206.848604368932,3296,0.377143358664286,0.599584992193687,412.557075471698,438.965330188679,4240,NaN,2.98700991064099,435.488259109312,823.986639676113,2470,0.789593901765474,5.80256619761228,460.329690831556,671.091950959488,3752,0.819552857346124,3.19833831450476,669.806536438768,688.584898572502,2662,0.799291430390663,2.61356037451646,774.497910135841,444.5710553814,3828,0.569550681898899,6.50804558861877,398.725706713781,494.507950530035,2264,0.423455471411167,14.5079269361578,894.4243281471,388.496463932107,707,0.141235791874302,0,,,,,
40.4212085308057,204.791469194313,3376,0.398962768971562,2.07281318051261,405.382096725743,430.681886452388,3329,NaN,10.9588211107401,433.988944365193,822.348787446505,2804,0.956551136270223,2.22047396471253,463.413793103448,683.212913677389,4321,0.375342857130505,12.5071749021207,668.52402044293,697.650425894378,2935,0.725769457462883,9.15579777535879,771.295723853684,442.249613601236,3882,0.741477265821341,3.95513450142058,398.853650479022,487.190948133465,3027,0.843040284163548,7.31812091171447,,,,,,,,,,
40.3360527141512,206.591465327895,3187,0.356006449187376,1.80200932129096,403.508737864078,430.75145631068,3605,NaN,1.87465020464204,437.28909382518,823.601844426624,2494,0.751464998999078,3.53003374681925,461.781971691085,681.970946113732,4027,0.444713705272419,2.05068879916554,670.060097833683,688.404961565339,2862,0.86699310453527,9.37220061724665,731.537938252224,474.137100994244,1911,0.800068955040067,50.9656096615241,407.181701030928,485.996778350515,3104,0.666166066531473,8.41323168976157,810.328318108544,397.619559376679,1861,0.616047758917736,84.589418811668,,,,,
39.7949383517197,206.229396495782,3082,0.377199108513951,0.651074951458829,401.75624082232,432.170044052863,3405,NaN,2.25469223257701,438.367868553172,824.251026928343,2191,0.456966160952016,1.25904441315308,463.333980582524,677.948959778086,3605,0.624663365888455,4.31104461624234,669.609476618148,692.953236296067,3229,0.825858127202052,4.57054291152247,727.845250800427,482.510672358591,1874,0.546152585523838,9.15164673763571,407.488833746898,482.455024813896,3224,0.804023831606115,3.55504551579547,822.034703683929,389.849973304859,1873,0.565427307925925,14.0501220979402,,,,,
45.6744565217391,204.450815217391,3680,0.299229432044178,6.1426448111079,401.817846978068,450.159551314247,5973,NaN,17.9896127480781,437.721883468835,820.631775067751,2952,0.887420350881761,3.67644947736109,463.811448724905,690.492403689636,3686,0.379583462942538,12.5525280716357,665.336630695444,700.24190647482,3336,0.718041016605564,8.44878247168303,712.707025411061,495.306925759841,2007,0.111481776031132,19.821956741155,,,,,,830.901322482197,394.38504577823,1966,0.845448416508396,9.95910695055171,,,,,
45.9050116550117,207.276806526807,3432,0.297632355120705,2.83538049481348,410.028744666517,437.907702672356,4453,NaN,14.7487842208774,435.636752136752,823.781274281274,2574,0.768759195802682,3.77718386738291,459.634239389604,690.996423462089,4194,0.425582830331162,4.20750683445047,665.252386002121,692.256097560976,3772,0.91112724807214,7.98625326275039,690.213870029098,500.409311348206,2062,0.207666623419192,23.0646131060007,404.545883092395,494.506285355123,3182,0.650278023831928,12.4053955675493,840.782232346241,390.174031890661,2195,0.694070299885817,10.7408108494036,,,,,
46.4506887052342,208.513223140496,3630,0.31726456631216,1.35147677958098,415.811734991257,445.242665630464,5147,NaN,9.34048492814281,434.636257309942,821.814814814815,2565,0.775187874272139,2.20634374740267,452.690476190476,678.224812030075,3990,0.701830990583595,14.5371904416191,661.93417721519,691.673136427567,3555,0.9313999749743,3.36902853011549,684.371711944804,500.878827080638,2319,0.274997366444869,5.86099446381631,412.263235294118,509.065588235294,3400,0.549974540556316,16.4781924179204,848.929540709812,380.752087682672,1916,0.925554165968891,12.4559891710596,,,,,
47.6651021535064,207.625345113197,3622,0.337675316738885,1.50436944089684,422.835216205688,446.232177639268,5134,NaN,7.09284303964388,436.653100775194,823.696124031008,2580,0.652633047688355,2.75807576586715,455.20177970178,681.186868686869,4158,0.702633421853176,3.88335228429508,673.241619228337,690.835547122075,3162,0.708071265515483,11.3384214388666,676.023578947368,506.515789473684,2375,0.356403508360048,10.0730665421948,412.088114754098,514.54537470726,3416,0.546320287242809,5.48258396943234,844.299725022915,379.25664527956,2182,0.63216005373967,4.86534081803803,,,,,
46.9191281904216,206.365070260969,3487,0.271945010949653,1.46450327987284,411.199030806507,460.07476635514,2889,NaN,18.0836410327372,434.17723952326,821.873894655902,2601,0.840601380779287,3.07415172597672,456.258670843589,683.127321548445,4469,0.73556983253816,2.20960996414169,661.794730392157,695.401348039216,3264,0.723325915667951,12.3238712279388,667.776285317276,512.779990736452,2159,0.670952562523112,10.3565471891658,409.033575317604,525.718693284937,3306,0.734258059207995,11.583318143233,844.132301740812,380.18413926499,2585,0.654625133527929,0.94248376558928,,,,,
47.5562757807896,207.182380671774,3394,0.274930832214876,1.03631720989334,405.057884231537,436.186515857175,4509,NaN,24.6649993535136,434.076984126984,822.144444444444,2520,0.853196029645339,0.288527871379932,458.58449539116,679.631056487828,4231,0.786785331760097,4.19920578207067,670.100158478605,686.951822503962,3155,0.749746793158747,11.847979467828,667.394146341463,512.356585365854,2050,0.639805027036316,0.570352789672346,411.212236058473,514.090958310774,3694,0.609249332634087,11.830079596231,841.396372057121,375.603241991509,2591,0.880593982916786,5.33572216895637,,,,,
48.435857805255,209.422205048944,3882,0.291524909040409,2.40634116000375,402.648387855966,437.460814309249,4249,NaN,2.72571262770839,434.364765230889,821.862242918122,2577,0.749040570723977,0.403057893140976,463.308138186877,667.072339438906,4313,0.910708445268195,13.4176814381776,673.748835855646,696.636786961583,3436,0.562394711702703,10.349462940033,668.222982885086,510.549633251834,2045,0.487140432781323,1.98797534149812,404.449982449982,505.793611793612,2849,0.449115709692327,10.7039260596948,845.467755443886,382.678810720268,2388,0.572124489894512,8.16332257830222,,,,,
47.1690103475723,208.320774741311,3769,0.340569403416493,1.67870521641236,409.181500403334,434.110513578919,3719,NaN,7.34207562888245,433.462327416174,822.407495069034,2535,0.972058883044868,1.05436896649201,469.477475649351,676.929586038961,4928,0.772391529650341,11.6286729793294,675.22034368071,695.379157427938,3608,0.866588065549708,1.93570848092366,673.772564789991,509.028150134048,2238,0.447750122271677,5.75436966113239,413.387021716649,511.647104446743,3868,0.647166829040384,10.6833537381388,848.079760258183,381.674965421853,2169,0.786400109673634,2.79826277055281,,,,,
48.5966542750929,210.61258629846,3766,0.231295316274295,2.70010507152394,421.342670655426,443.426706554256,3677,NaN,15.3194488626084,433.127089001166,822.784687135639,2573,0.98604924643304,0.504637146876099,465.062178299362,683.863907761993,4857,0.983655759984261,8.22068540009484,673.757985923119,696.0590146183,3694,0.903613341716181,1.61266735890372,672.985815602837,512.581560283688,2397,0.742435617666428,3.63946396809343,409.26701284504,524.409401475813,3659,0.420993945485856,13.4108425745874,849.731869042686,374.915043514298,2413,0.247924089898149,6.9588797684744,,,,,
47.9075251722311,209.187069422364,3774,0.262314894831921,1.58335001956193,425.011206671879,439.01250977326,3837,NaN,5.73962452825707,436.192431274545,820.419493038201,2801,0.847943192844172,3.87175236443684,450.729408792319,684.207680646791,3958,0.741913433714052,14.3368916274877,673.287532542667,688.658374312988,3457,0.810103974400478,7.41557842058077,671.482836495032,511.896567299006,2214,0.985879154154973,1.65171474158284,408.111504907306,515.829880043621,3668,0.403987541248347,8.65698484459896,855.115367871136,362.666521549848,2297,0.312335984348445,13.3794002088862,,,,,
46.2068433239002,210.837149472601,3887,0.26538566460807,2.36961661908285,430.951916036124,454.919209177447,4097,NaN,16.9798443363176,436.71098265896,823.811175337187,2595,0.927645851128614,3.43109375499051,452.667614309405,685.149490642028,4221,0.779725317773702,2.15491222410334,686.75447042641,664.202544704264,2908,0.865104620314102,27.9185604538545,671.7,514.670135746606,2210,0.730587161844549,2.78205713841617,410.030045200744,530.362137729327,3761,0.367726268792794,14.6583529191151,857.91967138293,348.786855317207,2191,0.457251808332735,14.1601289865513,,,,,
45.0072430964237,213.987324581258,4418,0.331657450418316,3.37085210606562,413.57794751273,447.316098707403,5106,NaN,18.9647586610421,433.899516189058,821.818012653517,2687,0.946262549333156,3.4463083429886,451.527542857143,682.7152,4375,0.557325837999326,2.68803531340802,676.746741154562,666.666134610269,3759,0.651683121102294,10.306498940162,671.817413355875,522.73415046492,2366,0.76452944786186,8.06486945172163,410.123920166816,536.919868930593,3357,0.288516785172435,6.55840308438767,861.385920577617,349.563898916968,2770,0.945120336584845,3.55227817542471,,,,,
45.1894960965224,213.480719186184,4227,0.280764183447755,0.53839129112894,418.807534246575,445.559589041096,4380,NaN,5.51669317749687,439.140169679085,820.887864256732,2711,0.990056319690669,5.32255812956248,452.395069532238,662.300884955752,4746,0.658990722004131,20.4327399351581,662.914206642066,696.269065190652,3252,0.880812225225155,32.6752583767348,672.32541567696,524.272684085511,2105,0.941192440930201,1.62023210063138,408.094073377234,527.103794292882,3189,0.285120959637346,10.0237517568168,841.587261146497,331.07813163482,2355,0.595591492073279,27.0870911557374,,,,,
48.6344439230408,213.31581417175,4262,0.260745927968105,3.4488924586336,413.683570397856,442.158317872604,4851,NaN,6.15009358340171,435.21433796635,819.520848573519,2734,0.75776982253472,4.15702856796427,446.693520140105,662.537264059156,5139,0.827278382962926,5.70644727930204,679.390761548065,679.744382022472,3204,0.595069352174585,23.3354240454103,677.331871345029,528.943469785575,2052,0.781487789314337,6.84695825986044,403.032686414709,519.059925093633,2937,0.336043953566587,9.50376081764711,826.030379746835,310.082278481013,1580,0.978433948258395,26.1312534819773,,,,,
45.9787664307381,213.216127401416,3956,0.337073815841253,2.65754781618374,430.890467732386,446.854351687389,3378,NaN,17.8362005334842,435.814652014652,819.332600732601,2730,0.718927041919588,0.629137668717599,446.878289473684,666.029992260062,5168,0.79648705445681,3.49761204138455,693.887144549763,677.018957345972,3376,0.392591960821486,14.7503579549514,681.651685393258,533.229400749064,2136,0.812402911293612,6.08522782113114,389.738362310712,483.865675827257,3566,0.259215210040683,37.6214597644201,818.294462540717,306.378501628664,1535,0.902413979604663,8.57685128656877,,,,,
46.0891038696538,214.466904276986,3928,0.348292770164911,1.255634159653,438.425855513308,458.719645120406,3945,NaN,14.0558620248085,436.539676708303,820.708302718589,2722,0.840925740037246,1.55506165815246,447.83935052531,669.821776504298,5235,0.935178119718611,3.91168328214205,663.448564259827,697.032896570951,3587,0.399920929629624,36.4289024452841,685.648401826484,538.115068493151,2190,0.680903403467349,6.31217011440825,396.201563372418,494.99581239531,3582,0.278770557589278,12.870621895912,820.853697749196,309.403001071811,1866,0.661637939920711,3.96197952214765,,,,,
44.8137931034483,214.325925925926,3915,0.328563496002553,1.28307928276751,446.015176151762,456.571815718157,3690,NaN,7.88739240144802,436.039008533117,821.043884599756,2461,0.650248934628356,0.602730305038429,453.747932256794,665.953525009846,5078,0.945368122036937,7.06220275140472,669.618810339458,694.371846776705,3211,0.963101060122346,6.71960733158238,697.994685990338,547.016425120773,2070,0.664960114156463,15.2205414643091,391.224074074074,465.412962962963,540,0.652593170147885,29.9986729748506,821.958644743398,305.308420528151,2007,0.621951091872395,4.24104912592557,,,,,
49.5283254304966,216.820564012977,4007,0.293111600042275,5.33385735168754,423.940763242833,445.71292956142,5267,NaN,24.6007136855591,437.239419588875,820.730753728335,2481,0.65539477291182,1.24057956029629,465.609939759036,654.949924698795,5312,0.978221076319398,16.1798158762273,675.649249422633,692.598729792148,3464,0.686414677862974,6.28570913873733,709.755807365439,557.674220963173,1765,0.339826528072905,15.8717544152539,457,497.290322580645,31,0.779076563413209,73.0933546063384,827.722277722278,306.142357642358,2002,0.485038094369961,5.82365145125284,,,,,
51.333982473223,217.148247322298,4108,0.260562344768534,1.83514950539585,425.612194016319,449.045104261106,4412,NaN,3.72787728604151,435.987053746567,821.092193016869,2549,0.866420875445589,1.30347940615737,470.343030519365,649.141888274139,5603,0.9882761230513,7.49235845749794,661.973291211947,700.989948305571,3482,0.890393420568778,16.0450734220958,714.643558282209,558.727607361963,1630,0.240527264896934,4.99997319288191,,,,,,829.129375276916,294.699158174568,2257,0.770967758503656,11.5293858287374,,,,,
52.9097329507835,217.748179209887,4531,0.371853243042876,1.68609247589771,444.115151515152,461.996310935441,3795,NaN,22.5852427599295,437.056422569028,821.086034413766,2499,0.728371794720429,1.06938655632212,479.618938087023,634.254552424765,5217,0.999434131149948,17.5406735872883,661.381053751996,685.739222990953,3758,0.744911273758142,15.2622202785482,724.923035522067,555.546824542519,1858,0.202446725152635,10.7603453322481,394.181286549708,471.321637426901,171,0.152786976485321,67.974725951373,837.275819162173,296.235586893405,2411,0.28021265457085,8.29006400359554,,,,,
55.1970338983051,218.172316384181,4248,0.312331130391781,2.3262927518158,428.715683814304,446.379171894605,3985,NaN,21.9325930361706,438.48315565032,821.095948827292,2345,0.574805689329273,1.42676752866368,480.583669548511,623.51757925072,5205,0.853135188172651,10.780227257945,661.082273747195,690.778608825729,4011,0.462952426990754,5.04823524442121,746.224094355518,554.839090143218,1187,0.836292485247028,21.3128129397814,,,,,,838.882049074473,298.50581145071,2323,0.35137732196779,2.78098796684846,,,,,
54.1907968574635,217.288664421998,4455,0.287508192623428,1.33916159317369,438.957542908762,447.675700090334,3321,NaN,10.3235973901092,437.553527980535,819.044606650446,2466,0.546592615227783,2.25215726159081,476.996913580247,612.798418209877,5184,0.601041900920859,11.3033283503322,645.122043519395,689.214049195837,4228,0.439439440318314,16.0367327021402,743.720638540479,555.676738882554,1754,0.606890885930037,2.63987621459125,398.049338146811,503.477135980746,1662,0.160759986668702,32.3873109474099,835.962765957447,296.683715220949,2444,0.397338938790878,3.44125683259209,,,,,
59.1491943127962,220.267488151659,5275,0.362704119998564,5.78438381657382,449.885793871866,465.474156607861,3231,NaN,20.8856822612737,437.847896440129,820.542475728155,2472,0.69792517489861,1.52652041059437,473.084125379171,606.672800808898,4945,0.705017031188342,7.26863811519409,664.274640657084,686.275924024641,3896,0.225662593256418,19.3766497785416,737.555019305019,556.640926640927,2072,0.471432713740776,6.24055434958027,401.321126760563,520.342253521127,2130,0.358931666617014,17.1795456978331,840.323717948718,305.408424908425,2184,0.498458773688184,9.75389467858372,,,,,
53.8032613299449,218.997246929267,4722,0.310333221358507,5.49477135285899,435.524667041831,470.381729506659,5331,NaN,15.1765027455399,436.759085799925,820.770700636943,2669,0.765278985558639,1.11247257009478,468.899616017553,611.176631925398,5469,0.335537925904242,6.14773237246185,687.853524229075,688.566905286344,3632,0.870425492441599,23.6899207605886,727.955888839876,566.890163211292,2267,0.841704184083751,14.0424412394055,403.178012144455,535.594439117929,3129,0.244973741779299,15.3648035720674,839.226115978306,316.74384647476,2397,0.888044647427079,11.3884376528121,,,,,
49.8158273381295,219.723124357657,4865,0.289073151057278,4.05296531938414,429.089892382359,449.443131462334,4739,NaN,21.905049942422,436.614137214137,820.484407484407,2405,0.655628747607297,0.32089540618472,468.466382663456,613.959066493795,5399,0.279282389593007,2.81596045187346,672.123423423423,692.836036036036,3330,0.723480577345048,16.2991272377979,720.260905691732,564.298296634815,2407,0.824235568498161,8.11976218866548,400.38102189781,524.034306569343,2740,0.146868755541654,11.8936881992385,835.521321070234,318.959030100334,2392,0.369073453645525,4.31654303880894,,,,,
51.861641609102,220.576798049573,4922,0.248430312646222,2.21678027859896,421.318373071529,444.864756561811,4991,NaN,9.01986857600182,439.012923351159,823.294117647059,2244,0.525386562156014,3.69440741246444,470.829397317211,612.776686189307,5293,0.347602383456617,2.64232122163531,669.659561693185,682.628940258181,3331,0.878857211183625,10.500258037022,697.393065835606,554.451110245423,2567,0.958803028131431,24.8978950811688,398.284361851332,516.460729312763,2852,0.177685681509947,7.85843850977299,830.840692640693,325.162337662338,2310,0.310208572744868,7.77105573292573,,,,,
56.0023451240962,218.243306624976,5117,0.224261312169568,4.75295779780931,426.167593528817,445.929221435794,3956,NaN,4.96467768453557,437.879872712808,821.251789976134,2514,0.593035473992567,2.335574033186,466.13828111325,624.121827411167,5713,0.247787857129734,12.2767585535854,674.028512538647,696.522500858811,2911,0.691379197222159,14.5642973621612,682.161092530658,530.641583054626,1794,0.223434308615903,28.2649358005978,398.547792950143,521.00031756113,3149,0.169421240687438,4.54722524277575,820.341813135985,326.897317298797,2162,0.234196042913,10.6412699051052,,,,,
49.7187957348944,220.844867238135,4783,0.242975028128758,6.80081690317276,423.275738228252,453.508778930567,5012,NaN,8.11249153441608,437.620663931369,820.38604998135,2681,0.657034235829386,0.903711752132791,467.913035584604,617.960239651416,5508,0.310192447248909,6.41209148053173,666.29257362356,690.130601792574,3124,0.670566780647158,10.034994996059,680.309557774608,530.479315263909,2103,0.303466453749234,1.85863169798795,400.606446776612,522.501874062969,2668,0.195367480740297,2.54808310410921,804.52781112445,334.201280512205,2499,0.255788953584093,17.4192576834851,,,,,
48.2219841439897,219.642168416542,4667,0.255929887870276,1.9201378581052,429.456504803947,451.251622955077,3851,NaN,6.58001736782793,438.155740961462,819.28406833532,2517,0.645715851033293,1.22501876570163,468.612689044633,617.019549981557,5422,0.227069735630434,1.17235319725362,658.992101105845,704.0663507109,3165,0.948555038563067,15.7321961879627,682.711507293355,536.238249594814,2468,0.383706973674856,6.23976651151995,398.199348534202,510.199348534202,3070,0.249626558255324,12.5357989906733,779.013478818999,339.113607188703,1558,0.953104224138922,25.9829195120491,,,,,
46.6992793186285,219.846909805634,4579,0.255491954041183,1.53640783048834,426.043534482759,452.14525862069,4640,NaN,3.52802368418478,438.526165167621,819.677432542927,2446,0.64524519413661,0.540323507109205,469.172619047619,623.257998511905,5376,0.196137996794644,6.26352629706687,671.273281408737,687.350829664748,2953,0.836308880078159,20.7421318450276,683.279350541216,536.804746044962,2402,0.525705886300164,0.80209985798041,397.73344169037,515.243396993092,2461,0.153487774759538,5.06552011571993,790.124717832957,339.826749435666,1772,0.462446763081784,11.1341009645914,,,,,
49.8651278569812,219.046616881647,4419,0.216353347876021,3.26543499888967,424.297734026746,450.656389301634,5384,NaN,2.29446095661663,439.502382843527,821.050039714059,2518,0.769492157142885,1.68435489045306,468.961141355359,638.820349164633,5327,0.207907742065017,15.5637874777573,680.167465548232,677.108148591971,3338,0.966455905729659,13.5653612950731,692.818780889621,546.782125205931,2428,0.61031507657563,13.8039424185195,399.288897893031,517.661264181524,2468,0.161442129367704,2.87498273721587,811.681211498973,328.342402464066,1948,0.167716867009301,24.4248366327617,,,,,
51.5371650821089,218.921564390666,4628,0.190659703000794,1.67670707272125,421.198308479858,441.894947696417,4493,NaN,9.29350836457075,439.222556390977,820.243984962406,2660,0.582290674876136,0.853245044643301,462.268562401264,651.611769352291,5064,0.188369841034063,14.4364484369952,678.819258809234,673.210510328068,3292,0.832576158673545,4.12422664839386,703.743472584856,553.220626631854,3064,0.778069990721047,12.6808197387848,394.643450732093,505.897506925208,2527,0.150749704198546,12.6477730889901,826.807875894988,320.565632458234,1676,0.29996255201757,17.0086486080837,,,,,
51.3402824478816,219.119704102219,4461,0.19556776656538,0.279324393769782,423.693347639485,437.644420600858,4660,NaN,4.92871190050192,436.597250859107,823.168041237113,2910,0.647688794374694,3.92967355302291,461.148998822144,666.352375343541,5094,0.177910113324198,14.7830608331627,668.039449873326,699.545783568585,2763,0.927659134043531,28.4561223174798,728.267939201131,569.009897490279,2829,0.525982514845526,29.1676282383999,400.122942206655,500.942206654991,2855,0.361812730892642,7.38781615822979,833.657160570366,316.48047117173,1613,0.366985392140543,7.97503876486608,,,,,
47.831544847135,220.062360801782,4939,0.275357518018124,3.63315857128794,431.664969921333,449.448172142527,4322,NaN,14.2434304948593,438.771344040575,821.238377007608,2366,0.736574176901016,2.90693742628565,457.337269091602,674.731289278233,5251,0.23391228880847,9.2051877907874,685.610985703536,679.989089541008,2658,0.829309456294819,26.2911230783436,742.949918566775,567.703583061889,2456,0.930559947966887,14.7399788154196,403.912608405604,505.175783855904,2998,0.351932834999271,5.6819667207352,832.664974619289,314.463056965595,1773,0.517221412383739,2.24819773165694,,,,,
51.1137195778591,218.608012061167,4643,0.217992390070053,3.58995838727003,431.582824668491,458.761523889707,4751,NaN,9.31371400727334,439.020791683327,819.561775289884,2501,0.595146757887231,1.69505676788382,457.00497988891,677.791227734151,5221,0.220079613800821,3.07792778801425,685.378455672069,691.740387670798,3147,0.34243543101769,11.7535985106997,757.573590814196,558.618997912317,1916,0.546258689055064,17.2157334243944,403.094212651413,539.081090174966,2972,0.130056381979882,33.9151819720893,828.766064257028,314.538654618474,1992,0.528964354917888,3.89964319112254,,,,,
50.7407243816254,218.217977031802,4528,0.222579665396487,0.539678367683345,425.468334325988,448.655747468731,5037,NaN,11.8115921542915,438.093220338983,820.85092449923,2596,0.619886303255261,1.58817325339636,457.638500506586,677.488753799392,4935,0.200563609928486,0.702024824509918,656.918781725888,694.883883248731,3152,0.374533569464573,28.6327540689222,758.198866320265,550.490316485593,2117,0.991116253286243,8.15269471988646,403.437890974084,538.472445635985,3357,0.149938315736157,0.698972792250304,823.943508424182,316.282953419227,2018,0.437764760895348,5.12831581196235,,,,,
50.8347476552032,216.353059401519,4478,0.198663251497663,1.86728630469912,425.231661145291,443.718173213441,4226,NaN,4.94324323910641,437.197928653625,817.408515535098,2607,0.85085196347613,3.55692657756756,452.26301703163,664.526277372263,4110,0.316881497209007,14.032876316472,664.672543352601,691.340173410405,3460,0.0962508206377231,8.52518027857086,764.588235294118,545.727022058824,2176,0.717072010444914,7.96950498338065,400.066272965879,524.152887139108,3048,0.172214139373376,14.7111373978605,814.824660103141,318.352555086732,2133,0.397699377747878,9.35075642738584,,,,,
52.2147559591373,217.184790011351,4405,0.203685576271166,1.61127239356324,425.61291913215,443.298076923077,4056,NaN,0.567308157636551,438.431936127745,817.591616766467,2505,0.64363635681297,1.24751773819539,457.296014330497,654.089789520824,4466,0.225135653619594,11.5866880722505,708.112038140644,683.714541120381,3356,0.241812741502916,44.1037410574548,776.988544760289,536.530335171829,2357,0.218995307047689,15.4384819381386,403.657981431566,533.460916442049,3339,0.17722404377466,9.97696242384898,798.003028467595,327.195639006663,1651,0.741652334678545,19.0044053865656,,,,,
51.4336043360434,217.278681120145,4428,0.204751960404547,0.78677404543674,424.726953026878,447.208741522231,3981,NaN,4.00976726840412,437.730507796881,818.504598160736,2501,0.725571299740943,1.15131956016491,460.748703441773,637.337576614804,4242,0.283507963879143,17.1043181491614,689.899606299213,692.364665354331,4064,0.113348692433904,20.1622747437269,778.555784273364,535.519967064636,2429,0.17609772152847,1.86469391680679,405.198033324228,523.75471182737,3661,0.301692658595129,9.82762269595794,803.690366972477,321.748853211009,1744,0.579457291529872,7.87485204767945,,,,,
53.5578231292517,214.448129251701,4704,0.244750431876273,3.53897292464501,432.127003955861,464.194669997918,4803,NaN,18.5278849287422,439.031855359449,819.628497632372,2323,0.620292635712367,1.71949280340026,468.053917438922,621.358256107835,4748,0.286206371041877,17.5699981618836,665.68968935889,694.3575677462,3026,0.200924543962889,24.2918039305617,779.524525316456,518.352848101266,2528,0.152966848701333,17.1944302816657,403.385648754915,528.288007863696,3052,0.194717595124787,4.88216251061541,813.534252669039,316.208629893238,2248,0.471011700621803,11.2958470252456,,,,,
51.090329920364,215.961319681456,4395,0.202889760976873,2.89452379720919,427.390062821245,443.424614505997,3502,NaN,21.3033757055146,438.021964359718,818.108992954828,2413,0.695628286016406,1.82449288746624,476.478744714,605.817493879368,4493,0.261167682840852,17.6774716873382,688.350015938795,688.780044628626,3137,0.0983418160723893,23.3366485347626,786.725522193212,492.521214099217,3064,0.26456874993847,26.8165559167256,395.497309275087,515.098132320355,3159,0.481490635946649,15.3687578092,817.980897378943,311.500222123501,2251,0.453680925306335,6.47624527810985,,,,,
51.029246344207,217.243419572553,4445,0.205830858601617,1.28355418040209,420.651675080312,440.169343735659,4358,NaN,7.48349230876683,439.917238421955,818.939536878216,2332,0.591673772733251,2.06926725670368,483.834256410256,591.074666666667,4875,0.251649154010294,16.4758765028552,695.886378737542,688.64584717608,1505,0.407008036127246,7.53755750827813,795.272484416741,455.044078361532,2246,0.598266121819358,38.4393843128543,398.408300395257,518.515415019763,2530,0.117705095455377,4.48906341561162,823.504102564103,311.100512820513,1950,0.383300121861682,5.53764959565628,,,,,
52.1544697140284,216.877279891916,4441,0.215058495315745,1.18329451014079,428.661034411704,452.714815577993,4853,NaN,14.8841761829858,437.670281124498,817.855020080321,2490,0.69113655187753,2.49499374378237,490.170387330662,568.62182789544,5241,0.489391404877919,23.3297347590415,682.322047244095,690.611811023622,1270,0.96990863838761,13.7060608022131,796.891335567257,440.815222594543,2089,0.996024396396917,14.3206499672779,400.714530500343,522.333790267306,2918,0.146995339056592,4.46079441676677,828.208506224066,310.89989626556,1928,0.4815999282124,4.70867930507074,,,,,
52.9312925170068,217.580725623583,4410,0.216374844584129,1.04799311287199,427.177732568892,452.941002404291,5407,NaN,1.50044821212862,435.803749501396,818.723972875947,2507,0.746893429538455,2.05888786995931,467.738461538462,573.236802413273,3315,0.623374292060296,22.9017310382216,680.285487708168,691.905630452022,1261,0.993710591860816,2.41278748684553,795.965315095261,444.394723986321,2047,0.725494707644341,3.69734284700516,406.87886985272,518.468289750526,3327,0.373531275840054,7.27606857420269,833.113100848256,309.391611687088,2122,0.471320020553311,5.13127379870651,,,,,
53.345496009122,216.602508551881,4385,0.214607197793833,1.06229617915551,431.79992828971,471.277877375403,2789,NaN,18.9104647480637,436.224215246637,818.570729718712,2453,0.70044494183862,0.447520846620943,469.060955518946,572.428747940692,4856,0.46501069855367,1.54982010539131,679.607946026986,690.847826086957,1334,0.876014862282099,1.25618979636463,796.476369719782,456.207862818904,2391,0.456406654120989,11.8241881711651,405.246600514517,518.211319367879,2721,0.497855305500922,1.6523731327992,834.902867715079,309.202127659574,2162,0.396457160205632,1.79976932806881,418.976945244957,430.682585426101,2429,0.771449003689166,0
55.3487223534464,216.727721709255,4657,0.209318533267029,2.00713580043175,,,,,,436.425949637217,817.06914212548,2343,0.72390132051987,1.51507823708538,457.453941120608,608.904795821462,4212,0.383167449334469,38.2782556060682,678.350757575758,688.87803030303,1320,0.983026965370374,2.33679657485986,795.201180936314,458.911851539435,2371,0.499933933636987,2.9895921852723,404.548699132755,506.018679119413,2998,0.521688790766969,12.2125976993918,840.420289855072,305.453804347826,2208,0.367856295978189,6.67022298879812,427.131908964236,449.090339061774,4306,0.958705845759935,20.1332766129707
55.4782326185835,217.374485596708,4617,0.187017553132929,0.659603240508329,,,,,,435.180378524527,817.342603321746,2589,0.822291132921776,1.27523661437074,460.884035361414,641.393395735829,3846,0.223444904717745,32.6691700368501,676.914583333333,690.15625,1440,0.983635368619365,1.92261333822593,798.086992890004,452.280635717273,2391,0.935857860804803,7.23193846158483,401.424183640478,515.625282896864,3093,0.26193213555566,10.101951949916,843.693918646798,302.903342730568,2483,0.403951647317774,4.14987950754271,427.518884120172,450.468669527897,4660,0.980650979431085,1.43162308068626
58.7391032325339,217.210844629823,4795,0.183341676080515,3.26497404690578,,,,,,437.193042002546,817.710224862113,2357,0.647494761737272,2.04596184536573,464.142948717949,645.155982905983,4680,0.176029991399494,4.97770815520563,673.351120597652,690.046424759872,1874,0.976590833642781,3.5651547304371,800.061930783242,440.351092896175,2196,0.143748109853561,12.0919134797833,399.379797979798,518.093602693603,2970,0.197065530280205,3.20501409490962,856.127697049758,295.815499779833,2271,0.413429048859905,14.3121054729271,434.531724137931,460.846666666667,4350,0.565630578672739,12.5252844170102
60.455295735901,217.609157005306,5089,0.173179153467923,1.76180857560522,,,,,,436.960614415124,816.241433635289,2539,0.69797511946374,1.48706766873203,466.174763033175,638.034952606635,5064,0.118816777158675,7.40522396256786,680.709677419355,685.053046594982,1395,0.817366813355422,8.89281642652242,812.446315789474,444.060210526316,2375,0.177597478109804,12.9278979566205,402.781057150523,519.930775422592,3727,0.197809239968767,3.86571695582903,868.54800526085,292.786058746164,2281,0.307096779794481,12.7844268168351,430.230447292702,442.779230970442,3823,0.882679897282763,18.572377745903
60.1626594187748,218.988082793226,4783,0.165478024096032,1.4096355354109,461.764705882353,496.882352941176,170,NaN,39.4141734046885,437.32612312812,818.554492512479,2404,0.727710218640322,2.34175959240527,469.795939723734,629.13059857681,4778,0.128704916781351,9.61251482769727,678.331923202083,688.275951838594,3073,0.49528318494477,4.00510091346751,829.143674507311,450.785759694851,1573,0.726910879621432,18.0009666343369,400.305871212121,515.987373737374,3168,0.197486845965138,4.65585247625437,878.006849315069,288.784045124899,2482,0.345574524465007,10.2706301591871,423.682487725041,440.070649208947,3666,0.820349826735048,7.08605600164356
61.1617312072893,219.309587906399,4829,0.167030064670811,1.04952845430782,,,,,,434.747532894737,818.525082236842,2432,0.732487899858902,2.57875794831756,471.735712619547,610.085141124329,4287,0.143454739037178,19.143985177115,674.193003618818,686.457780458384,3316,0.359204923429712,4.5206639428904,830.13880126183,451.302208201893,1585,0.684177591441438,1.12115847139695,400.195752302968,522.936540429887,3908,0.130470100908308,6.95003912899008,875.567087608524,294.506314127861,2534,0.420139156683351,6.22067518256491,447.476726726727,456.248873873874,2664,0.53279802975151,28.7732647257518
61.8740273396425,218.889169295478,4755,0.190466024284369,0.827114011834852,448,508,1,NaN,17.6937617298371,438.118279569892,816.858064516129,2325,0.508605235531911,3.7604363083616,471.342036553525,615.169712793734,1915,0.230816197662914,5.09978920214045,682.441505317698,684.566948459231,3667,0.913677584163518,8.46244798657308,833.764760147601,450.338560885609,2168,0.174782016374725,3.75182542124353,403.820882852292,524.580928126769,3534,0.347854671758918,3.98065100169486,891.644506001847,298.65512465374,2166,0.671392028506847,16.6040962106822,437.465088757396,459.456331360947,4225,0.448545740534466,10.5128815441017
59.5148300923198,217.076802199961,5091,0.172401613226322,2.97497666220936,436.8,523.6,5,NaN,19.2041662146525,436.265379975875,817.230800160836,2487,0.653771409117944,1.89001819206777,476.174288380775,591.03336444237,4286,0.218624405081568,24.6153198122696,682.298079096045,678.003163841808,4425,0.836770928937098,6.56535144413283,818.296244784423,448.453407510431,2157,0.240775714984114,15.5829641207582,401.350434422838,538.809681423252,2417,0.167077175921227,14.441625109896,910.640416907933,304.141864504922,1727,0.702275619013695,19.7724289187371,457.060791366906,484.437410071942,2780,0.373324297176862,31.7497378623087
63.5742694805195,217.346387987013,4928,0.168702129073438,4.06838108380321,,,,,,435.393734123624,816.239204064352,2362,0.719554391392021,1.32023835359679,472.239037553407,613.87924443445,4447,0.149575283964557,23.1823301608533,679.21718931475,673.848548199768,4305,0.879064616831076,5.17230248318604,802.941848906561,448.159045725646,2012,0.953391198329355,15.3572172490479,414.310185185185,577.018518518518,648,0.701401887086209,40.34687561627,907.062629399586,295.324534161491,1932,0.853532455828283,9.5155597754454,442.664298018949,498.136735572782,4644,0.747210144319656,19.8728593789553
62.477121548075,217.342269703689,4961,0.210748093852099,1.09715566166555,,,,,,436.805457746479,817.800616197183,2272,0.653162743994322,2.1049872768921,465.587619047619,645.631904761905,4200,0.271784814981961,32.4418372785796,677.273548387097,679.956387096774,3875,0.995610729274177,6.4096361868233,802.207128099174,449.1875,1936,0.92685218456304,1.2639354648257,,,,,,899.387640449438,293.930423509075,2314,0.429843150240729,7.80057689508079,427.272228571429,510.957714285714,4375,0.653775895724144,20.0323063333895
61.4466255374836,215.771919985044,5349,0.264069622372978,1.8782758760876,,,,,,437.851239669421,816.316659417138,2299,0.621092189122383,1.81543040499926,462.990193733557,669.184883999043,4181,0.920895086222331,23.6957685928778,681.850645855759,676.72093649085,3716,0.966144693013792,5.6051727770878,795.170113753878,455.221820062048,1934,0.692675376647624,9.2699832527964,,,,,,887.814066852368,287.463788300836,2872,0.732091077845776,13.2576384293452,420.375,529.048572744015,4344,0.598607939768144,19.3610671638933
64.0934454423849,217.173132046627,5233,0.230299691151073,2.9948373662868,,,,,,436.319371727749,816.868673647469,2292,0.639326916484841,1.62829330933138,455.759508955524,675.988327631314,4969,0.41698038354074,9.92822479684836,679.43335117773,684.894807280514,3736,0.906052353626803,8.52381823166944,792.524852071006,453.933136094675,1690,0.654418902691592,2.94246762745748,400.54422005571,561.466225626741,2872,0.869489799206586,20.7695837738157,864.432624113475,293.138061465721,2115,0.955452579804323,24.0601172171261,423.820252385349,503.917205293937,3249,0.538081693204935,25.3664225682219
64.0334394904459,218.758757961783,5024,0.214636640875245,1.58676093255514,,,,,,437.231702035513,818.042442615851,2309,0.736068373131753,1.48663384247805,457.454841802493,660.737679769894,5215,0.192068797683326,15.3445890676497,686.89168017288,680.044030253917,3702,0.764380084690351,8.89700562895446,792.315492957747,452.390985915493,1775,0.386198524452055,1.55629637712576,402.603819784525,565.184622918707,2042,0.313363570306707,4.25069752674019,858.743188698285,301.042381432896,1982,0.598438376959,9.73899119452869,422.78410311493,509.669709989259,3724,0.675572057550036,5.8450761825912
64.0231178396072,219.693944353519,4888,0.169195709078263,0.93524335002345,,,,,,435.227424749164,817.273411371237,2392,0.782537742687467,2.14675021736753,467.506124335567,624.80725675988,4327,0.113758785115867,37.3098321925774,691.427432590856,676.823915592028,4265,0.793788164288857,5.56257030812988,798.392563978754,457.976822790922,2071,0.510173821845026,8.25423320443984,404.869524258125,558.817710786623,2123,0.530736834566698,6.75803128576491,858.062324273664,298.261012183693,2134,0.699929256449634,2.86349284356156,417.528846153846,507.440136476427,3224,0.555657727653119,5.7086534118078
64.5175563223057,221.771666328395,4927,0.170864804734469,2.13574296628942,,,,,,435.931297709924,818.486429177269,2358,0.746004078388208,1.40244406043094,471.609298928919,587.62682570594,4108,0.373601988842243,37.4061558449987,696.459515214028,664.191593604951,3878,0.680701618264983,13.5976988608964,798.982209737828,449.989700374532,2136,0.589122052823042,8.00885800945428,419.348993288591,549.91610738255,2682,0.603718257826296,16.9968693166593,870.589113257243,289.512291483758,2278,0.648645061166118,15.2794160923963,410.146151237708,502.627331298745,2949,0.51151033306692,8.81290405616073
64.7204049844237,219.934774143302,5136,0.19953395560708,1.84805857033172,,,,,,436.570428696413,818.235783027122,2286,0.737543466896159,0.686521602336289,477.939930354034,571.786419036564,3446,0.834289115235472,17.0585866264425,701.691631063081,671.534305101784,3979,0.671555991698656,9.01612158212416,784.954771097628,435.054605626034,1813,0.209222281814159,20.4896581218712,420.277633477633,557.114574314574,3465,0.995631800287418,7.25811950660418,872.176997759522,283.925317401046,2678,0.809336685446313,5.80824040424242,407.656857451404,497.857181425486,3704,0.82514316698811,5.38060529753734
61.3322410340433,221.449663207719,5493,0.166960911909698,3.71140725765125,,,,,,436.989524225229,818.051942383239,2291,0.69260881062126,0.45764445218642,473.583562181248,588.987446057277,5098,0.231258242408947,17.7441053373838,703.529467455621,685.949585798817,4225,0.477456842774305,14.531963397283,791.56182531894,441.436211972522,2038,0.292463589929103,9.18575337383327,404.990727183992,550.895070766227,2049,0.32803146798342,16.5036883277184,885.421491045398,264.232403165348,2401,0.662644117519132,23.7324139837092,409.949293177628,492.923786109404,3254,0.860802298738674,5.44000467863842
65.7442794058611,221.823966278603,4982,0.188990500809159,4.42788723696365,,,,,,437.191254416961,819.245583038869,2264,0.738570319394934,1.21056725754105,468.894333534987,618.368017745513,4959,0.153769690883525,29.7524260863627,748.083692528736,651.288074712644,2784,0.10696701708711,56.4490861098973,794.430452203778,450.692615912994,1747,0.407100092521675,9.69071896783684,401.606994665086,546.66330764671,1687,0.205545324549217,5.41825293422244,888.094466182225,263.046394633874,1789,0.802807144498003,2.92427979489385,408.525790921596,491.33803301238,2908,0.852782548747724,2.13095555036928
66.211416070008,219.087907716786,5028,0.160897388576422,2.7756500349796,,,,,,436.976926425773,815.209403569874,2297,0.707892806827678,4.04186605341494,468.241242325749,627.061935716865,5538,0.129133217224175,8.71841372155408,715.444841675179,643.687436159346,1958,0.370426500795196,33.512151400031,797.972866026003,453.859807801017,1769,0.34136371971876,4.75182071878329,407.470217917676,540.169007263922,2065,0.600311743800462,8.7494756626659,889.102461074837,260.271220492215,1991,0.450327137007879,2.95256587057142,404.436454254183,489.490566037736,2809,0.783121642936918,4.48729412918798
63.6414529114398,220.633027522936,5341,0.159963598436336,2.99868401999176,,,,,,436.339445438283,816.388640429338,2236,0.709740916563692,1.34051541584972,466.777816593886,626.579213973799,5725,0.134176055424833,1.54098512449249,740.771362586605,653.722401847575,2165,0.148633684012688,27.2421217573236,797.545967287084,449.403271291596,1773,0.324664827091483,4.47693647409655,403.500684743906,529.889619282388,3651,0.180238391524929,11.0192109922883,887.343259339469,270.323226854358,1847,0.435873898554294,10.2047843019974,398.772727272727,478.227272727273,22,0.431384615384615,12.6071241573165
67.5484381178331,219.464412811388,5058,0.150073629665612,4.07801345596387,,,,,,437.279505752024,817.057946314444,2347,0.864184737687696,1.15398603167822,462.542646542647,644.432256932257,5698,0.122454550334963,18.3485097007757,756.766931340495,654.105558150397,2141,0.149128386779411,16.0001571402539,800.61530715005,456.73413897281,1986,0.24282673206823,7.94748187502522,405.786695986806,526.383727322705,3638,0.267780489963181,4.18534656099587,886.570030895984,277.924304840371,1942,0.307053840482798,7.64030554200918,,,,,
69.8010699425401,219.187041807014,5047,0.150395425181719,2.26964420377955,,,,,,436.58595113438,816.033595113438,2292,0.714206870148807,1.23705836186357,470.735937867734,634.733819722288,4249,0.113275750763335,12.6960508447888,725.661818181818,652.081038961039,1925,0.512451475237832,31.1709278424974,801.439239332096,454.058441558442,2156,0.220408032453613,2.79968228445072,403.817867588407,523.082424886998,3761,0.21829758996785,3.84381100398327,885.695465393795,283.449642004773,2095,0.266623698457405,5.59412330914747,435.5,482.5,2,1,36.9749747847186
71.4879882633413,219.223546671557,5453,0.159503532488725,1.68731325668646,,,,,,436.625381596162,816.62799825556,2293,0.746601569354269,0.595709540532345,463.287834549878,649.840632603406,4110,0.138807863322403,16.8431006189056,741.021405304793,659.114937180084,2149,0.128142406284627,16.893568028813,794.217724755006,441.411589262889,2347,0.175264942809784,14.5634180662595,404.117823865344,522.709948902916,3327,0.324815584180802,0.478238566817965,878.412290103608,297.695962843873,2799,0.254459910404794,16.0000718672805,,,,,
69.0647781299525,220.602812995246,5048,0.137821587041879,2.78824728857037,,,,,,436.991507430998,814.630997876858,2355,0.540940830564423,2.03028535912383,443.042431385755,684.305270247516,5939,0.275350471555253,39.9710845139046,764.15196743555,659.900497512438,2211,0.323166106928652,23.1438978895207,799.173853211009,434.24128440367,2180,0.216294340407281,8.71644887821529,404.262833675565,521.332648870637,3409,0.285138781815702,1.38491271348626,882.255083179298,310.718299445471,2705,0.842929448004536,13.5774927430619,,,,,
72.8108363224467,220.515952425901,5297,0.119092566601593,3.74706508350999,,,,,,437.019256605464,816.658307210031,2233,0.651574752145071,2.0274992352788,455.654619644419,660.674438939085,3431,0.134043300225882,26.785882120989,782.186507936508,663.555555555556,2268,0.655764474149661,18.4011983408491,795.578775128565,423.77840112202,2139,0.212251145698961,11.0632957559809,404.377245508982,546.42994011976,2505,0.196995775966912,25.0975520342318,885.095355528155,307.629264282778,2433,0.600520258711465,4.19634188931675,416.036513545347,479.929623085984,3396,0.628809948734425,19.6324767273656
70.5348014156508,221.009830908376,5086,0.132774466781421,2.32900211515673,,,,,,434.582211342309,814.146878824969,2451,0.715789211720142,3.49949455606915,434.196866144357,699.751625270878,5999,0.279798211257691,44.5809564374645,,,,,,789.645990922844,413.612708018154,1983,0.47553325591063,11.7702695259549,404.56105296543,528.253409451316,3153,0.283858652850896,18.1774600074361,885.600152613506,297.218618847768,2621,0.254411053901363,10.4228766888457,,,,,
,,,,,,,,,,,,,,,,,,,,,,,,,,,,,,,,,,,,,,,,,,,,
