1,,,,,2,,,,,3,,,,,4,,,,,45,,,,,71,,,,,153,,,,,221,,,,,331,,,,
Velocity(pixels/frame),Tortuosity(pixels/pixels),Mean Area(pixels.^2),Mean Covarience,,Velocity(pixels/frame),Tortuosity(pixels/pixels),Mean Area(pixels.^2),Mean Covarience,,Velocity(pixels/frame),Tortuosity(pixels/pixels),Mean Area(pixels.^2),Mean Covarience,,Velocity(pixels/frame),Tortuosity(pixels/pixels),Mean Area(pixels.^2),Mean Covarience,,Velocity(pixels/frame),Tortuosity(pixels/pixels),Mean Area(pixels.^2),Mean Covarience,,Velocity(pixels/frame),Tortuosity(pixels/pixels),Mean Area(pixels.^2),Mean Covarience,,Velocity(pixels/frame),Tortuosity(pixels/pixels),Mean Area(pixels.^2),Mean Covarience,,Velocity(pixels/frame),Tortuosity(pixels/pixels),Mean Area(pixels.^2),Mean Covarience,,Velocity(pixels/frame),Tortuosity(pixels/pixels),Mean Area(pixels.^2),Mean Covarience,
6.75402416588359,5.54730173069038,4482.43055555556,0.588267580115787,,15.1148555745093,6.66422486693008,2225.77647058824,0.236811920275933,,2.2601211018243,8.69459339115421,1256.67058823529,0.534768243054598,,5.75436714077882,5.09103301225912,4216.80357142857,0.49810071767937,,5.89766192919999,6.05703016345988,2507.24657534247,0.468288464966817,,5.62472916401351,11.2261314721629,2370.72,0.385668741378668,,14.7913530581154,4.17764607029859,1663.92,0.407772219442932,,5.43247346777727,21.6221836188409,4477.7380952381,0.492407384722979,,1.94805429403256,6.56254074190812,714.3,0.337989446016032,
x(Pixel Position),y(Pixel Position),Area(pixels.^2),Covariance,Pixels/Frame,x(Pixel Position),y(Pixel Position),Area(pixels.^2),Covariance,Pixels/Frame,x(Pixel Position),y(Pixel Position),Area(pixels.^2),Covariance,Pixels/Frame,x(Pixel Position),y(Pixel Position),Area(pixels.^2),Covariance,Pixels/Frame,x(Pixel Position),y(Pixel Position),Area(pixels.^2),Covariance,Pixels/Frame,x(Pixel Position),y(Pixel Position),Area(pixels.^2),Covariance,Pixels/Frame,x(Pixel Position),y(Pixel Position),Area(pixels.^2),Covariance,Pixels/Frame,x(Pixel Position),y(Pixel Position),Area(pixels.^2),Covariance,Pixels/Frame,x(Pixel Position),y(Pixel Position),Area(pixels.^2),Covariance,Pixels/Frame
104.805,367.0658,5000,0.422183585719962,0,311.905758192927,860.875578596556,5401,0.507741319333565,0,491.071957236842,544.883634868421,2432,0.267023112200937,0,629.487867726004,333.528451793,4657,0.197228323796268,0,,,,,,,,,,,,,,,,,,,,,,,,,
105.426512383272,369.693869265124,4926,0.435167678495762,2.70056025758535,312.956642579211,863.446544376505,5397,0.476451986622269,2.77744901573445,493.372299382716,547.378472222222,2592,0.244706961186718,3.39349191983795,628.535493827161,328.757495590829,4536,0.177147284966671,4.86508367104108,,,,,,,,,,,,,,,,,,,,,,,,,
106.048004861252,369.518736074539,4937,0.428002731822076,0.645696937137882,318.815909090909,873.02972027972,5720,0.415807825136303,11.2324647538761,493.410552349547,549.171475680132,2426,0.266334612413905,1.79341146688309,629.49990112715,328.844769626261,5057,0.159181574315504,0.968348179909702,,,,,,,,,,,,,,,,,,,,,,,,,
109.041341207849,372.756525052391,5249,0.529187766522988,4.40946027864622,321.756772558955,881.662833755603,5131,0.403772840619925,9.12027007413483,493.980704697987,549.101510067114,2384,0.261904116414488,0.574429184004958,631.361842105263,329.303865131579,4864,0.134407037501523,1.91770511001526,,,,,,,,,,,,,,,,,,,,,,,,,
109.395097859887,372.56868483629,5467,0.615194940954362,0.40053428772758,329.478229835832,899.420592433976,5604,0.46509324699763,19.3638553949862,495.706757331067,551.305567360816,2353,0.254524107843663,2.79948678262346,632.024696439597,325.433216711257,4859,0.122405489677646,3.92699567892328,,,,,,,,,,,,,,,,,,,,,,,,,
111.784844141885,370.135077033321,5582,0.643496097849786,3.41076739620211,333.408273381295,902.560251798561,4448,0.613600785735407,5.03017924082908,495.333783175888,550.545659019343,2223,0.246928000826568,0.846504818575082,633.044487847222,320.718098958333,4608,0.135700577530978,4.82413825869525,,,,,,,,,,,,,,,,,,,,,,,,,
109.204956117708,366.706590948202,5811,0.687562746128602,4.29072710075469,337.734549356223,910.78025751073,4660,0.514298152525237,9.28898044563144,495.593765462642,550.436417615042,2021,0.233834428682806,0.282000840139611,633.233937765838,314.134766062234,4467,0.169990658463901,6.58605825152836,,,,,,,,,,,,,,,,,,,,,,,,,
108.691548537592,366.755607392787,5573,0.783337371633158,0.515742140182626,346.417761667422,940.161304938831,4414,0.693122815625794,30.6372995548514,496.354494667344,551.748095479939,1969,0.24688761733882,1.51631386729351,634.396457765668,318.787920072661,4404,0.186963551233585,4.79617503796058,,,,,,,,,,,,,,,,,,,,,,,,,
106.684314784801,365.715829281469,5553,0.907074679219148,2.26055874931786,348.081756245269,953.704012112036,3963,0.712919693120462,13.644551862714,494.937376725838,554.191814595661,2028,0.25512319308459,2.8248869670627,631.144273127753,315.696916299559,4540,0.246673910899427,4.48675932543914,,,,,,,,,,,,,,,,,,,,,,,,,
106.058979206049,363.74461247637,5290,0.898391482031831,2.06802811362845,343.60406779661,949.765875706215,4425,0.59519075117564,5.96310424142561,494.607911867802,552.381071607411,1997,0.237227362217943,1.84047202156837,629.639793814433,315.24618556701,4850,0.246357407315728,1.57054646460175,,,,,,,,,,,,,,,,,,,,,,,,,
106.761286456252,365.136636036756,5006,0.926206061700728,1.55915524126245,347.620733249052,943.11188369153,3164,0.476760268411547,7.77233626963803,494.969864389754,552.743847312908,1991,0.245435925813147,0.512460574723866,629.35386199794,315.158393408857,4855,0.287999236882804,0.299106112802919,,,,,,,,,,,,,,,,,,,,,,,,,
105.964854368932,364.539805825243,5150,0.869970142989282,0.995243875182602,335.402074688797,902.930705394191,2410,0.839529545908596,41.9978893085667,495.754484879549,552.7303946694,1951,0.228078849851049,0.784735806895309,628.493923951392,316.166797334379,5102,0.281414214118697,1.32528182697483,10.7680890538033,204.688311688312,539,0.835180485998809,0,,,,,,,,,,,,,,,,,,,,
103.991781920224,361.112246943275,4989,0.865755964836515,3.9548925114601,318.830798479087,887.025475285171,2630,0.746840206691854,22.9691867518062,499.915210688592,550.085817060637,1946,0.196236845749062,4.93005375090455,627.837603544596,312.026777114236,5191,0.284514133292246,4.19172087567441,,,,,,,,,,,,,,,,,,,,,,,,,
103.217894947074,359.659876173357,5007,0.82171300213113,1.64568584502746,310.668271010737,888.790077748982,2701,0.646920427357366,8.35108834385473,501.185321100917,551.534403669725,2180,0.199632699590633,1.92654707275096,628.060822898032,313.192128801431,5590,0.290762584742655,1.18653758246273,25.8402625820569,192.770970094821,1371,0.534647420480681,19.2144072383647,,,,,,,,,,,,,,,,,,,,
102.446545888911,358.916583714911,5023,0.80840736165513,1.0711970165715,309.134235758601,863.163564579808,1773,0.187021799518403,25.6723867485012,498.924258474576,550.236758474576,1888,0.196141448669598,2.60696897809094,624.68044982699,308.965570934256,5780,0.41381389790239,5.4120895691045,33.989932885906,193.106543624161,1192,0.322161234219986,8.15657622137096,,,,,,,,,,,,,,,,,,,,
103.685635249951,360.055720213397,5061,0.849864684740777,1.68314420262276,304.688128772636,815.010060362173,1491,0.121374682547463,48.3583274707518,500.069678039404,553.624699663623,2081,0.182115251678559,3.5763293304632,613.826616915423,289.898009950249,4020,0.591550754435231,21.9403183830829,35.113321799308,196.797577854671,1156,0.344296339360695,3.85820377138798,639.234774933804,346.741835834069,2266,0.494406421622694,0,,,,,,,,,,,,,,,
102.204301075269,358.295171832174,4743,0.813852317274283,2.30084365824943,302.821290322581,790.009032258065,1550,0.304270503709088,25.0706300690874,498.145363408521,553.625563909774,1995,0.209210078532381,1.92431482495751,610.609593920684,288.467347423415,4211,0.532920894292893,3.52079993955435,39.9886104783599,195.759301442673,1317,0.338833904741395,4.98462211324035,640.936877076412,345.308970099668,2107,0.243495665923231,2.22491705838473,,,,,,,,,,,,,,,
103.67017828201,358.044773095624,4936,0.883655231933509,1.48710978495477,292.932132963989,775.541551246537,1444,0.171751232594345,17.5243670379813,496.702783300199,553.769383697813,2012,0.215152903143797,1.44973152699361,609.291477787851,286.888032638259,4412,0.497058791790073,2.05710119591731,40.0672110552764,198.672738693467,1592,0.413186995363742,2.91449732629986,639.572755417957,343.356037151703,1938,0.217662904138834,2.38217862435088,,,,,,,,,,,,,,,
99.7242517605634,355.632702464789,4544,0.838512132342127,4.62476170637924,286.333333333333,751.953000723066,1383,0.181795766982144,24.494159964447,496.8662938485,555.481443823081,1967,0.223243306225115,1.71985045045702,607.39404432133,284.514081255771,4332,0.563442084260829,3.0390621787477,42.8336856941508,199.988724453841,1419,0.294257714379685,3.06352745198097,636.895647614053,339.23597273204,1907,0.224704478404481,4.91343434024425,,,,,,,,,,,,,,,
100.401793525809,355.056430446194,4572,0.821279040299965,0.889467415405154,290.275221238938,739.53185840708,1130,0.259173201814471,13.031625251454,494.595744680851,554.873977086743,1833,0.235809491584041,2.35040621137484,607.766355140187,276.903590752582,4066,0.677416032850836,7.61959192115712,39.8034251675354,202.779597915115,1343,0.228014304174643,4.11964240389999,634.379901960784,331.844117647059,2040,0.251159923869334,7.80823269308119,,,,,,,,,,,,,,,
98.8946830265849,350.376482617587,4890,0.89521537007439,4.91663439106046,287.749824807288,716.180098107919,1427,0.203069052932031,23.4879189415848,494.558775287042,554.246582832149,1829,0.212310069461157,0.628482527025607,612.069867027271,275.288032454361,4437,0.563340802632277,4.59676442481268,44.5014961101137,198.184320766008,1671,0.279700007207304,6.57179143450279,633.765348595213,335.030697190427,1922,0.264937514052364,3.24529891155569,,,,,,,,,,,,,,,
96.4215182061304,350.400946307344,4861,0.882390649020711,2.47328581066766,275.887655127368,691.347485303723,1531,0.231852526307311,27.5203511641535,491.088431590656,556.380978865406,1798,0.22420701451333,4.07417866542803,607.448091603053,274.724427480916,3930,0.809098628107523,4.6560131698687,45.9301014656144,201.325253664036,1774,0.278011626185795,3.45056121981309,633.018700327256,331.977092099112,2139,0.277974560149098,3.14356289737429,,,,,,,,,,,,,,,
95.2691256830601,345.122755659641,5124,0.984178247553192,5.40252765293527,276.544807121662,672.976854599407,1685,0.084699797588144,18.3823807276963,495.296579887698,554.968351199592,1959,0.193201996475057,4.43892205519735,607.791765637371,274.175244127738,3789,0.784687398725406,0.64785353072432,47.8890701468189,200.57748776509,1839,0.202696200788293,2.09683383546887,632.085514018692,329.427102803738,2140,0.329423889277168,2.71537881206485,,,,,,,,,,,,,,,
93.587026821381,343.287236066197,5257,0.936897626786207,2.48969651933261,277.976388002553,664.881940012763,1567,0.0528772683957143,8.22052711105456,487.262397991212,559.736974262398,1593,0.264104387903427,9.34279640476854,606.585249801745,276.091726143273,3783,0.85858462457571,2.26463767024315,46.3801198801199,205.105894105894,2002,0.22823906283376,4.77319545952272,632.533393911858,332.522944116311,2201,0.329127900649895,3.12807126378756,,,,,,,,,,,,,,,
92.9898068669528,336.699570815451,5592,0.842618891604138,6.61468103009239,285.196923076923,655.042461538462,1625,0.045897806685708,12.2045673174619,476.910574875798,562.33569907736,1409,0.381600524072746,10.673032018911,607.16323907455,276.012596401028,3890,0.849455610283865,0.583380763811935,47.3797763280522,202.249301025163,2146,0.283883617666527,3.02645618550357,634.204887218045,334.730733082707,2128,0.286026850180178,2.76915546561891,,,,,,,,,,,,,,,
92.8331064988091,334.807417488942,5878,0.730355085005149,1.89863087944835,289.651425178147,653.763064133017,1684,0.0317033074506778,4.63459239748976,476.012649332396,563.137034434294,1423,0.409131843951824,1.2034984984479,603.418307905687,273.932593619972,3605,0.995543323035016,4.28379750090113,47.1108132260947,200.482573726542,2238,0.397902625668505,1.78708323754357,632.585234342596,330.700124429697,2411,0.345321488702329,4.34385560886461,,,,,,,,,,,,,,,
92.5933521923621,336.989214992928,5656,0.77842708430631,2.19493108681335,290.635160680529,672.061751732829,1587,0.0337376252722509,18.3251112797217,475.120146520147,564.834432234432,1365,0.425551162383209,1.91773839764162,604.4073875803,277.124464668094,3736,0.925252098226394,3.34160431388462,41.821188630491,199.152971576227,1935,0.711347180020554,5.45416998639906,634.043381037567,335.669946332737,2236,0.305359246664704,5.17931670512512,,,,,,,,,,,,,,,
90.9310156534401,336.236621769203,5494,0.860320086033734,1.82476281445892,292.105917159763,703.800591715976,1690,0.0304502831022748,31.7728986417202,474.437967115097,566.169656203288,1338,0.43136828523813,1.4993971414144,603.381210969319,276.433070866142,3683,0.956687035727647,1.23736163925637,39.7967091295117,202.26008492569,1884,0.692328203402923,3.70845933189164,633.943580630831,335.174589071524,2251,0.267584629957546,0.505310733530802,,,,,,,,,,,,,,,
88.6393202996528,333.87337840307,5473,0.805465640790634,3.29192752079119,295.579257513259,729.850324101355,1697,0.0299095676188364,26.280271127998,475.352493074792,565.981994459834,1444,0.408353092118354,0.933581630556568,593.464404524285,269.190951430472,3006,0.461708609399149,12.2797126997647,40.5655616031667,197.532904502721,2021,0.869074309871554,4.78929732607436,632.911764705882,319.578758169935,3060,0.246050827728311,15.6299259631624,,,,,,,,,,,,,,,
90.2468161434978,332.558206278027,5575,0.720605967157171,2.07694983243894,297.523644752018,748.081891580161,1734,0.0271086582036355,18.334958261979,474.127208480565,565.227561837456,1415,0.373469610008984,1.43892005287223,591.362440191388,267.453947368421,3344,0.478311861118742,2.72679980349766,39.7304015296367,199.357552581262,2092,0.861842440261576,2.00669702719178,632.71991576414,317.084235860409,3324,0.238427599287597,2.50188880032032,367.147679324895,980.998417721519,1896,0.267565615974779,0,,,,,,,,,,
87.5892535160476,329.282185358817,5546,0.689171571433637,4.21840635571295,298.834532374101,753.843386828998,1807,0.0262568838974101,5.90874384790012,472.870469798658,564.091275167785,1490,0.31233507993149,1.69426665854991,601.243041412084,267.826657614845,4419,0.879921598989621,9.88762830056936,44.6116090482288,201.598804950918,2343,0.493309753663783,5.37116365641998,630.691768007484,326.903180542563,2138,0.308518280376666,10.0262185291379,354.659717552118,944.689307330195,1487,0.755346102177646,38.3966233756,,,,,,,,,,
84.2626382306477,328.822867298578,5064,0.756372773644614,3.35817544769744,297.45560069646,749.626233313987,1723,0.0294268597939153,4.4368723602074,471.874048442907,565.923875432526,1445,0.324268831732011,2.08597201527837,597.786762936221,267.054632972323,4155,0.888322672483124,3.54145209643926,39.8436748436748,204.040885040885,2079,0.72437114160294,5.35695358807321,627.305958747135,323.316653934301,2618,0.427799979948891,4.93222844759169,333.817796610169,912.209039548023,1416,0.31866934254969,38.5921425131085,,,,,,,,,,
87.0273154075971,330.997439180538,4686,0.771795885263918,3.51741421537952,301.267665952891,744.577087794433,1868,0.0686862945353226,6.32658770562202,471.843342036554,566.421671018277,1532,0.342814987158417,0.498741745379463,596.12445470875,265.652809853734,3897,0.682978594620002,2.174483087754,40.4644444444444,214.36037037037,2700,0.663945250819534,10.3381396954531,624.815739689746,322.557699583806,2643,0.47766444459041,2.60330610184765,332.51817580965,901.798413747522,1513,0.192710349701209,10.4914319224404,,,,,,,,,,
88.0065231572081,330.84126984127,4599,0.771941627427627,0.991582916061792,308.427586206897,744.409770114942,1740,0.156948505261765,7.1618749814271,471.451187335092,565.586411609499,1516,0.315276259675962,0.922737010112035,597.766552688841,255.137084239975,3217,0.72635130302625,10.6431654577044,41.7800967937084,214.274954627949,3306,0.732172279781232,1.31842214528471,617.585261875761,318.609926918392,3284,0.857833351184612,8.23800451786248,326.279436619718,886.282253521127,1775,0.259640069157896,16.723429518228,,,,,,,,,,
86.2035002035002,329.173382173382,4914,0.750721579865165,2.45616388791329,312.52030606239,749.16539140671,1699,0.170435609392632,6.27425610620556,482.050182481752,562.90602189781,1096,0.584752730012661,10.9326660575285,598.394547633313,258.540143798682,3338,0.865719686378579,3.4605190377151,38.1211853162318,206.046439628483,2261,0.914684528950407,9.00533687856543,616.223525578364,320.168132942327,3069,0.941872864717938,2.06937955838788,319.958490566038,874.0474393531,1855,0.251022928015887,13.7711668619509,,,,,,,,,,
85.4296570537802,329.772603273578,5132,0.666682424905223,0.978723223024742,310.141205615194,799.04789430223,3633,0.0422110085436915,49.9392051804931,479.149717514124,562.308851224105,1062,0.579087454732599,2.96130205179542,596.886754801696,258.618857570466,4009,0.77537041407171,1.50984604544459,40.3138474295191,207.893034825871,2412,0.856736750543554,2.86664978085235,621.946612665685,322.148011782032,2716,0.55513164261965,6.05587698264838,,,,,,,,,,,,,,,
86.0967537942664,328.593170320405,4744,0.8127150607472,1.35502035121149,307.477074542897,794.565963431786,3555,0.0555285039720433,5.21395231065738,489.489617486339,563.148633879781,915,0.793525446459601,10.373946517318,594.637001078749,251.888349514563,3708,0.970395402246781,7.09655765174185,39.4466019417476,206.849955869373,2266,0.822925613769753,1.35651334145579,615.203187250996,312.784860557769,2761,0.711767961467758,11.5387342101245,,,,,,,,,,,,,,,
87.7832771693345,330.776116259478,4748,0.783562257216004,2.75855289374079,305.299162575801,787.031764366156,3463,0.0275859609584001,7.84266893965035,500.092693565976,561.155943293348,917,0.554762743393414,10.7886995566582,591.35682382134,258.575682382134,4030,0.592959917725237,7.4484886870905,40.2258764004337,201.82797253343,2767,0.361930982841738,5.08208474038518,622.524989841528,320.8480292564,2461,0.480335565105182,10.8914407971259,,,,,,,,,,,,,,,
88.10168407589,326.32317203155,4691,0.729977182836303,4.46431352563618,305.482939632546,776.158063575386,3429,0.0197946397309042,10.8752536933066,499.226533166458,559.583229036295,799,0.862468438880242,1.79545648012673,588.362621359223,257.979368932039,4120,0.448007446095655,3.0530047682422,47.2723722746502,189.058900097624,3073,0.353826519619332,14.5843174326463,623.786209710322,318.1868625051,2451,0.431593074770459,2.94490815402891,,,,,,,,,,,,,,,
82.9347100542345,320.817062995411,4794,0.797540534667523,7.55081831713049,308.49360196025,778.78872855976,3673,0.0301907258363233,3.99806026861412,499.050125313283,558.59649122807,798,0.726400678509569,1.00238277760691,589.894343434343,266.50404040404,4950,0.454558315671318,8.66118907662034,53.1353615520282,188.042768959436,2268,0.428664935382565,5.95039206747311,636.789025543992,334.456953642384,1057,0.127537469077363,20.8276039241166,,,,,,602.382716049383,314.061728395062,81,0.580519025397938,0,,,,,
82.1475541299118,322.239775461107,4988,0.807587860602173,1.62595363071715,310.619605753863,785.060202450719,3754,0.0313282574388921,6.62202966585249,497.053571428571,559.957908163265,784,0.74246406490859,2.41654370661775,586.320048309179,264.935507246377,4140,0.453603323176415,3.90331678300212,51.0591016548463,194.617966903073,2115,0.336875506853137,6.89522176283423,,,,,,,,,,,619.865778688525,318.205601092896,2928,0.748500040467831,17.9674472360438,,,,,
80.9822450187414,323.949102387059,5069,0.743289317962714,2.06875418171446,299.764091858038,706.186847599165,1916,0.0221366621248066,79.6168844371698,493.424966799469,558.207171314741,753,0.803143840737723,4.02887714718704,589.141229464759,265.968468468468,3774,0.41550235046654,3.00434219072087,56.7183992191313,203.395314787701,2049,0.545832168441613,10.4436336975645,,,,,,325.177358490566,877.354177897574,1855,0.146544699798786,6.17827663796169,622.433551198257,320.627762215998,3213,0.690944541374244,3.52991786986625,,,,,
90.9549592716818,327.339482510781,4174,0.532943742123666,10.5332666801014,298.78941854374,695.471451021477,1909,0.0255390508513417,10.7596334457417,493.192941176471,559.017647058824,850,0.741884286573172,0.843034294363998,590.297471264368,255.853793103448,2175,0.360058381510025,10.1805477671346,47.9362728212194,226.505683775405,2903,0.598397413628873,24.7227607442354,,,,,,326.771745152355,891.556232686981,1805,0.262248194328317,14.2912710795294,618.23796983481,318.139334450563,4177,0.964640213767945,4.87802990161959,,,,,
78.5963149078727,318.953936348409,4776,0.722473216438948,14.9349748895801,297.122129436326,686.212943632568,1916,0.032136632434248,9.40743387105073,492.796271637816,556.824234354194,751,0.860846424511636,2.22899215245913,590.290892193309,253.475371747212,2152,0.311887627490528,2.37843045556881,62.4590248962656,215.979771784232,1928,0.921795395113529,17.9361409193606,,,,,,322.084163346614,894.78984063745,2008,0.366805561803627,5.69470311454906,617.279372197309,317.519730941704,4460,0.865570366034411,1.1414105040742,,,,,
95.7238999137187,335.206212251941,3477,0.501545933309669,23.6112397001307,296.880127863612,682.659030367608,1877,0.0348497661459307,3.56214321105348,492.565499351492,555.396887159533,771,0.936687796661564,1.44588238188422,589.434820904287,273.965648854962,3406,0.407024940626716,20.5081523790972,55.0858671171171,239.881475225225,3552,0.932234013565118,25.0130942311699,,,,,,331.855704697987,906.256711409396,1788,0.208925776762183,15.0655947669549,627.131669266771,322.797191887676,3205,0.450865844132774,11.1767325986252,,,,,
95.6525679758308,333.733232628399,3310,0.517783907288701,1.47470580684228,301.729066666667,682.3616,1875,0.0505595612132464,4.85805231953539,492.851511169514,555.869908015769,761,0.767587042554526,0.552767121383201,587.96331738437,273.258904837852,3762,0.466441665496797,1.63242448978412,61.4276617422313,243.135761589404,3926,0.619858423163098,7.12802488822863,,,,,,342.681135225376,925.942125765164,1797,0.227400978443347,22.4656512138333,625.210739242369,323.041191614564,2719,0.562256010601835,1.93636464163431,,,,,
94.8670520231214,331.686416184971,3460,0.479378856977868,2.19237151620044,302.120805369128,670.905430140329,1639,0.0498947126144323,11.4628655695087,492.504599211564,556.015768725361,761,0.949461977063254,0.376328650479346,585.930103256553,271.01006089489,3777,0.494197158875981,3.03170888598376,63.9703772274936,243.844017588521,4321,0.496338188604567,2.63951294735951,,,,,,351.816349384099,950.754199328107,1786,0.233264820529186,26.4403315451724,625.869077757685,318.847016274864,2765,0.395744258732827,4.24552898716941,,,,,
96.2550441361917,332.886191677175,3172,0.460917137165102,1.83466164118595,299.5826625387,657.508978328173,1615,0.0898795437364482,13.6347750323602,492.512925170068,556.741496598639,735,0.94172431369649,0.725775631746969,584.901755305214,263.698454283469,3817,0.482341759353715,7.38356897097904,66.8342953342953,250.178210678211,4158,0.395091500636693,6.9515486778082,,,,,,353.337164750958,959.158182813355,1827,0.293646634424529,8.54048112230174,624.33476060724,317.534449202024,2569,0.401388022081555,2.01914869161601,,,,,
96.024703891709,334.607106598985,2955,0.464591714918451,1.73626173036639,298.574746873139,669.761167361525,1679,0.0675947267462524,12.2935767821191,494.655290102389,556.468714448237,879,0.650538067269647,2.15966145606608,581.778952798556,265.191900954346,3877,0.435818353693967,3.46154278528292,56.9935240151106,252.654883971937,3706,0.537280758110366,10.1476445917438,,,,,,347.408284023669,949.505110274341,1859,0.319998681944306,11.3284348487287,624.66144200627,321.564711150918,2233,0.393906127268372,4.04348019819243,,,,,
99.2614853195164,337.650777202073,2895,0.423331073121367,4.44304903771047,298.866200967222,683.669532509404,1861,0.0443700114601877,13.9114185680573,493.052362707535,557.722860791826,783,0.821866290622348,2.03525410804467,580.482023626091,266.773754494093,3894,0.370865750722725,2.045552712496,50.2767004341534,252.912879884226,3455,0.667953239130227,6.72177661845889,,,,,,338.008956796628,933.386195995785,1898,0.163641594373342,18.6592269357663,625.103417266187,322.609712230216,2224,0.392425855266442,1.13462301497575,,,,,
104.349599163472,344.590449634019,2869,0.355853262232765,8.6051121986737,301.755807027993,707.267421083979,1679,0.0466161916382547,23.7741491617366,495.439732142857,555.747767857143,896,0.562164048305882,3.09847138462602,582.567071524966,267.8995951417,3705,0.342407056819399,2.36958686365507,54.0264578833693,255.463552915767,3704,0.606529084133105,4.53504287099701,,,,,,332.383280757098,914.273396424816,1902,0.136629810853806,19.9235372949128,626.494760820046,326.544419134396,2195,0.442626639101696,4.17345843476002,,,,,
108.880915073645,352.756502663742,3191,0.342998407430229,9.33901739810113,302.905829596413,736.720852017937,1784,0.0445980281738812,29.4758739597208,491.628387096774,556.264516129032,775,0.781440687971312,3.84621630135408,598.914247356939,292.279409296862,5959,0.468727362367362,29.3531173118231,52.544140830268,257.239621650026,3806,0.615537617345234,2.3133706998078,,,,,,324.782971619366,896.114635503617,1797,0.196926689360411,19.685154233136,,,,,,,,,,
111.839239690722,359.90625,3104,0.340897829382051,7.73760760909567,300.864988558352,735.244851258581,1748,0.0311548785954217,2.51865249374539,495.984902309059,558.809946714032,1126,0.598412894887177,5.04563590223449,600.61089625021,298.632924163444,5947,0.462739823142714,6.57615150577561,50.1783329210982,261.007420232501,4043,0.620957427013434,4.44897215333905,,,,,,317.75795148248,888.742318059299,1855,0.325137994463861,10.1834165398183,,,,,,,,,,
112.184456928839,361.794007490637,3204,0.320330082099252,1.91906312687946,298.886965927528,721.277447268794,1849,0.0256797004972331,14.1067695714496,496.535164835165,561.231868131868,910,0.536959733920779,2.48364494278277,601.837744533947,307.770617568086,5214,0.493061129575848,9.21968532372711,50.2580231065469,260.540693196406,3895,0.638941741321218,0.473481416614063,,,,,,318.558674901741,888.922515440764,1781,0.236627453301131,0.820749103221767,,,,,,,,,,
126.781014304291,357.309752925878,3845,0.36833336127864,15.2698404122778,299.181962864721,708.000530503979,1885,0.0206449294607245,13.2801935969617,496.02662037037,562.019675925926,864,0.579637413150788,0.937687897464457,606.144543828265,312.58175313059,5590,0.473569822147461,6.4572088058487,49.681507715659,262.715911965596,3953,0.63274015585246,2.25032146365081,,,,,,337.342388228636,923.717034521788,1767,0.2287922011172,39.540946428061,,,,,,1010.14041745731,563.322580645161,527,0.347538102535059,0
128.777839029768,362.120176405733,3628,0.221935576714485,5.2084050379959,302.078831312018,692.471334068357,1814,0.0334765205679959,15.7970816525414,495.362445414847,562.218340611354,916,0.543156351469922,0.69325033630021,585.720114122682,287.802853067047,3505,0.291189901168627,32.111543363055,47.7359507313318,264.948678470618,3897,0.609740007162603,2.96149257051498,,,,,,345.686189889026,955.660295930949,1622,0.264348605993384,33.0150113675874,633.249170812604,355.139718076285,2412,0.354958930752736,29.3821914758508,1012.67924528302,559.702156334232,742,0.736847882816912,4.42189087606035
130.192307692308,370.168269230769,3536,0.169211469031544,8.17144538730465,303.944808743169,686.93825136612,1830,0.0277048537260557,5.83925303128426,495.503008423586,560.847172081829,831,0.682551705883323,1.37835448843329,,,,,,46.5285038586009,260.969878018422,4017,0.593881800698287,4.15797799283116,,,,,,345.953951462352,953.677660236465,1607,0.489209648295242,2.00063503847957,607.7344372249,327.806539509537,4771,0.767588464226515,37.3912326704166,1011.61623246493,554.031062124248,998,0.535314423484639,5.76986185189286
139.850664223546,366.948923499771,4366,0.262658464981664,10.1807680368527,305.422811059908,699.869239631336,1736,0.0399688847342004,13.0151814571847,496.686777920411,562.415917843389,779,0.637186545154525,1.96526677222824,,,,,,45.9868860889689,262.688351761378,3889,0.532465969224109,1.80180515417522,,,,,,339.112612612613,952.756113256113,1554,0.670788326554797,6.90312726914061,606.474964234621,329.234007766197,4893,0.647902179709001,1.90366431836481,1011.80152671756,555.802617230098,917,0.646659319234363,1.78121909183533
139.327944015444,367.740106177606,4144,0.244516128996425,0.948264965958465,305.480344641896,728.805061927841,1857,0.037965507718747,28.9358794939418,500.548806941432,562.85032537961,922,0.410514995961671,3.88638367466887,,,,,,44.3167022411953,261.813233724653,3748,0.517714236443682,1.88556242632414,,,,,,336.266304347826,955.505434782609,1472,0.743719721711726,3.95730206002064,606.689538171536,326.41903864279,5305,0.494596440488431,2.82313533861503,1012.43863636364,555.238636363636,880,0.579590765672099,0.850871975600332
135.96968503937,402.749606299213,2540,0.365576930335105,35.170200484432,304.380458515284,745.443777292576,1832,0.0479387604300634,16.6750291897858,497.578512396694,564.97520661157,847,0.660922715462871,3.65209117252509,,,,,,74.6652182127338,278.577366332892,5293,0.38792440568118,34.670860441895,,,,,,338.046016483516,960.4375,1456,0.8255230675551,5.24334269283674,604.09702738811,314.141449565798,5988,0.312077911860105,12.5483188398146,1012.94627594628,553.616605616606,819,0.585966491665321,1.69961221758834
141.257540603248,375.036890951276,4310,0.208519058889386,28.2126923284573,303.598369565217,756.583695652174,1840,0.0317684782625557,11.1673382766133,499.107843137255,565.180147058824,816,0.592646755032375,1.5430013288861,,,,,,44.1662049861496,259.688088642659,3610,0.482798646585752,35.8747072385839,,,,,,338.271656271656,956.457380457381,1443,0.407820412447541,3.98651036465897,604.900359066427,316.291921005386,5570,0.310715787448923,2.29561956732189,1013.40050062578,551.469336670839,799,0.486876494880342,2.19478563530209
130.68401962876,355.514401536164,4687,0.160684368899288,22.2019579938596,309.964932787843,762.82992402104,1711,0.0835478411859628,8.91899636190784,499.773064687169,567.338282078473,943,0.854122222607086,2.25833267556105,,,,,,24.9640669661086,260.079624336464,2449,0.41102363391619,19.206129353418,,,,,,332.725735294118,923.097058823529,1360,0.376032700764207,33.8181652223046,605.306008902077,317.303783382789,5392,0.314752130225951,1.09014552238088,1014.47889182058,550.551451187335,758,0.324129894668138,1.41613605626172
135.515658515659,353.305019305019,4662,0.171235931278721,5.312824500836,310.554682779456,747.349848942598,1655,0.0992311558036749,15.491304963973,498.742610837438,563.142857142857,812,0.736095096759713,4.32011869360218,,,,,,24.1139534883721,253.355813953488,2580,0.385168886269091,6.77733863631131,,,,,,326.976367319379,918.640783254558,1481,0.629993310012424,7.27417514606067,605.487936154417,314.730326651819,5388,0.296465165578252,2.57987927456329,1015.80456490728,546.596291012839,701,0.214463669029396,4.17141476464627
137.534888521883,351.879025598679,4844,0.235275418923444,2.47199269184986,309.330795262267,715.112521150592,1182,0.14484025401101,32.2605518214424,498.958530805687,563.854265402844,844,0.661453983824647,0.743453525827615,,,,,,22.1604785478548,253.827145214521,2424,0.377138387778633,2.00953166206859,,,,,,331.620993086109,939.272155876807,1591,0.347314936401557,21.1477205578066,604.60963765409,315.535861038476,5354,0.267144364136309,1.19176084168056,1015.4892601432,549.656324582339,838,0.162031602683601,3.07623512442032
139.879906143345,350.407423208191,4688,0.264622000201987,2.76852329602913,309.112891986063,684.007665505226,1435,0.14264182068397,31.1056188904324,499.394927536232,565.544685990338,828,0.746329003929645,1.74584187974045,,,,,,20.7531453362256,253.577874186551,2305,0.347173370945465,1.42923854339994,,,,,,332.435914552737,933.837116154873,1498,0.878988926646169,5.49579418972087,604.69563545472,318.843876177658,5201,0.266251993122475,3.30913278409498,1016.32908163265,551.044642857143,784,0.137734026859536,1.62256826244845
135.693319415449,344.831106471816,4790,0.283906787370104,6.97300629388558,307.606685633001,685.895448079659,1406,0.129673069598961,2.41503222055776,498.72614622057,563.032218091698,807,0.709600550919432,2.59995449765515,,,,,,17.9286821705426,252.539018087855,1935,0.290549581876659,3.00945413124989,,,,,,333.679420289855,905.626086956522,1725,0.376081637334369,28.2384219627882,601.901531728665,321.182895696572,5484,0.368443575154976,3.64390284472759,1016.33762886598,548.001288659794,776,0.14059757923011,3.04336619974002
135.654485731883,344.907411209197,4871,0.374185313597211,0.085618151849422,304.113712374582,722.854515050167,1196,0.489682582272224,37.1237591511767,500.293706293706,563.262237762238,858,0.714213701770733,1.58434643677651,,,,,,16.3762654668166,252.484251968504,1778,0.241205095190802,1.55338242227607,,,,,,330.233090530697,894.795525494277,1922,0.285870105870965,11.3656610188902,601.986157253599,330.200258397933,5418,0.487245185012576,9.01775978651941,1016.528,548.98,750,0.143673178584072,0.99705418915755
119.332052267487,377.108762490392,2602,0.155586555893002,36.1019231971724,303.355699272433,723.818108326597,1237,0.488944225182806,1.22600810168976,499.322617680827,564.427095292767,871,0.818511642927161,1.51654415052614,,,,,,16.0862068965517,251.775267538644,1682,0.26453231894901,0.766024083150974,,,,,,318.824858757062,871.020715630885,1593,0.281854897708159,26.3702358017786,603.760930756239,332.227810095703,5329,0.416696261374293,2.69458473104926,1016.04527813713,549.402328589909,773,0.191684194982991,0.641390547754957
,,,,,304.348736462094,712.786281588448,1385,0.346923838654787,11.0764310154755,499.603194103194,563.782555282555,814,0.721624567195653,0.702961559085612,,,,,,16.3505578391075,250.616559013506,1703,0.259115646650386,1.18848090731811,,,,,,308.12836970475,842.424261874198,1558,0.704749172372681,30.5314926838601,605.06317524263,332.407251419154,5461,0.375393697402805,1.31454931094099,1016.01849405548,547.274768824306,757,0.195841899294174,2.12772835278432
,,,,,308.644673539519,691.024054982818,1455,0.817464299842485,22.1821906539452,499.623049219688,564.950780312125,833,0.714007036179264,1.16839374585952,,,,,,16.8295331161781,251.266558089034,1842,0.254997767276928,0.807413223964182,,,,,,306.041374474053,843.505610098177,1426,0.827160416514235,2.35050272802482,605.375246742993,340.637583892617,5066,0.480833126030164,8.23624679359994,1015.96846254928,551.208935611038,761,0.176787358586301,3.93448490369906
,,,,,315.510334996436,678.160370634355,1403,0.935492925015456,14.5812099037731,499.983071342201,564.704957678356,827,0.733417546853369,0.435941161135254,,,,,,16.1377440347072,250.734273318872,1844,0.24136007653222,0.872868380563975,,,,,,311.622111180512,858.680199875078,1601,0.404558309083728,16.1682651228899,603.189151873767,343.409861932939,5070,0.521889979595954,3.53051502051772,1015.63389830508,549.577966101695,590,0.224225311943403,1.66493086159741
181.436183927804,311.915341641599,2327,0.278490190634862,90.039465187494,328.145010768126,663.680545585068,1393,0.200688786264287,19.2171893187762,499.815270935961,563.658866995074,812,0.66989970217418,1.05946339907658,,,,,,17.2815884476534,249.753996905621,1939,0.260425634112463,1.50642686095403,,,,,,324.91573403555,873.530612244898,1519,0.379014831778872,19.9312607771228,604.737341772152,343.673628691983,4740,0.473871257820155,1.57049828546132,1016.15754560531,549.837479270315,603,0.241540220983325,0.5844258547645
188.109824109824,314.405405405405,2331,0.227437620116665,7.12305347634681,351.471587580551,657.886936145284,1707,0.161247759358058,24.0352885592557,500.455233291299,563.039092055486,793,0.594729458466648,0.890883152827511,,,,,,16.4570230607966,251.127882599581,1908,0.225775561887378,1.60233266747833,,,,,,326.72550213025,875.556908094948,1643,0.39478157878078,2.71682451191181,598.988450816408,338.294105933891,5022,0.555764969252071,7.87331012509151,1015.61850649351,548.090909090909,616,0.231583797468945,1.82785955577569
184.427796327212,315.318864774624,2396,0.234929662536559,3.79364423887392,368.092543275632,657.741677762983,1502,0.352065912003834,16.6215904237682,499.19794344473,564.314910025707,778,0.809333348505192,1.79122562828493,,,,,,16.9035453597497,254.862356621481,1918,0.232646865935825,3.76107409973643,,,,,,326.237629810629,860.411117898595,1637,0.133749235285476,15.1536457683359,596.61724689876,334.289915966387,4998,0.561799207420065,4.65361636954886,1016.16295264624,548.697771587744,718,0.181313698788204,0.815293630105243
175.995391705069,315.912861332216,2387,0.298468020984677,8.45329992499778,364.994684385382,659.271760797342,1505,0.302424539685172,3.45512428082378,499.444579780755,564.230207064555,821,0.797705721566827,0.260775907391244,,,,,,16.9002544529262,255.572010178117,1965,0.227154736481538,0.709661187126877,,,,,,322.09898989899,835.965656565657,1485,0.439036234116452,24.7933241034437,595.507817023741,328.777263076626,5181,0.48557766217173,5.62318206450481,1015.44459279039,551.084112149533,749,0.21477602170162,2.49212001302898
,,,,,356.889614243323,658.143026706231,1685,0.144623703415648,8.18328801009265,500.977301387137,563.935687263556,793,0.64296647156143,1.56076181265807,,,,,,19.4390681003584,258.048835125448,2232,0.30375102422539,3.54686291758072,,,,,,318.206166868198,835.566505441354,1654,0.290150013562176,3.91323303281228,596.104895104895,321.779805560293,5863,0.389114552421647,7.02288501457037,1014.30985915493,554.92676056338,710,0.367747041826324,4.00669031195125
,,,,,333.020889487871,661.751347708895,1484,0.303766875497663,24.139925474405,500.404118404118,563.978120978121,777,0.703680014930702,0.574751556896039,,,,,,20.7239780868099,259.864306784661,2373,0.303697144494026,2.22416973693275,,,,,,314.722393584207,844.930906847625,1621,0.306982028602816,9.99143082806528,595.559143559144,322.905054405054,5698,0.407309916074541,1.25061173524251,1014.12898751734,553.595006934813,721,0.410925834528543,1.34398001342586
,,,,,326.61835443038,666.644936708861,1580,0.338436131667058,8.0585152765871,501.933014354067,564.572966507177,836,0.665324022498629,1.64053772562757,,,,,,21.6072727272727,261.536161616162,2475,0.331051322137371,1.89084848665435,,,,,,314.606928714191,849.830779480346,1501,0.43926432563723,4.90123290133224,594.668371073776,322.949233016801,5476,0.444978373443092,0.891867350239269,1014.90266875981,553.216640502355,637,0.383030496051652,0.861245506326727
,,,,,320.967837998809,668.259678379988,1679,0.274554872611437,5.87671052613005,501.499421965318,565.018497109827,865,0.738259191996186,0.621691143155823,,,,,,22.25,263.793810289389,2488,0.317024305596156,2.34735508154029,,,,,,310.024920127796,846.913738019169,1565,0.55955914169386,5.43175234818599,593.054718034618,322.930578820026,5373,0.510820832452876,1.61376085893924,1014.58208955224,552.57048092869,603,0.355989195793185,0.721313539985799
,,,,,318.22618351841,664.068965517241,1711,0.492863338466107,5.00786816798122,500.893382352941,564.990196078431,816,0.718165921720629,0.606700057810964,,,,,,23.2643814026793,265.738770685579,2538,0.328248890924228,2.19359079430273,,,,,,310.099277978339,843.172081829122,1662,0.373357012646156,3.74239497307003,595.78179434351,317.168758194418,5339,0.343694652094608,6.37459976125558,1015.6660412758,551.313320825516,533,0.406851222553237,1.65994062063016
,,,,,314.423292273236,662.772676371781,1786,0.518449322494651,4.01775402075098,501.464821222607,564.739331026528,867,0.739596395562758,0.624079847480268,,,,,,23.1469082315872,265.754233950374,2539,0.316351287850437,0.118486532924793,,,,,,317.398003742982,824.22645040549,1603,0.44185464239287,20.3029147618652,595.623681776133,318.785013876041,5405,0.398583722888846,1.62397106265434,,,,,
,,,,,311.176532769556,662.316596194503,1892,0.527355432867713,3.27863636331374,501.927207637232,564.245823389021,838,0.595275136480169,0.67627729867794,,,,,,21.8342857142857,266.313469387755,2450,0.315844942989403,1.42678735183266,,,,,,309.879901960784,830.478553921569,1632,0.768587427219322,9.77806999275673,593.93444266239,322.082397754611,4988,0.599929879797475,3.70489800481156,1014.38779527559,552.017716535433,508,0.396685293453825,1.45948146723233
,,,,,311.390923156266,662.388344507478,1939,0.55975204372685,0.226077549368455,501.722355769231,565.224759615385,832,0.697973262749706,1.00014020172655,,,,,,21.988090349076,272.6681724846,2435,0.372502288228091,6.35656411237455,,,,,,297.496013667426,836.161731207289,1756,0.968539534499859,13.6256813893218,594.171672077922,321.449472402597,4928,0.582934481344069,0.675923292108963,1013.76258992806,553.798561151079,556,0.411728541456123,1.88740278469102
,,,,,312.147752808989,666.297191011236,1780,0.356569665405122,3.98144095939907,501.873035066505,564.824667472793,827,0.744840698973322,0.427525406485529,,,,,,21.0708905626938,276.096145325654,2257,0.450471489118984,3.54855650189521,,,,,,288.948558507631,843.358394573205,1769,0.498583566762642,11.1736723287831,593.037388609066,317.829329717164,5162,0.673858211619415,3.79368317741706,1013.5152027027,554.317567567568,592,0.374211267034484,0.574950519283977
,,,,,311.007763975155,668.09265010352,1932,0.35015923126195,2.12679286563806,500.779576587796,564.732254047322,803,0.761837058028175,1.09735668124331,,,,,,18.6953907815631,275.324148296593,1996,0.368788554901381,2.49779475198225,,,,,,284.583598219962,824.401144310235,1573,0.489591704820695,19.4532829066409,591.974307906792,315.798446524597,5021,0.680530303217203,2.29229734576494,1012.94670406732,554.870967741935,713,0.333338552691031,0.793374092985793
,,,,,,,,,,,,,,,,,,,,,,,,,,,,,,,,,,,,,,,,,,,,
