1,,,,,3,,,,,5,,,,,8,,,,,9,,,,,76,,,,,135,,,,,194,,,,,309,,,,,364,,,,,483,,,,
Velocity(pixels/frame),Tortuosity(pixels/pixels),Mean Area(pixels.^2),Mean Covarience,,Velocity(pixels/frame),Tortuosity(pixels/pixels),Mean Area(pixels.^2),Mean Covarience,,Velocity(pixels/frame),Tortuosity(pixels/pixels),Mean Area(pixels.^2),Mean Covarience,,Velocity(pixels/frame),Tortuosity(pixels/pixels),Mean Area(pixels.^2),Mean Covarience,,Velocity(pixels/frame),Tortuosity(pixels/pixels),Mean Area(pixels.^2),Mean Covarience,,Velocity(pixels/frame),Tortuosity(pixels/pixels),Mean Area(pixels.^2),Mean Covarience,,Velocity(pixels/frame),Tortuosity(pixels/pixels),Mean Area(pixels.^2),Mean Covarience,,Velocity(pixels/frame),Tortuosity(pixels/pixels),Mean Area(pixels.^2),Mean Covarience,,Velocity(pixels/frame),Tortuosity(pixels/pixels),Mean Area(pixels.^2),Mean Covarience,,Velocity(pixels/frame),Tortuosity(pixels/pixels),Mean Area(pixels.^2),Mean Covarience,,Velocity(pixels/frame),Tortuosity(pixels/pixels),Mean Area(pixels.^2),Mean Covarience,
8.78105878098059,4.50809108105049,3408.36470588235,0.341541466598512,,9.51582064564692,4.75556868706877,2195.34117647059,0.548629027681514,,11.0490616210282,41.2262814069303,3136.34722222222,0.408325497164912,,2.38436715366021,6.432879317406,2202.62352941176,0.357938453893272,,11.8954357992259,8.4631810754177,1800.13333333333,0.470256593265278,,9.11897376251895,20.7075241910622,1583.1186440678,0.588137181756646,,7.95124848764166,2.26304780578511,1457.75409836066,0.642866913230796,,12.8743305729138,1.93449087775524,2332.03846153846,0.351695389700375,,10.2719448486687,1.95094064440194,2513.97916666667,0.442566390270846,,14.1577722470145,20.2039633656704,2624.7027027027,0.458220612700883,,6.40847853410441,2.31651221172273,3944.4,0.599201824974652,
x(Pixel Position),y(Pixel Position),Area(pixels.^2),Covariance,Pixels/Frame,x(Pixel Position),y(Pixel Position),Area(pixels.^2),Covariance,Pixels/Frame,x(Pixel Position),y(Pixel Position),Area(pixels.^2),Covariance,Pixels/Frame,x(Pixel Position),y(Pixel Position),Area(pixels.^2),Covariance,Pixels/Frame,x(Pixel Position),y(Pixel Position),Area(pixels.^2),Covariance,Pixels/Frame,x(Pixel Position),y(Pixel Position),Area(pixels.^2),Covariance,Pixels/Frame,x(Pixel Position),y(Pixel Position),Area(pixels.^2),Covariance,Pixels/Frame,x(Pixel Position),y(Pixel Position),Area(pixels.^2),Covariance,Pixels/Frame,x(Pixel Position),y(Pixel Position),Area(pixels.^2),Covariance,Pixels/Frame,x(Pixel Position),y(Pixel Position),Area(pixels.^2),Covariance,Pixels/Frame,x(Pixel Position),y(Pixel Position),Area(pixels.^2),Covariance,Pixels/Frame
68.749734325186,743.367693942614,1882,0.881770652014707,0,274.442822384428,647.425790754258,2055,0.27195550759935,0,477.042171026943,688.105818039828,2561,0.279208434877701,0,998.800515168861,558.395821408128,3494,0.665661194158306,0,1007.05250875146,779.470828471412,1714,0.701566644075145,0,,,,,,,,,,,,,,,,,,,,,,,,,,,,,,
65.3671437461108,748.782202862477,1607,0.786189415141883,6.38426392538077,278.022222222222,649.925555555556,1800,0.512209689687559,4.36588218583671,484.224698575082,689.874314943369,2737,0.28120701210109,7.39704557763548,999.639012786203,559.209039548023,3363,0.600376929217769,1.16807619500669,1007.87318208261,781.524723676556,1719,0.608471379867899,2.21178439956778,,,,,,,,,,,,,,,,,,,,,,,,,,,,,,
70.6674418604651,744.71511627907,1720,0.813416333545213,6.68089465400828,278.217853347503,650.986184909671,1882,0.38163906072679,1.07852035863442,473.092668863262,688.141680395387,2428,0.41821520621351,11.2660600025789,1001.22171945701,558.196186166774,3094,0.528489106259386,1.87905092473167,1008.80853735091,780.61644695543,1593,0.530481900958447,1.30378528910397,,,,,,,,,,,,,,,,,,,,,,,,,,,,,,
75.1837288135593,747.27186440678,1475,0.632325564989417,5.18977926613809,279.905194805195,648.746103896104,1540,0.424157966014094,2.80447573392751,471.844997853156,689.178617432374,2329,0.273904938434641,1.622319749043,1004.0953125,565.871484375,2560,0.475321012588795,8.19559269131228,1006.84277108434,784.455421686747,1660,0.811007098694292,4.31299942064525,,,,,,,,,,,,,,,,,,,,,,,,,,,,,,
87.4808418780356,739.140313005936,1853,0.941671441237443,14.7424936121767,281.166357452072,654.747680890538,1617,0.493561049388621,6.13265502388635,466.453584558824,694.361213235294,2176,0.260730248219615,7.47841136650993,1005.41025641026,568.776709401709,2808,0.289126812602337,3.18895122931331,1007.96965610249,787.688469318948,1483,0.7631232018153,3.42380882004663,,,,,,,,,,,,,,,,,,,,,,,,,,,,,,
113.572475841386,685.524158613795,3001,0.172995135002496,59.627723205564,281.311827956989,658.690188172043,1488,0.45171072184773,3.94519015163028,,,,,,1004.9136,566.72768,3125,0.281003361919343,2.10836170495444,1009.83693972179,785.004636785162,1294,0.591260478956731,3.26951145957703,,,,,,,,,,,,,,,,,,,,,,,,,,,,,,
114.86052259887,685.199152542373,2832,0.162412524083425,1.32841762858153,278.765179677819,655.05824039653,1614,0.638681427461293,4.43581583272478,,,,,,1004.58787878788,564.30623885918,2805,0.354168220427383,2.44325019318146,1011.52899575672,780.760961810467,1414,0.276223787954988,4.56856989835826,,,,,,,,,,,,,,,,,,,,,,,,,,,,,,
116.369039391845,693.614374568072,2894,0.205654551764417,8.54936165198885,283.420674802584,657.990667623833,1393,0.387083933860439,5.50206909263614,438.125046108447,693.769457764662,2711,0.314712804249375,28.3347183728987,1004.5694259012,568.149866488652,2996,0.330556112776942,3.84367192448369,1012.83344392833,778.759124087591,1507,0.155282830156451,2.38933867443684,,,,,,,,,,,,,,,,,,,,,,,,,,,,,,
118.795620437956,687.946048873374,3151,0.229118357913819,6.1658909943756,283.105005440696,650.899347116431,1838,0.689796824263797,7.09834302388541,438.80409731114,681.986875800256,3124,0.667274496520677,11.8021332090361,1005.67423525702,558.077578051088,3171,0.234119990402224,10.1326994469476,1017.25616698292,762.719165085389,1054,0.047163193357467,16.6385325077036,,,,,,,,,,,,,,,,,,,,,,,,,,,,,,
120.611659192825,681.429297458894,3345,0.19279879404826,6.76506066176121,284.221461187215,647.244292237443,1752,0.622288474973239,3.82176655518725,407.193619548617,676.700322416426,5893,0.164308985680841,32.0494922121243,1005.99546004843,553.851694915254,3304,0.191377906514797,4.23807428490115,1015.43927125506,778.674089068826,988,0.123080458352083,16.058041891936,280.132743362832,1014.08960176991,904,0.255731652479798,0,,,,,,,,,,,,,,,,,,,,,,,,,
124.51757864129,678.161512027491,3783,0.268075089181937,5.09260526288679,285.221609702315,650.567805953694,1814,0.683329931247169,3.4707406233201,405.997082279712,687.278934059521,5141,0.0691105026635801,10.6460662092299,1007.78424864212,551.277006638503,3314,0.148268031806186,3.13508921011567,1014.94572025052,775.113778705637,958,0.204119785020385,3.59435703239304,254.428057553957,1016.15467625899,556,0.377831305147287,25.7875048265324,,,,,,,,,,,,,,,,,,,,,,,,,
128.116743471582,671.933333333333,3255,0.205414207236068,7.19334395966004,285.870333988212,650.757367387033,2036,0.53411885009995,0.675852599404779,400.392665474061,684.207692307692,5590,0.115239459293598,6.39077566729149,1005.6434811828,553.502016129032,2976,0.185321405662043,3.08764514604008,1015.91803278689,745.357581967213,976,0.0809632752562469,29.7720781270663,239.258325832583,1009.15841584158,1111,0.854143865317524,16.7053410718443,,,,,,,,,,,,,,,,,,,,,,,,,
127.26624,675.7216,3125,0.224632246054815,3.88256622518551,279.054989816701,646.714358452139,1964,0.498779271564815,7.92431936659524,403.752189305012,682.882988634246,5367,0.094884477990444,3.61126573283814,1006.8457337884,551.709215017065,2930,0.152145972655804,2.15859842368712,1015.35414634146,724.789268292683,1025,0.112022416991299,20.5760417801189,222.518838789376,1001.50401482397,1619,0.666211436670597,18.4065282280016,,,,,,,,,,,,,,,,,,,,,,,,,
128.759165613148,663.23198482933,3164,0.126425953438123,12.578525907189,281.825352112676,646.218779342723,2130,0.689982122033619,2.81433933715385,399.833939393939,688.815584415584,5775,0.066300602560364,7.10973804513025,1008.71284046693,551.315564202335,2570,0.180610940927267,1.90815311569844,1015.24113475177,714.676418439716,1128,0.114142813702854,10.1134812882633,222.777379733879,981.693449334698,1954,0.775155709945697,19.8122524823539,,,,,,,,,,,,,,,,,,,,,,,,,
130.844782983616,651.739292900259,3479,0.101127617255725,11.6804010030708,296.476403901925,673.517795939889,3793,0.666352658275172,30.9820855609109,427.227975270479,684.017516743946,3882,0.17325335863845,27.8110527486243,1009.88805641252,562.284706919348,2269,0.137003385691651,11.0319184399166,1010.50184162063,692.532228360958,1086,0.455657631401441,22.645663020259,215.877918287938,960.007782101167,2056,0.465611237463104,22.7567733127405,,,,,,,,,,,,,,,,,,,,,,,,,
135.073888541014,642.600187852223,3194,0.102493841347654,10.0701824658072,286.548130703562,680.334707094495,3397,0.397844216278295,12.0432921741156,426.600399315459,688.173702224758,3506,0.235598010860576,4.20329981445821,1006.86456467216,562.692583303475,2791,0.230511690314846,3.05087945496542,996.184937238494,681.373221757322,1195,0.597779130424686,18.1520571690126,210.096341463415,954.467682926829,1640,0.441309655255736,8.00745461675329,,,,,,,,,,,,,,,,,,,,,,,,,
139.698198198198,631.549227799228,3108,0.0758853720361654,11.9794807023684,274.339485186984,653.42933462846,2059,0.823692173626703,29.5457288433628,432.958320749018,685.381153729991,3311,0.197922135286637,6.94416964445246,1007.98195329087,567.601910828025,2826,0.160084542103677,5.03488371946431,982.776094276094,663.300505050505,1188,0.577580930545824,22.5037809879842,206.022370012092,964.691051995163,1654,0.957461705888687,11.005204155015,279.845667299178,728.302972802024,1581,0.77455739108493,0,,,,,,,,,,,,,,,,,,,,
144.965560037232,621.095252869997,3223,0.13146023248203,11.7060109586614,275.786432160804,656.507537688442,1990,0.699221053748276,3.40132174654621,431.376868414604,676.894143592257,4081,0.471145627254712,8.6330951902563,1008.27852852853,565.28978978979,2664,0.156145061877714,2.33106425630953,974.838262476895,662.350277264325,1082,0.611315070080826,7.99450477002871,202.208718626156,981.075297225892,1514,0.522211144293462,16.8222301932324,271.546309696093,737.28509406657,1382,0.458480107962281,12.2293842459422,,,,,,,,,,,,,,,,,,,,
149.343618513324,615.833099579243,2852,0.272849537558656,6.84526502594843,271.807008086253,657.87115902965,1855,0.684187110088601,4.20657570088896,434.115630447414,685.873910517141,3442,0.227605293216878,9.38813248189489,1006.22706571243,563.95738451529,3074,0.131024791527056,2.44618141219419,958.24208566108,669.770018621974,1074,0.518089903822283,18.179264196226,195.352301790281,1005.12595907928,1564,0.944211638863811,25.0088941661458,264.375274725275,745.44010989011,1820,0.419454250841546,10.8594670971865,,,,,,,,,,,,,,,,,,,,
153.952894995093,607.484461890743,3057,0.940719077806242,9.53651828180686,270.554897739505,658.835844994618,1858,0.665236126417041,1.5806325731939,437.980348740659,687.194575145309,3613,0.250789482499983,4.08414036808613,1006.21995708155,566.669170243205,2796,0.180416452093744,2.7117950451236,942.95534150613,679.838003502627,1142,0.597597369722059,18.3043400978012,199.509036144578,1006.61972891566,1328,0.996703310249971,4.41698865928676,266.552005012531,755.616541353383,1596,0.309865446545586,10.4066282757753,,,,,,,,,,,,,,,,,,,,
157.157219251337,608.790909090909,3740,0.884400215923326,3.46041879343736,269.156882591093,667.917510121457,1976,0.714648771407778,9.18863906306272,441.906199893105,687.151256012827,3742,0.217974097267936,3.92609014394792,1007.51670843776,570.487468671679,2394,0.201608772467495,4.0324889297727,926.87440381558,693.131160572337,1258,0.603001036010178,20.8639541287674,209.338582677165,1016.77362204724,508,0.388673083795296,14.1322868200398,266.792079207921,764.947400990099,1616,0.746685178732549,9.33394756677899,,,,,,,,,,,,,,,,,,,,
155.817026308011,610.39225539462,3383,0.76021199633372,2.08816357351401,265.343805572021,670.302904564315,1687,0.544763906679377,4.49773976585914,437.926038500507,690.051418439716,3948,0.172958029069375,4.92469560617416,1007.49155636696,575.747147421269,2191,0.235209056250181,5.25973888853339,915.022143489814,706.451727192205,1129,0.557571830750176,17.8301309558872,,,,,,262.283040935672,773.785380116959,1710,0.774316148707878,9.92175897648267,,,,,,,,,,,,,,,,,,,,
145.919540229885,611.723827275551,3219,0.152605678271977,9.98665681500954,266.328774928775,668.722507122507,1755,0.491726300145041,1.86220855647741,440.485962373372,691.935455861071,3455,0.185973951479714,3.17849134652438,1006.8221574344,583.895529640428,2058,0.340336504938939,8.17583192833658,911.589614740368,714.781407035176,1194,0.948387473323335,9.0092075068875,,,,,,259.348292029471,780.208975217683,1493,0.998658429522981,7.06224646698837,,,,,,,,,,,,,,,,,,,,
142.203947368421,608.947055137845,3192,0.0563694912243425,4.63854436401201,267.743882544861,665.651984774334,1839,0.628695629536394,3.38092251548846,448.359167671894,701.80066344994,3316,0.202743695622141,12.6217939471435,1006.41888175985,585.127864344638,2182,0.352328267531795,1.29664185220286,914.855371900826,718.70826446281,1210,0.756271847898529,5.10738476013376,,,,,,249.946090047393,781.391587677725,1688,0.658716295753043,9.47628483860792,956.596889176928,933.437459494491,1543,0.599881126477028,0,,,,,,,,,,,,,,,
143.509905813576,603.925300422215,3079,0.0333111050647385,5.18879059939968,272.086805555556,661.155753968254,2016,0.749986966263825,6.2511656303732,460.965664018161,694.604426787741,3524,0.236169955625895,14.5158386677044,1006.19198312236,580.902109704641,2370,0.324271675966474,4.23184182941041,913.793823038397,727.936560934892,1198,0.571739487370229,9.28915183232349,,,,,,244.76983646275,778.811023622047,1651,0.714228113177403,5.78384923887125,961.813496932515,898.173742331288,4075,0.22445777488143,35.6474787978339,,,,,,,,,,,,,,,
143.881873727088,601.095383570944,2946,0.0261213123809819,2.85425813720343,271.932590233546,661.375265392781,1884,0.561797721643235,0.268267834524848,441.908108108108,691.557786357786,3885,0.17491436750822,19.2995454654828,1006.39745693191,582.987284659557,2438,0.300738288079114,2.09527422525493,920.406710310966,746.198854337152,1222,0.207076336608433,19.4227093473065,,,,,,243.119628339141,783.113240418118,1722,0.552859179386515,4.60784724265284,961.432268594078,904.805549079039,4289,0.193536107908911,6.64275513514869,,,,,,,,,,,,,,,
143.367889599461,597.640525075732,2971,0.0232869606490842,3.4928823205753,269.961287078934,656.841126194067,1989,0.414774116790195,4.94413333160585,434.712382265105,701.282334022513,4353,0.328813462966357,12.0973260554229,1005.36664012739,581.34474522293,2512,0.370017702922803,1.93920578726486,921.125394321767,761.170347003155,1268,0.22621022590489,14.9887324132344,,,,,,246.927718040621,782.57945041816,1674,0.623465127713301,3.84531909450686,967.491219743711,873.688182249644,2107,0.815162286377341,31.7017571662646,,,,,,,,,,,,,,,
141.670869276709,591.061712010617,3014,0.0166057236656557,6.7941636219304,266.153617021277,664.134468085106,2350,0.711350114857462,8.22746541819333,435.128327262539,693.739702998039,3569,0.178621835048073,7.55409114402627,1005.27265685515,579.70604182804,2582,0.31601360196957,1.64139625681417,922.592458303118,776.626540971719,1379,0.19593044748338,15.5256629075623,,,,,,252.369010578718,785.52955818295,1607,0.387577650936111,6.18957190030289,970.999545040946,879.059144676979,2198,0.359396412851255,6.41526178632348,,,,,,,,,,,,,,,
140.557916381083,639.118574366004,1459,0.126634978196794,48.0697481124303,264.32967032967,670.956043956044,2275,0.774748483330368,7.06120945000066,444.494550408719,692.674114441417,3670,0.279873877605813,9.42664388825934,1005.19557487159,577.395890952193,2531,0.326144732193449,2.31143650169508,920.305882352941,776.647058823529,1275,0.212563948579766,2.28666800348696,,,,,,259.038533250466,782.11000621504,1609,0.4731565487242,7.49505625930804,969.973134328358,876.685074626866,2010,0.462946073432965,2.58645076383847,,,,,,,,,,,,,,,
136.315891472868,653.706072351421,1548,0.120544844612389,15.1917699033542,262.425440686041,675.187708432587,2099,0.652817393634431,4.64037442214669,445.030687518442,695.876659781646,3389,0.309304435576792,3.24711251062353,1005.91199667912,578.175591531756,2409,0.328591402204893,1.05886410840691,920.186174391202,776.003142183818,1273,0.223330551505447,0.654949337736332,,,,,,269.95509383378,781.601876675603,1492,0.513015186656907,10.9283800536957,973.962726304579,915.346645367412,3756,0.129731235935904,38.86687402227,,,,,,,,,,,,,,,
129.391989494419,674.63624425476,1523,0.140353059415722,22.0456915180835,259.021130480718,676.905969360803,1893,0.519059353571088,3.81336447136865,436.927829830337,691.087617118258,3949,0.345866506608911,9.41229155654683,1004.88574989614,579.711258828417,2407,0.370307364297146,1.84701286016616,920.256593014968,778.096935138988,1403,0.297708760400194,2.09497678309165,162.973561430793,1017.32037325039,643,0.110173697494875,46.3682448670929,277.426370918053,778.070240295749,1623,0.714664167777077,8.26392381314671,975.160401002506,917.265914786967,3990,0.140162088963846,2.26230408806917,,,,,,,,,,,,,,,
123.315225160829,687.293781272337,1399,0.237531044585552,14.0406662276874,256.328819068256,683.69014084507,1846,0.432095828503808,7.29887138327739,435.413473053892,692.957185628743,3340,0.246899888358035,2.40594323743514,1004.96794871795,578.913247863248,2340,0.394219259322,0.802233224715706,919.910120845921,775.546072507553,1324,0.229667586845098,2.57428497419682,165.721435316336,1013.18696883853,1059,0.238240551501852,4.96345070720446,284.407281001138,769.022184300341,1758,0.72589807206029,11.4280542037627,976.944659943108,914.998965606413,3867,0.11906846322241,2.88489836117908,,,,,,,,,,,,,,,
114.894584837545,706.636101083032,1385,0.359622994070489,21.0957938725549,271.133540372671,720.012704686618,3542,0.351367455453868,39.2238246085805,440.157823862106,693.384325343388,3713,0.314266275823413,4.76353995755543,1005.377747869,579.164199192463,2229,0.417790637609247,0.480532947712041,910.616191904048,752.526236881559,1334,0.23740075254748,24.8251877621169,165.929866036249,1011.64933018125,1269,0.29679891059826,1.55170100385701,,,,,,976.366979457266,915.046664975907,3943,0.187149448667124,0.57964642116815,,,,,,,,,,,,,,,
105.665367121507,719.829109811566,1539,0.451097151669748,16.1007434288353,271.776434329066,715.934566145093,4218,0.683039722525373,4.12850173828755,449.092809156507,690.330430455337,4019,0.287565102969707,9.44246981453563,1004.24581939799,579.591137123746,2392,0.429499750820841,1.20976777136884,905.508675078864,741.546529968454,1268,0.492488552705357,12.1095289758611,164.761184625079,1007.22054190296,1587,0.74927625393922,4.5803910154785,,,,,,976.60855179435,913.80554848562,3929,0.188858843514175,1.26440789957441,,,,,,,,,,,,,,,
105.217105263158,727.196546052632,1216,0.44386266132906,7.38106059179971,274.467880627213,715.970915528579,3954,0.738714847283819,2.69169174562933,448.906626506024,696.964550509731,4316,0.250698983441412,6.63673209309028,1005.7482547993,582.404886561955,2292,0.396351979058644,3.1897488986009,910.904,727.369777777778,1125,0.987778316794493,15.1687123276986,164.681842818428,1005.97777777778,1845,0.592800111893831,1.24529425965373,,,,,,976.521585458218,910.977278465034,3961,0.164297502099278,2.82960676648967,,,,,,,,,,,,,,,
98.5273264401772,745.073855243722,1354,0.362020827390418,19.0879890144105,271.528716216216,711.821187258687,4144,0.929938104461295,5.08516785846895,446.63774348596,695.232987604351,3953,0.240778010728207,2.85414439964475,1005.43181818182,584.058747855918,2332,0.402848698554056,1.68386142914243,916.706293706294,718.68951048951,1430,0.602083804515977,10.440960322205,170.402867029165,1002.74246169056,2023,0.864861458876536,6.57247200100934,,,,,,972.381027667984,903.398682476943,3795,0.205295186239252,8.63593283698795,,,,,,,,,,,,,,,
91.9408432976715,758.023285084959,1589,0.255219854899898,14.5282309108723,268.291839220463,707.4,4105,0.633367102446083,5.47944061579426,436.787709497207,687.800352837401,3401,0.437277138898751,12.3396608202363,1005.98228882834,580.764759309718,2202,0.396440042815907,3.33966741984461,916.023005032351,705.601006470165,1391,0.522720775114406,13.1063275129363,173.196280991736,998.928925619835,2420,0.951833269834147,4.72717874942322,,,,,,967.366757307954,892.095853161115,2942,0.334829392452673,12.3651468970745,,,,,,,,,,,,,,,
92.4768683274021,754.092526690391,1405,0.424454681403304,3.96713806023458,268.918966382338,702.463371801305,3986,0.508591477252137,4.97630248772284,434.98773006135,685.327090732967,3097,0.528177921113034,3.05891343563928,1006.1038961039,580.420062695925,2233,0.378004461204281,0.365518925678941,908.882519863791,691.189557321226,1762,0.672243919877982,16.0834198793319,169.779838326201,995.102710413695,2103,0.712678437644976,5.12952271567091,,,,,,947.927184466019,902.72052704577,1442,0.596249350994622,22.1535705346145,987.838050314465,849.09748427673,1272,0.525779719816817,0,,,,,,,,,,
90.866708780796,757.610233733418,1583,0.322472419747084,3.86870477111947,270.500586716733,703.094344050692,4261,0.797185168759387,1.70283553570778,441.970100570807,695.067137809187,3679,0.265166124389222,11.9842402753919,1005.60009161704,583.879065506184,2183,0.443991320698365,3.49549987875232,900.061313868613,683.967883211679,1370,0.790467927545367,11.4002742139768,168.826940639269,988.901826484018,2190,0.719390326869471,6.27367320722708,,,,,,941.48178913738,895.165495207668,1565,0.494983180420532,9.93084221086911,992.329260013578,839.276306856755,1473,0.36930616002301,10.799374540964,,,,,,,,,,
91.519385026738,758.974598930481,1496,0.329723666686686,1.51244129571226,242.91795897949,721.292646323162,1999,0.158420831986388,33.0451139881754,442.586573511543,696.947144592953,3292,0.167897562917036,1.97850054173942,1006.90420009438,585.612081170363,2119,0.357618670340559,2.1688804054095,893.372002592353,681.802981205444,1543,0.526413973986967,7.03090933288906,168.629791363416,993.450752062106,2061,0.622404334193291,4.55319577351428,300.443835616438,685.258219178082,1460,0.439719979422474,85.2852445440158,945.573804573805,891.647955647956,1443,0.301219981978805,5.39607958485362,996.967810026385,828.77308707124,1895,0.410561881484888,11.4818888726614,,,,,,,,,,
91.1286072772898,757.61982434128,1594,0.322397422874331,1.41000760175605,265.312623762376,704.29504950495,4040,0.653557035814242,28.1147525034867,434.748715019989,695.30439748715,3502,0.121662443372856,8.00816107400792,1006.32432432432,584.572693383038,2146,0.4093570725788,1.19020287394337,889.428159261396,677.713214079631,1733,0.354730051331436,5.68155747682891,172.850713976634,998.114236261359,2311,0.937439462550801,6.29001371886065,,,,,,940.591743119266,882.548929663609,1308,0.144438364384479,10.3736787207153,1004.59813084112,807.140736668499,1819,0.530584407621661,22.9386220092394,,,,,,,,,,
91.1286072772898,753.907779171895,1594,0.372654573447094,3.71204516938519,239.911314984709,737.868501529052,1962,0.115688955334767,42.099918864922,430.513118744928,695.56288882878,3697,0.140296594438451,4.24347659107508,1005.34509466437,582.428141135973,2324,0.432301139031893,2.35754004575221,880.285046728972,670.940290758048,1926,0.176698124647961,11.3784444060082,176.988060930424,997.327295183203,2429,0.891121337505244,4.21152182429687,290.556723851688,666.146651909242,1807,0.906610080793585,21.5175970433521,939.205860255447,870.250939143501,1331,0.193374584044555,12.3758329879196,1007.73620798985,796.161065313887,1577,0.737920399362427,11.4193130812097,,,,,,,,,,
90.865661411926,743.228923920493,1459,0.42145390389868,10.6820920239666,241.167237442922,756.070776255708,1752,0.225932422874247,18.2455514152271,432.905739732806,700.493567540821,4042,0.090089724186794,5.48053170349447,1006.10501193317,583.555608591885,2095,0.462048899282158,1.35965330859259,878.479054779807,670.880236305048,1862,0.173371953642527,1.80699016537851,184.049500237982,999.36744407425,2101,0.902783938896804,7.35024711094566,290.677881963596,662.34804191947,1813,0.790346532790304,3.80054169066364,938.37973704563,860.807424593968,1293,0.130798292494884,9.47958050786269,1008.18853503185,781.077282377919,2355,0.189353394753674,15.0905635220263,,,,,,,,,,
99.2445652173913,727.83152173913,1656,0.612823076967065,17.5295756627445,246.133445945946,767.375563063063,1776,0.428524234973021,12.3475273498485,487.098955470039,706.142385926333,1819,0.854861714861573,54.4868220865814,1006.44574780059,583.867546432063,2046,0.46381126940595,0.461959032248164,876.128301886792,670.557412398922,1855,0.200734545915419,2.37281571943159,201.397598398933,1004.68112074716,1499,0.559478247367413,18.1436399210924,291.195516162669,658.064129301356,1918,0.618199059200737,4.31507270896957,938.392686804452,853.378378378378,1258,0.155603947268968,7.42905750210711,1004.70299224233,775.284447728112,2707,0.247121201598664,6.76061697018297,372.577664399093,690.379818594104,1764,0.945170299862453,0,,,,,
105.926105717368,720.44120819849,1854,0.808034046445906,9.96291712711706,255.867740080506,777.67107533065,1739,0.36754992168654,14.1687704177237,493.086327345309,703.865768463074,2004,0.793260085630348,6.40559201376436,1007.52182347236,588.624636275461,2062,0.399131606805985,4.87727819890744,876.205027106949,673.566288812223,2029,0.250207387880716,3.00985448650369,212.308561236623,1007.59631391201,1682,0.446777321898337,11.2936912138512,292.192232055064,654.937069813176,2034,0.476382563676856,3.28206392575859,936.413024085638,837.195361284567,1121,0.384313449271364,16.3036531715699,1001.92196209588,772.611668524712,2691,0.324050337342077,3.85718515833062,382.218396458436,694.150516478111,2033,0.749513648372647,10.3519021040819,,,,,
126.875395987328,666.534582893347,3788,0.146777492284346,57.8342201002493,257.870074547391,783.422790202343,1878,0.313468262524939,6.09028466350545,493.130208333333,704.459895833333,1920,0.548060896130525,0.595745644718764,1007.75429463821,587.58771473191,1921,0.355523901702986,1.06266134324698,884.471747019181,679.968377397615,1929,0.408112678497106,10.4558785552674,221.718480138169,1008.01957397812,1737,0.455739062347435,9.41943325350539,291.679118773946,652.509099616858,2088,0.472079683363227,2.48159716986182,935.408794788274,814.845276872964,1228,0.439859818668907,22.3726339461287,998.648426323319,768.207081545064,2796,0.39802719463063,5.48784319341277,388.59808830223,694.140191169777,2197,0.460147889069442,6.37970019936445,,,,,
127.299058473736,662.864717542121,4036,0.14639355595722,3.6942389742032,256.306436990027,791.194469628286,2206,0.149113865863746,7.92741846444562,487.682154171067,701.892291446674,1894,0.55352028243569,6.02278062371413,1007.28930507639,587.108920650567,2029,0.379483434856785,0.667427198223388,908.861177596936,696.572044040211,2089,0.469675508314946,29.5046787795696,226.895304568528,1008.55393401015,1576,0.485606100841195,5.20433010353764,291.91452245966,642.761011774967,2293,0.301445665651487,9.75092977456358,,,,,,976.994368266405,780.922135161606,4084,0.677632128411929,25.1111692042349,390.11644486692,693.937262357414,2104,0.391904485903151,1.53185729114157,,,,,
128.068619246862,658.845746164575,3585,0.135557391360429,4.09198664673656,256.28640776699,797.081641659312,2266,0.150899110653343,5.88720610244449,,,,,,1007.18348170129,586.311078140455,2022,0.364868766454625,0.804829955742439,919.247342310418,710.264351523742,2822,0.361845261908923,17.1857994192631,235.633608815427,1011.23232323232,1089,0.501636330822714,9.13956946123921,292.74612579763,639.018231540565,2194,0.321560675962365,3.83405372872558,913.4375,772.9375,32,0.681516587677725,47.3180679773316,979.860366713681,780.306911142454,3545,0.478781916609874,2.93128771933587,427.822924320353,701.703159441587,4083,0.110916501639426,38.4978928032963,,,,,
127.780754510662,656.529797703663,3658,0.12796961406307,2.33377020718526,254.014190317195,799.810517529215,2396,0.135353802481117,3.55101895974882,477.340579710145,711.545707915273,1794,0.688369021410507,14.1469647573964,1006.8905950096,585.785508637236,2084,0.414596346050062,0.601669275335144,923.423529411765,706.660249554367,2805,0.345185908041785,5.51634749731236,236.092814371257,1017.91916167665,668,0.0785581094912948,6.70258742001834,294.129612109745,631.908703878903,2114,0.29224213417245,7.24288740405056,920.230088495575,775.83296460177,904,0.545429420654896,7.38396734353047,996.171566653242,780.862263391059,2483,0.768038593306839,16.3206513224307,386.332159033719,694.234524408656,1987,0.339744895667995,42.1576103844328,,,,,
129.56237037037,647.011555555556,3375,0.168213940204243,9.68354731808439,250.154728927582,806.598733676296,2527,0.121947095878529,7.80866958434034,494.209493670886,697.096835443038,1580,0.733326687359777,22.2110372097704,1005.719054242,584.426981919332,2157,0.377089491816445,1.79390708047908,925.998512458163,705.993677947192,2689,0.321440293207002,2.65986003329683,,,,,,298.355100095329,618.958531935176,2098,0.155365041330931,13.6221034384705,920.079048349962,764.300844205679,1303,0.951521211326421,11.5331094660338,994.371098760154,783.060282171868,2339,0.718474554083414,2.84129744920005,376.00828460039,691.4761208577,2052,0.238867203350418,10.6860270196682,,,,,
129.699792346485,642.705725304064,3371,0.160333293838011,4.30802262693432,244.904135338346,822.043703007519,2128,0.230415913164869,16.3130564481873,474.803932909196,690.622325043378,1729,0.440848560940276,20.4571521329571,1006.30053842389,581.056289769946,2043,0.36493433768719,3.42048087550789,922.009077155824,718.216843166919,3966,0.435938512089495,12.8577354934792,,,,,,300.454457364341,604.919573643411,2064,0.14724080326344,14.1950572686722,,,,,,994.955033824115,778.92081177875,2513,0.779732244062208,4.18045395793585,367.652489626556,692.396265560166,1928,0.313046501553461,8.4063057235758,,,,,
130.568883610451,640.015439429929,3368,0.165524399339048,2.82718193784472,242.311262376238,844.860148514852,1616,0.768665605827964,22.9633006291934,,,,,,1004.8132398071,583.92021043402,2281,0.480799685453407,3.22708827669756,918.73500428449,715.540916880891,4668,0.415140550894194,4.22849082475781,,,,,,302.369774919614,599.027867095391,1866,0.145252743787847,6.19521164977558,,,,,,994.582222222222,779.627407407407,2700,0.782580834115,0.798915435413963,420.829164582291,691.320910455228,3998,0.0891198158670668,53.1875469254752,,,,,
132.635539437897,631.084013297069,3309,0.171454454827299,9.16741179809494,238.225136612022,859.037158469945,1830,0.64616251566997,14.7541192562558,,,,,,1005.77222731439,586.188359303391,2182,0.48692333843634,2.46255077770283,919.293403480372,704.555847834885,4942,0.276182721746618,10.9992523203849,,,,,,305.198094282849,584.442326980943,1994,0.128771077621093,14.8572329473098,,,,,,990.357505930193,779.145035581159,2951,0.982740256782807,4.25216536918472,413.751291844529,694.731521006515,4451,0.11411413917564,7.85675167130208,,,,,
136.453806801083,620.344267228408,3323,0.140343165264218,11.3983029998367,232.2832230908,864.67227901383,1663,0.457236192685735,8.18907319773112,,,,,,1005.35761904762,583.271428571429,2100,0.47582543391173,2.94624929528106,917.609150921921,696.5574778056,4393,0.305806584298945,8.17377696086765,,,,,,306.121598147076,571.158656629994,1727,0.198986145304844,13.3157334525709,,,,,,984.108453384072,771.520250067953,3679,0.972793385719108,9.85839803652591,402.810104087332,690.644325971059,3939,0.102041964242552,11.6796726322321,,,,,
136.12774122807,613.914473684211,3648,0.12082033530929,6.43805590057346,223.195081967213,870.536065573771,1830,0.505216854145378,10.8156507849856,446,679.953169347209,2114,0.388034254143109,30.7164033426207,1005.36626071267,585.189896256202,2217,0.493477971402498,1.91848714770123,919.874240890688,680.499493927126,3952,0.22961670688404,16.2169503547353,,,,,,305.774368231047,553.962093862816,1662,0.1694832099886,17.2000680120774,,,,,,974.445948850204,760.71007951859,4653,0.639614311153648,14.4990958743408,372.780930760499,703.287741203178,1762,0.967898957698528,32.5823142122339,,,,,
137.711354309166,608.408755129959,3655,0.0846682703648848,5.72894119268525,212.159434914228,878.553985872856,1982,0.419006236479554,13.6408413157158,472.687429854097,693.956790123457,1782,0.61756043706742,30.1383527596032,1005.81240694789,584.452605459057,2015,0.51852709574598,0.861768056237922,902.181303116147,708.763253743424,2471,0.844542547492549,33.3448671619362,,,,,,305.338569880823,542.105092091008,1846,0.30619930180842,11.8650078473941,,,,,,973.519957537155,757.148195329087,4710,0.564105243473685,3.68028244721455,388.258203335126,706.099515868747,1859,0.993650862132545,15.7306084789888,929.875376884422,648.606030150754,1990,0.524371176617102,0
137.895595854922,604.455958549223,3860,0.10965406140298,3.9570880399433,201.569620253165,884.330168776371,1896,0.507966960974587,12.0626888996833,486.902612826603,709.610451306413,2105,0.264571889032262,21.1449411295621,1004.50768535262,584.892857142857,2212,0.670133667886557,1.37699672702935,939.847826086957,704.95652173913,46,0.741756272401434,37.858396179223,,,,,,304.597457627119,524.388418079096,1416,0.823090259450755,17.7321680969061,,,,,,970.886252771619,750.050110864745,4510,0.456484422313323,7.57094471350455,384.032890575585,701.1853257432,1581,0.61970336245992,6.48093608253917,915.254025541366,671.902554136591,3602,0.429698783994802,27.5047622225638
152.861796643633,598.673247778875,5065,0.789630479793712,16.0445289710075,194.020375335121,890.292225201072,1865,0.640736977389976,9.61962658547256,499.830615465544,712.051551814834,1901,0.95229825517342,13.1564517984402,1006.0200286123,585.048640915594,2097,0.511824029594812,1.52034559194651,,,,,,224.773333333333,1014.75142857143,1050,0.116596882940824,11.754368719494,304.987699876999,521.156211562116,1626,0.849592536301124,3.25567934262611,,,,,,961.1328125,741.13828125,3840,0.30683858846526,13.2117487190106,375.730769230769,690.925243770314,1846,0.515950369089088,13.1982764372623,912.906040268456,672.519101703665,3874,0.629426538154125,2.42758434338859
151.84855233853,602.471603563474,5388,0.780129219361789,3.93117929993345,182.000536768653,897.128824476651,1863,0.670369897881271,13.8280732142546,495.049881235154,704.576009501188,1684,0.999882313487055,8.87350847549857,1006.59353574927,585.127326150833,2042,0.464936807797223,0.578879782330674,,,,,,217.201593625498,1012.67410358566,1255,0.191853484120351,7.85152987001385,306.01100811124,520.316917728853,1726,0.934298022476702,1.3234703928757,,,,,,957.87414187643,739.028604118993,3496,0.229789783142369,3.8819675204733,388.051422319475,688.943654266958,1828,0.289236004129296,12.4789899227478,910.594000944733,673.157298063297,4234,0.748865879304482,2.39850378942583
147.325847047435,605.3490803485,5165,0.722348073571641,5.36047906426856,187.753800882786,895.291809710642,2039,0.574325849421142,6.03942639805319,,,,,,1005.74104401228,585.483623336745,1954,0.519528875875896,0.923953378863614,,,,,,218.166011787819,1014.44990176817,1018,0.192954697771683,2.02078241699613,306.873076923077,518.834065934066,1820,0.989627925555754,1.7152294545176,,,,,,957.994082840237,738.185967878276,3549,0.235609283024197,0.851129642868457,437.245688636901,693.670210252776,4233,0.0708432737702413,49.4208070552967,911.075941008144,674.482060312569,4543,0.877041730061918,1.40970253664244
145.358015549796,611.234357645317,5402,0.61452807953773,6.20554990822947,195.728015377222,887.876501681884,2081,0.698631630461115,10.8892097952359,491.967071057192,696.98844598498,1731,0.591315416066645,8.18992299755223,1007.35693069307,587.339108910891,2020,0.419926381032537,2.46047078442483,,,,,,239.591054313099,1013.04153354633,1252,0.17906405703101,21.4712819425938,307.747551686616,519.945593035909,1838,0.930163649015195,1.41428377993852,,,,,,957.353951890034,739.559851088202,3492,0.233714612703572,1.51569215473445,406.555378061768,690.899893503727,1878,0.258283145626061,30.8150907525543,909.843690349947,679.220784729586,4715,0.924451233278038,4.896320126898
145.089820359281,609.419887497732,5511,0.674198181788466,1.83418389936549,197.100323624595,878.997226074896,2163,0.763815840466358,8.98469616796563,451.099212974004,690.165990937276,4193,0.0849317114596938,41.4334130525779,1006.69613821138,582.60924796748,1968,0.501238359192749,4.77579639933109,,,,,,230.811753902663,1014.07621671258,1089,0.213008852164427,8.84006136580585,307.047670058918,515.838243170862,1867,0.898005602652021,4.16655219656302,,,,,,956.640138408305,736.69059976932,3468,0.216899150075675,2.95670979597356,,,,,,905.44990665837,679.745903339556,4821,0.960909031067554,4.42505194126665
147.25873015873,611.330335097002,5670,0.777488899223554,2.89032519756881,201.694471387003,874.201745877789,2062,0.764985021278059,6.64099570724772,450.205060622035,690.035055350554,3794,0.113941588105689,0.9036883071076,1007.89561027837,583.808886509636,1868,0.462539725783773,1.69642738462843,,,,,,231.308146399055,1013.82644628099,847,0.306381023407528,0.555689462713458,303.791940789474,509.427631578947,1216,0.566549412643888,7.18997316116772,,,,,,960.913178294574,741.846511627907,3225,0.218326893538302,6.69643912562256,,,,,,904.928202182654,689.206969174804,5223,0.776648997232617,9.47543889742695
149.440868263473,611.960703592814,5344,0.953933072846554,2.27136327976922,212.878871937124,869.684697179843,2163,0.736591720747235,12.062111946304,453.195188858409,694.848491242878,4739,0.2500617593274,5.66657144660523,1008.63873159683,585.075311438279,1766,0.351678739938159,1.4683532932615,,,,,,236.776666666667,1013.82583333333,1200,0.181041720903665,5.46852030196278,304.869606003752,506.277673545966,1066,0.698462683836244,3.32920379724767,,,,,,963.734605087015,749.167670682731,2988,0.254661162116067,7.84600656711014,,,,,,905.761940721163,692.907117236171,5297,0.65351747764224,3.7929165066791
152.933432226961,609.339885036158,5393,0.805864704303625,4.3665424475171,219.290338401177,865.124570868073,2039,0.695324289778292,7.86776043095945,450.758938610299,701.865977063189,4447,0.16535838603765,7.42835261075247,1008.50857449089,586.084673097535,1866,0.376424310334634,1.01771893536624,1009.77667766777,765.885588558856,909,0.659786936359627,92.7490995478315,224.960960960961,1011.66816816817,1332,0.26776027123569,12.0110957155795,304.341375150784,514.76236429433,829,0.909434014012197,8.50111786351685,,,,,,926.129940935938,743.314402544298,2201,0.446645799068941,38.0574764509637,,,,,,902.651376146789,687.048223947306,4251,0.389566833982952,6.63341861649455
159.365045045045,605.893513513514,5550,0.53471856061977,7.29678834240372,230.736363636364,856.962679425837,2090,0.477858493518917,14.0580213970303,439.391789153573,700.676127724278,3946,0.267197277467862,11.4292531786136,1008.61194863205,585.503629257398,1791,0.434743810157791,0.590167905956733,1012,768.414307004471,671,0.916155909014798,3.36713218781225,223.388029589778,1010.59179556153,1487,0.350197174317669,1.90596198460652,304.603260869565,514.317391304348,920,0.967492281357169,0.516318788652573,,,,,,929.137284894837,745.028298279159,2615,0.44300147565142,3.46143846935076,,,,,,900.954421768707,687.490022675737,4410,0.368094146683618,1.75352224899851
153.52114480991,606.033105510466,4682,0.649654284851287,5.84556719949579,238.709661598823,849.941638057872,2039,0.434441363612423,10.6239588802313,468.529741863075,704.200336700337,1782,0.498446521612774,29.350303865686,1008.12540540541,586.205405405405,1850,0.441871515523945,0.85394032186377,,,,,,223.210110584518,1011.5560821485,1266,0.316878561335874,0.980562998605857,303.285393258427,516.616853932584,890,0.954911287447367,2.65034024592003,,,,,,930.932544378698,747.560157790927,2535,0.578710062573879,3.10375082790555,407.336138874277,689.126249342451,1901,0.841249683269174,1.93788571829662,898.483624722975,690.491997045063,4061,0.386708284183201,3.88801853844492
159.202361226181,608.939105219553,4828,0.44764416105481,6.38130506069985,257.079921065614,839.847064627528,2027,0.590086669011911,20.9610793046977,472.356284153005,714.994535519126,1830,0.852201512781741,11.4523863904502,1007.8848,588.346133333333,1875,0.44865220272389,2.1542068198112,,,,,,238.334323922734,1010.57429420505,1346,0.378803458521288,15.1560462082222,303.18509895227,517.74621653085,859,0.920011334221874,1.13380722621111,,,,,,929.630327868852,750.094672131147,2440,0.535974980086291,2.84947903647282,398.733981693364,690.365560640732,1748,0.476230726618852,8.69097236557436,898.510692899914,687.921941830625,4676,0.384783625143386,2.57019775337703
136.552959028832,606.194840667678,3295,0.212501799787741,22.8150478375118,268.429273084479,837.469548133595,2036,0.518891879784803,11.5957050638175,476.792095289659,698.921494315106,1847,0.551054790629893,16.673903981557,1007.79257641921,590.23307860262,1832,0.497819224554005,1.88919761754477,,,,,,230.891522988506,1007.67887931034,1392,0.814698762233185,7.98615759668195,304.615612648221,515.190711462451,1012,0.871703285905803,2.92864739921315,,,,,,929.883265306122,751.579183673469,2450,0.65227779667023,1.50590566320062,394.047968673519,690.218795888399,2043,0.537589091653834,4.68831077411464,895.222302854378,686.455974842767,4134,0.36850238896218,3.60035669081114
136.290062111801,605.370807453416,3220,0.183541197408836,0.864954060740274,279.503649635036,833.870559610706,2055,0.570555530721286,11.6445066177756,,,,,,1009.79156626506,590.83734939759,1660,0.38993299231503,2.0883255487233,1013.06603773585,775.416981132075,530,0.781691408080053,7.08335241193567,234.421509106678,1012.08499566349,1153,0.404933326213441,5.64576507764119,303.757575757576,519.738095238095,924,0.995344729109507,4.62762644437774,,,,,,925.612455197133,749.552419354839,2232,0.823340042571718,4.72732404118066,431.279575203754,696.570017288219,4049,0.113985252619421,37.7694392080653,897.655530809206,679.579312051472,4041,0.364379585948954,7.29445607467299
137.790725685035,604.941282746161,3321,0.24157139517039,1.56092364777155,287.346273291925,834.942546583851,1932,0.823072171329621,7.91554811078726,,,,,,1009.76068376068,592.52442002442,1638,0.4040053495507,1.68735326146833,1012.9336492891,775.221169036335,633,0.645337955151104,0.236366405546617,227.203980099502,1009.7249466951,1407,0.563404961296694,7.59358651117014,302.722165474974,526.502553626149,979,0.747182023938144,6.84324277934302,,,,,,938.740336967294,653.112983151635,2018,0.315935892374035,97.3288556131381,433.757513661202,701.493624772313,4392,0.152424158330734,5.51199507041932,894.39886979044,717.391099599717,4247,0.813504927720514,37.9517735894486
166.058653289601,601.603704418291,5183,0.33934955719932,28.4642786690907,289.511761881901,832.477196351416,2083,0.861273026753761,3.28135529954938,,,,,,1009.64276960784,589.678308823529,1632,0.372699811272022,2.84855274047632,1008.55733333333,766.029333333333,750,0.966531158528573,10.1804707619869,229.111168562565,1002.85263702172,1934,0.908171381219287,7.13204094775541,303.504319654428,515.624190064795,926,0.98703177419461,10.9064457516387,,,,,,937.529741863075,648.16835016835,1782,0.467840358112059,5.09067145333017,433.053966038614,696.65992091184,4299,0.144478889117723,4.88463634961749,889.990221798235,706.107321726687,4193,0.935854059188264,12.1144467561279
166.534384858044,601.62334384858,4755,0.332380665710561,0.476136779125373,299.36290726817,833.768421052632,1995,0.893474737072281,9.93540772441895,,,,,,1010.32201175702,588.1293272371,1531,0.388126557549625,1.69136449422297,1005.51953125,760.713541666667,768,0.894309974866687,6.1225715627428,238.962919594067,994.080796252927,2562,0.955302853798463,13.190988926525,304.438947368421,516.054736842105,950,0.542622713554679,1.02902842099573,,,,,,938.815117466803,642.9708886619,1958,0.539051819100371,5.35404487781802,428.641192290453,697.581801882564,4462,0.133031848470086,4.50804133484168,886.518877057115,704.846321393998,4132,0.968748592164462,3.69328527881926
171.634307992203,602.404678362573,5130,0.276730127205957,5.15942822385211,306.746134663342,828.894264339152,2005,0.845022830993221,8.84700234183103,,,,,,1010.61686586985,589.614873837981,1506,0.38879581198677,1.5145255531832,1002.56516853933,757.9,890,0.776734493321994,4.07973966525941,238.006282722513,993.084816753927,1910,0.872855150690231,1.38098851061345,306.442522889115,516.402848423194,983,0.644822439486588,2.03359202890162,,,,,,942.020388349515,639.609708737864,2060,0.83964124127347,4.64449049017238,424.286367098248,697.853769992384,3939,0.26278022922402,4.36330942146181,885.01803205699,703.333259127337,4492,0.835331940467038,2.13117177561838
175.554048892284,603.019671504966,5236,0.225329084890849,3.96769269084201,308.935212660732,817.01978239367,2022,0.737514863038348,12.0745759326051,,,,,,1011.3590483057,591.621485219899,1387,0.365729927368446,2.13946815964006,997.012864493997,752.994854202401,1166,0.669669072352844,7.40867974118738,255.05873340143,990.947395301328,1958,0.517206967282391,17.1858850404314,305.488107549121,516.306101344364,967,0.714896312486205,0.959306331928469,,,,,,949.174809989142,637.049945711183,1842,0.650501027211072,7.59856142637103,425.700733272227,700.579055912007,4364,0.253461487732295,3.07044215346816,884.288099212974,702.580729787741,4193,0.831704867200466,1.04838082953021
173.809700762762,603.795227850577,5113,0.213139127327282,1.90898874857527,311.914823529412,811.001411764706,2125,0.822596484879209,6.71556892275918,462.87083546899,708.10302409021,1951,0.786511388734557,16.6763894175476,1011.02680412371,590.80206185567,1455,0.358602772430595,0.88421764645751,994.149606299213,750.108661417323,1270,0.648003804149636,4.06550812108851,250.873480243161,992.151215805471,2632,0.792234153530259,4.35494291638775,298.393566698202,513.491958372753,1057,0.730580338648884,7.6322939245039,,,,,,953.07460815047,623.8934169279,1595,0.145101211348928,13.722342195284,388.921124206709,702.91523118767,2206,0.766889104527171,36.8537292269178,883.532661113547,701.238711091626,4562,0.756518013668971,1.54003276029716
175.630145402417,605.791112021298,4883,0.2091636403144,2.70140191548485,324.489069649212,804.517031011693,1967,0.600434167280364,14.1477510308655,471.168905950096,703.719289827255,2084,0.731076824919919,9.3848334986617,1012.99784482759,588.33117816092,1392,0.197942638198096,3.16073847214784,992.147102526003,747.721396731055,1346,0.632859565419504,3.11593550061945,249.355860113422,996.54584120983,2116,0.895203496967861,4.64929062361409,303.537645811241,515.032873806999,943,0.666730996657614,5.36991343474865,,,,,,954.451285520974,614.503382949932,1478,0.180125511173956,9.49041509576056,384.70766227428,704.480722303563,2049,0.781867980193999,4.49488864044103,884.641821477118,701.519483461713,4414,0.794685135508104,1.14414589800513
170.093973442288,605.919509703779,4895,0.232419590750836,5.5376606917524,332.577517564403,805.508665105386,2135,0.592446254203904,8.14900778331506,478.657394529439,696.125173852573,2157,0.857695663129555,10.6652734910961,1011.99475655431,585.925842696629,1335,0.314440985555088,2.60611296373796,960.067891972993,738.560015003751,2666,0.206798154561316,33.3617545230719,245.573116691285,999.250615460364,2031,0.905068634212084,4.65026359941788,307.926851851852,515.577777777778,1080,0.51054382211702,4.42290063242523,,,,,,954.22334384858,606.459305993691,1585,0.191893631398085,8.04730585251667,387.482775590551,706.571358267717,2032,0.836900921928839,3.47448019893017,875.741678129299,689.898762035763,3635,0.610263310609236,14.6374081746482
171.239299980978,607.257371124215,5257,0.247839479601573,1.76114907390539,340.416629613161,809.273454868831,2249,0.523437555815355,8.69628194551714,480.422106179286,693.106614447345,2298,0.810522020711466,3.49655660471759,1012.36631578947,588.830877192982,1425,0.203283512174167,2.9286996585926,944.178751109796,730.122521456052,3379,0.256415162965318,17.9904445397547,247.254765225477,1001.5960018596,2151,0.947077841609099,2.88596243119495,304.572691552063,510.537328094303,1018,0.438074034546846,6.05446317424808,,,,,,954.110261312938,608.548757170172,1569,0.241070820176422,2.09250899132266,388.556471158507,705.917111003393,2063,0.761908458629332,1.25732321044459,863.087586433981,681.85018109977,3037,0.469662182164829,14.99685606108
172.268126888218,611.908232628399,5296,0.230111972364846,4.76329691874822,347.250806823421,814.961272475795,2169,0.687118545821035,8.89141424472665,486.369445831253,685.056415376935,2003,0.75835623529106,10.0088238074761,1012.96006144393,589.209677419355,1302,0.229858727819857,0.704289367865534,938.402425578831,728.681918412348,3628,0.323984715090353,5.95325740827667,252.531631520533,1005.21587125416,1802,0.740685470592269,6.39912277813032,306.551619433198,515.231781376518,988,0.538195384587934,5.09451147585726,,,,,,949.881835323696,612.632935260842,1591,0.300581807202311,5.87878363463149,386.959714431413,706.10249872514,1961,0.804158687328086,1.60748270687311,860.393803786575,682.720481927711,2905,0.435255904617054,2.830881220147
172.100166635808,613.962969820404,5401,0.230556262095672,2.06159054484573,351.712121212121,811.88514173998,2046,0.44900609817639,5.41903186728488,486.749548736462,679.964350180505,2216,0.802897819153432,5.10623209257411,1012.31240544629,588.604387291982,1322,0.259858360750201,0.886473028113604,930.41583309517,724.708488139468,3499,0.367270723504488,8.92041521642992,254.678990610329,1007.1073943662,1704,0.604403614857012,2.86164476200173,307.653037383178,518.883177570093,856,0.839159713419783,3.8138976995971,,,,,,948.863088057901,626.265983112183,1658,0.0949867962164252,13.6710584706715,379.742028985507,699.951690821256,2070,0.520101271659142,9.48300696332741,858.002094240838,680.655497382199,2865,0.341457126905936,3.15981577380281
172.432841397347,616.086306743882,5353,0.225960215801226,2.14923990926359,359.219959266802,806.980142566191,1964,0.356281570732139,8.96809060782675,491.705587989992,676.718098415346,2398,0.752401696187165,5.92456543598987,1012.78306878307,589.176870748299,1323,0.215354234933034,0.741121639369367,923.869716425896,722.802835741038,3738,0.467432076978484,6.81785556545373,253.0203125,1008.16015625,1280,0.948630900651725,1.96456627724075,304.106567534077,517.651796778191,807,0.946871463619743,3.75416396089028,,,,,,946.184717208183,637.526474127557,1662,0.20961607859036,11.5746416063711,377.374031007752,693.047965116279,2064,0.334236429940727,7.29855074875919,853.524216524217,678.269230769231,2808,0.350379617679493,5.07401785503158
171.310437970287,615.144896777928,5183,0.219551032696116,1.46493760176778,362.971634615385,801.111057692308,2080,0.360330245750079,6.9657178508759,490.642576590731,675.110369206599,2546,0.786934580714566,1.9273781267876,1012.57142857143,587.494845360825,1358,0.218633256786857,1.69528787622981,925.592121982211,723.619822109276,3935,0.486275963323247,1.90634404720408,258.492693110647,1001.04018789144,1916,0.914424285409449,8.98002778251135,303.530343007916,515.903693931398,758,0.928546998448765,1.84062442326337,,,,,,946.344322344322,635.240537240537,1638,0.148866766934867,2.2915019639792,379.05772005772,684.535353535354,2079,0.344828555146874,8.67752065654067,853.8882960987,676.295765255085,2999,0.34515430670492,2.00676856465265
171.861816019033,615.518834258525,5044,0.219178147054852,0.666218426668904,360.046322827125,798.917382999045,2094,0.356465833795208,3.65645425492946,488.091430914309,673.0016400164,2439,0.802780013533666,3.30984638010864,1012.70276162791,587.623546511628,1376,0.210894885936406,0.183881369208507,918.835925349922,719.038361845516,3858,0.484808537963558,8.16308587989614,256.177337110482,1003.44759206799,1765,0.846520386276215,3.34012997902245,305.416361416361,516.495726495726,819,0.992961015707367,1.97675693857933,,,,,,946.513418079096,621.631355932203,1416,0.0933113764307105,13.6102317853379,379.422717842324,673.092842323651,1928,0.629627393860386,11.4483311540458,849.309128630705,673.12102351314,2892,0.306323332967937,5.5720516713314
172.15135678392,614.060100502513,4975,0.232604039032563,1.4871913210685,367.507858546169,789.789292730845,2036,0.178755350448568,11.7896796916192,483.062208398134,669.772161741835,2572,0.815755130758147,5.97683938575344,1012.45683453237,586.787769784173,1390,0.232526204509407,0.871207710292484,920.292895254142,719.592811008144,3561,0.436206417144779,1.55890191344458,257.864250946458,1000.7041644132,1849,0.611878343113782,3.22057038225949,303.551724137931,515.29374201788,783,0.962493657957523,2.21847669924573,,,,,,947.832682291667,599.557942708333,1536,0.095190179103931,22.1128023871759,391.797116374871,672.977342945417,1942,0.688259180072058,12.3749375412036,851.055411535969,674.591704471808,3086,0.39424571941517,2.28306952750148
,,,,,,,,,,,,,,,,,,,,,,,,,,,,,,,,,,,,,,,,,,,,,,,,,,,,,,
