1,,,,,2,,,,,3,,,,,4,,,,,5,,,,,6,,,,,7,,,,,8,,,,,152,,,,,227,,,,,468,,,,
Velocity(pixels/frame),Tortuosity(pixels/pixels),Mean Area(pixels.^2),Mean Covarience,,Velocity(pixels/frame),Tortuosity(pixels/pixels),Mean Area(pixels.^2),Mean Covarience,,Velocity(pixels/frame),Tortuosity(pixels/pixels),Mean Area(pixels.^2),Mean Covarience,,Velocity(pixels/frame),Tortuosity(pixels/pixels),Mean Area(pixels.^2),Mean Covarience,,Velocity(pixels/frame),Tortuosity(pixels/pixels),Mean Area(pixels.^2),Mean Covarience,,Velocity(pixels/frame),Tortuosity(pixels/pixels),Mean Area(pixels.^2),Mean Covarience,,Velocity(pixels/frame),Tortuosity(pixels/pixels),Mean Area(pixels.^2),Mean Covarience,,Velocity(pixels/frame),Tortuosity(pixels/pixels),Mean Area(pixels.^2),Mean Covarience,,Velocity(pixels/frame),Tortuosity(pixels/pixels),Mean Area(pixels.^2),Mean Covarience,,Velocity(pixels/frame),Tortuosity(pixels/pixels),Mean Area(pixels.^2),Mean Covarience,,Velocity(pixels/frame),Tortuosity(pixels/pixels),Mean Area(pixels.^2),Mean Covarience,
3.58128636334365,46.7099859890554,2784.03529411765,0.415227712808737,,6.48658522488041,5.81539929496095,1928.48387096774,0.704317861804813,,9.6653532640748,10.7331550646644,3812.97674418605,0.602028605972453,,6.85206582199808,10.0087467704624,2514.92941176471,0.476260481804616,,7.90335946169358,67.0286194480416,2506.78823529412,0.733931506765787,,10.1119516248788,30.0152937140006,2532.12941176471,0.41599124680036,,14.163178003464,4.64142022176713,2776.8,0.639027183326129,,6.0289564131075,20.4862446727779,2246.41176470588,0.400231713272979,,17.4592070893428,24.7743508908981,3744.48387096774,0.506253537015189,,9.18756498628194,8.59221864219203,1631.50877192982,0.399374919002439,,19.9416338724989,18.9146492011277,3432.33333333333,0.53837797911565,
x(Pixel Position),y(Pixel Position),Area(pixels.^2),Covariance,Pixels/Frame,x(Pixel Position),y(Pixel Position),Area(pixels.^2),Covariance,Pixels/Frame,x(Pixel Position),y(Pixel Position),Area(pixels.^2),Covariance,Pixels/Frame,x(Pixel Position),y(Pixel Position),Area(pixels.^2),Covariance,Pixels/Frame,x(Pixel Position),y(Pixel Position),Area(pixels.^2),Covariance,Pixels/Frame,x(Pixel Position),y(Pixel Position),Area(pixels.^2),Covariance,Pixels/Frame,x(Pixel Position),y(Pixel Position),Area(pixels.^2),Covariance,Pixels/Frame,x(Pixel Position),y(Pixel Position),Area(pixels.^2),Covariance,Pixels/Frame,x(Pixel Position),y(Pixel Position),Area(pixels.^2),Covariance,Pixels/Frame,x(Pixel Position),y(Pixel Position),Area(pixels.^2),Covariance,Pixels/Frame,x(Pixel Position),y(Pixel Position),Area(pixels.^2),Covariance,Pixels/Frame
62.6283059328091,304.229807005004,2798,0.0734718220126372,0,61.8955665024631,961.470935960591,3045,0.544428687294826,0,110.298865538404,496.108796726799,5377,0.525461552303667,0,466.225266362253,120.518645357686,2628,0.19689983103842,0,579.720773243326,320.389690088984,3259,0.631536038340255,0,792.039398652151,719.675738724728,3858,0.503730724591829,0,844.705283885789,580.561207745323,3047,0.343867443776812,0,968.588042049934,711.666228646518,3044,0.342858423699403,0,,,,,,,,,,,,,,,
63.5497745404093,304.835934790149,2883,0.0842392566485913,1.10294845152348,64.0852067721343,963.917846239245,3603,0.562861494283809,3.28357951363271,109.851284016865,499.240896895362,5218,0.479247620329246,3.16391856474458,467.589411764706,124.456470588235,2550,0.199492336337555,4.16741649291034,576.126188966392,316.363982244769,3154,0.653010444155522,5.39697691036054,791.615591397849,727.618548387097,3720,0.404147752773777,7.95410824174658,832.283939393939,588.099696969697,3300,0.35080067920125,14.5299214991413,968.090188305253,716.397092831186,3027,0.337069028474124,4.75698794247685,,,,,,,,,,,,,,,
60.6116377901275,306.771820856489,3059,0.0906619902708721,3.51856539305516,60.9851343624929,968.69897084048,3498,0.859327082056867,5.69821036796263,112.701868989294,501.695155144257,5511,0.447449944917435,3.7615446610812,469.027742749054,126.936107608239,2379,0.181677298960478,2.86660003689181,577.959907223327,318.72365805169,3018,0.686564011651032,2.98840970410453,795.333427922815,727.157775255392,3524,0.474561036834094,3.74628086310529,844.31210821511,588.485978225008,3031,0.394201046944879,12.0343698795906,971.685053929122,715.638828967643,3245,0.338044056586365,3.67396556059407,,,,,,,,,,,,,,,
59.4358097606466,306.298414672055,3217,0.0922970309269795,1.26755077625068,67.9873586161011,969.712574850299,3006,0.666829720588676,7.07520583351053,114.571264807031,502.318494459305,5234,0.450472126394013,1.97058179862088,468.611516626115,124.510543390105,2466,0.165282746539818,2.46101726156188,577.778136085134,317.193163495647,3101,0.571968860224061,1.54125089870474,793.322168606301,727.138802157252,3523,0.417513639275701,2.01134880533319,845.851418002466,588.619605425401,3244,0.380231015697887,1.54509897745532,972.795385137428,715.900916185952,2947,0.287042974284596,1.14084403059294,,,,,,,,,,,,,,,
59.2646023926812,307.532019704433,2842,0.107254336226528,1.24542897780477,65.7227611940299,967.863432835821,2680,0.706773372181607,2.9236497180342,114.965938176806,505.027761370349,5079,0.422482491781763,2.73786308351746,470.023411371237,125.799331103679,2392,0.176540705117095,1.91165387608788,571.974320241692,314.559290030211,2648,0.494990093347842,6.37350514054166,788.254978962132,732.499298737728,3565,0.30764782007927,7.37640389887038,849.240995076445,588.185281160923,3859,0.235687390310133,3.41728990680563,971.389710827169,716.19737726967,2974,0.339969151614194,1.43659647802784,,,,,,,,,,,,,,,
63.8616766467066,308.756886227545,3340,0.0639336675498936,4.75745622118186,66.9768740031898,971.268740031898,2508,0.741675963299324,3.62890011405014,114.873262923847,505.110431721327,5397,0.391241829637075,0.124189731628787,469.520032051282,122.413461538462,2496,0.225836079996538,3.42308390963823,577.892621870883,321.043807641634,3036,0.45611044714916,8.77925183753884,782.620245925079,734.025450386045,3497,0.240977069014937,5.83775258575772,875.921507509209,578.791725701332,3529,0.263136189526633,28.2858379378678,973.031619290961,718.571382944746,3131,0.257267876574037,2.88647992349938,,,,,,,,,,,,,,,
71.1864406779661,306.9270449521,2714,0.0634621340957224,7.54986670127057,58.9362445414847,955.941484716157,2290,0.782314157327475,17.3082777206266,116.102866436268,502.251880463509,4919,0.516882769583069,3.11179049605367,471.732991014121,122.563115104835,2337,0.242159117981906,2.21801342672586,578.674741717136,325.001425008906,2807,0.480396703682191,4.0341599719942,779.438309685379,735.684145589143,3242,0.186062525841136,3.58831269683805,865.727601558153,581.830550918197,3594,0.266742665902409,10.6372072104311,973.027972027972,716.858041958042,2860,0.275074523084961,1.71334486874287,,,,,,,,,,,,,,,
66.4822090437361,308.983691623425,2698,0.0740218132061907,5.13415921053881,66.9340974212034,962.172277936963,2792,0.490320585970324,10.1384631402427,116.829749103943,506.643767423337,5022,0.954773283468585,4.45163222655217,472.57075064711,121.885245901639,2318,0.275120289504672,1.0776585077413,576.795180722892,320.056354450058,2573,0.632349914326252,5.29022422616184,779.324495677233,742.499135446686,3470,0.240405817919832,6.8159401689619,867.478635204082,579.20631377551,3136,0.435123850338039,3.15479625494781,975.781559814937,711.516523463318,3026,0.286018902517318,6.00949794325645,,,,,,,,,,,,,,,
71.0492628550881,308.694354548723,2781,0.0562220646740098,4.57620983550596,67.8997545008183,972.619476268412,2444,0.83024723886471,10.4917322960537,116.371094537392,507.620439427535,4961,0.717232988546246,1.07900519702235,475.561787905346,123.43689745837,2282,0.300689637675669,3.36955878916864,578.033965244866,321.802132701422,2532,0.690083954364526,2.1406374739354,779.144213104715,744.12676056338,3266,0.287157133782066,1.63757910540169,863.591426303255,578.812913469172,3779,0.217651793690948,3.90706499046213,977.696806602081,708.345532831001,2787,0.356968596169618,3.70450426452801,,,,,,,,,,,,,,,
67.1960784313726,308.71568627451,2856,0.0643387093383439,3.85324347085532,59.3792156862745,965.660784313725,2550,0.953196908906876,11.0010442872653,114.556934306569,508.503467153285,5480,0.598111689781347,2.01765093798214,473.564827276806,122.164199192463,2229,0.335894331474016,2.36803982820879,571.910565541429,313.928101709776,2281,0.695261937890002,9.97478761605675,777.257359924027,743.36277302944,3159,0.238303811258782,2.03565514699608,843.530902876673,583.81458273996,3511,0.182230758919057,20.6746534588316,977.692624356775,703.245283018868,2915,0.470229060183876,5.10025152687002,,,,,,,,,,,,,,,
70.6908383445348,306.061903077467,2827,0.0839256748890124,4.38815588915791,63.4971169686985,967.34431630972,2428,0.610214455648884,4.44875161740083,118.068181818182,505.457519116398,4708,0.662016683005166,4.64829630415495,475.196988196988,117.319088319088,2457,0.326514730720814,5.11263617370376,569.12380952381,306.555555555556,2205,0.644224544480956,7.88165248522515,784.540478248343,732.762604436762,3471,0.312464981702546,12.8610803091807,838.418539325843,582.954213483146,3560,0.134074317962596,5.18425465558274,974.567024593003,706.464842396952,2887,0.343038469136475,4.48719695046938,,,,,,,,,,,,,,,
72.6038374717833,303.643717080512,2658,0.0853053791421649,3.0833730193938,63.1497005988024,972.081961077844,2672,0.831828797821106,4.75036588938242,124.168339187155,496.602860010035,3986,0.819523517051634,10.7525302983125,475.219478098788,116.027493010252,2146,0.296735802234445,1.29179109669169,575.189063162357,312.050021195422,2359,0.604255690251426,8.18391436707292,797.193900391718,717.103245663123,3574,0.655130617620432,20.1326751610408,829.169712793734,579.354569190601,3830,0.0783491849547963,9.92462751209843,977.3037884203,696.780914939242,2798,0.480676376957095,10.0632165460445,,,,,,,,,,,,,,,
79.9196646873908,305.255675864478,2863,0.0567320577577857,7.49131089795571,52.6498054474708,963.263813229572,2570,0.499987787627066,13.7115837766083,124.777360850532,499.208880550344,3198,0.885150702756037,2.67623811402753,475.339715048976,115.06856634016,2246,0.234544942270466,0.9664353484858,582.360977738979,322.587516368398,2291,0.735666388497559,12.7465745678931,811.379566563468,712.374922600619,3230,0.911201836879993,14.9529316095447,797.531718569781,582.353171856978,4335,0.0644644522912346,31.7797781059855,974.30230125523,698.101813110181,2868,0.406826231377249,3.27928302835705,,,,,,,,,,,,,,,
85.2703954399715,308.72426077663,2807,0.0428222611709542,6.37662927254055,55.1631578947368,975.747368421053,2470,0.768468991176327,12.7340524085196,121.954455445545,499.573974540311,3535,0.96289618829107,2.84641679081176,478.3728,125.4176,2500,0.191170632652447,10.7843452287389,582.755421686747,323.278714859438,2490,0.808612069275402,0.795827482527851,818.610486891386,711.962546816479,3471,0.723087799783851,7.24266957523583,794.618619934283,583.655421686747,4565,0.0540206914314081,3.19092436125883,975.981499513145,691.075949367089,3081,0.673164847813454,7.2237433596363,,,,,,,,,,,,,,,
80.2576478585996,307.380693405846,2942,0.0760990608834704,5.18968318824799,57.2657882780554,971.305315765561,2201,0.854580354101097,4.91455860917481,121.820096269555,502.222322503008,3324,0.583449387480411,2.65175400814165,478.099957645066,123.882253282507,2361,0.224429374601788,1.5594013253686,579.654863654864,321.01628001628,2457,0.904815959513013,3.8382380760722,827.167928231006,705.763106251752,3567,0.390130353694369,10.5670651363865,742.957896742237,575.236425985902,5249,0.178514440208281,52.3422373359799,970.567218543046,698.015894039735,3020,0.327811925748809,8.80211738632067,,,,,,,,,,,,,,,
91.6133816743573,307.579433091628,3034,0.063537478279583,11.3574727803789,59.3101123595506,969.111610486891,2670,0.923361800934882,2.99860030678382,121.623513139696,501.722544951591,3615,0.495249584668191,0.537049837395346,478.981818181818,128.48023715415,2530,0.222705138103315,4.68178744606893,569.936003683241,308.888581952118,2172,0.606200112393857,15.541470312795,831.795636910732,693.658726178536,3988,0.445461140000066,12.958846576038,730.793066666667,580.2784,3750,0.136985897769082,13.168317763721,968.866453674121,700.202555910543,3130,0.289899352537768,2.77021502353418,,,,,,,,,,,,,,,
89.5076923076923,305.139212007505,2665,0.0638542443493752,3.22313615106267,63.7099397590361,971.434638554217,3320,0.644022796199229,4.97543370439664,118.510493644694,514.51256281407,3383,0.766282866325196,13.1634132085418,479.771626297578,116.232698961938,2312,0.547840850192056,12.2729779853719,569.576706827309,307.755421686747,2490,0.6516709752324,1.1887583512632,835.549684358195,692.339724105682,4277,0.443321022313361,3.97902484360115,691.044619422572,576.047244094488,3810,0.337228294846985,39.9730126286887,969.980234712786,693.578443483632,3238,0.362324467247724,6.71709562582278,,,,,,,,,,,,,,,
70.5086100861009,304.193419434194,3252,0.0744310542655145,19.0226088866517,66.0600600600601,970.12987987988,2664,0.534378453985262,2.68802169402377,132.18164110056,530.128317506696,4107,0.984406050658156,20.7545673860065,478.601440576231,113.99599839936,2499,0.371526941060402,2.52431456619056,581.751232631107,327.082025997311,2231,0.642056547407957,22.8415567053657,835.597593582888,691.418181818182,3740,0.418158531949122,0.922786801737486,680.210100356102,529.408870184526,3089,0.60370877623643,47.8803166694536,973.426524614254,692.335782512858,2722,0.613492682215338,3.66348473086062,,,,,,,,,,,,,,,
69.9416112342942,307.20177383592,2706,0.0790299419278722,3.06132061442984,65.1010493587252,973.497085114652,2573,0.741866174049347,3.50111019797322,108.844907407407,516.025462962963,3024,0.761458426677189,27.2670798903516,477.586606035552,119.013228606862,2419,0.291287737164905,5.11883659634012,581.908355795148,326.826338082403,2597,0.650443291671917,0.300106645225026,849.613111111111,688.400222222222,4500,0.42419410793293,14.3367643388173,611.07761732852,496.988267148014,2216,0.943451190402089,76.3570279071287,970.553047404063,699.032570138665,3101,0.379476471132567,7.28723787059584,160.809670206819,538.433482392398,3578,0.232970109143926,0,,,,,,,,,,
65.0574789915966,305.575798319328,2975,0.0761651396310848,5.14767366338578,66.8229166666667,978.623456790123,2592,0.458750392560772,5.40781966981446,132.117730900798,510.619156214367,3508,0.515601197690314,23.8925190386956,481.157368859284,123.911740216486,2402,0.211014739413514,6.0618283655154,576.955139372822,322.226916376307,2296,0.483174703444164,6.75936631326552,853.160613810742,684.477749360614,3910,0.778933696890033,5.28872089960704,596.942670786131,499.51596292482,2913,0.352668441202031,14.3591768460545,969.724550898204,697.733060195399,3173,0.376628787662493,1.54114650597193,157.072629455279,550.546738399462,2974,0.985505344758413,12.6766101411752,,,,,,,,,,
64.1517615176152,308.485433604336,2952,0.116877746484243,3.04734337324183,67.4913657770801,989.285086342229,3185,0.374434399071052,10.6825637802705,137.465835140998,513.512472885033,3688,0.725301715356264,6.08058387992405,484.034441329595,129.086503804565,2497,0.262713246984262,5.92078746383749,564.897748592871,304.824577861163,2132,0.502255102767759,21.1712554709471,851.110764430577,682.322932917317,4487,0.76607521306793,2.97407403836284,617.058058663441,503.656486241306,3307,0.704402340384081,20.5371069722345,970.326958440603,699.926075763148,2719,0.458700037762305,2.27424979444466,162.007672634271,555.522591645354,2346,0.939620924742987,7.0081214817644,,,,,,,,,,
60.0457682528151,305.694151834363,2753,0.141997962870042,4.96492040318573,63.7640364188164,990.583080424886,2636,0.252019205705609,3.94686873148665,109.639358474209,523.76159514521,2307,0.781589683164619,29.6539594454335,488.32101910828,138.752866242038,2355,0.190646698607023,10.5741813784944,564.900584795322,304.946336429309,2907,0.55117034284201,0.12179159643076,841.288915375447,673.784743742551,4195,0.350066564023205,13.0141996775005,636.387034349298,535.042089985486,4134,0.393711276686868,36.8600789940979,968.022222222222,704.451965811966,2925,0.298738689231323,5.07892604497276,157.250775471248,534.589596754951,4191,0.243255042582122,21.4666798946927,,,,,,,,,,
62.4301109350238,304.943264659271,3155,0.0856520673992232,2.49978430587899,60.7669172932331,1001.81114551084,2261,0.223059610875002,11.6211948020528,132.694117647059,506.995032679739,3825,0.531532522419853,28.5068331707797,489.969399319985,147.417453721194,2647,0.133678573092653,8.8199905615754,564.143427741467,310.944807552651,2754,0.522569291720323,6.04606836065973,840.669886899152,673.375353440151,4244,0.333093561207648,0.742156771958262,631.577035867358,557.131739228513,4433,0.336718292741832,22.6072707126765,963.927019137204,703.732403503081,3083,0.501043313034208,4.15793917991947,151.723250201126,550.061142397426,2486,0.652262430711984,16.4293110074343,,,,,,,,,,
64.800583302953,305.106817353263,2743,0.104516151253724,2.37610789545169,67.9137001078749,1009.98274002157,1854,0.140865208589006,10.8559412971699,137.524082182553,525.848770629842,5938,0.709479767116685,19.4625792767889,492.00654853621,151.263482280431,2596,0.188469284775886,4.35223076222255,569.276145710928,317.601645123384,2553,0.766365854686137,8.40584797609144,837.794636556104,672.651611385556,4251,0.298724293379634,2.96493964471149,647.793711829903,568.248812485863,4421,0.952726573485187,19.6613808539339,963.805168986083,707.115308151093,3018,0.256915488280122,3.38509842055882,,,,,,,,,,,,,,,
62.1630546955624,303.378740970072,2907,0.128727687884552,3.15322139104514,61.5225531914894,998.584680851064,1175,0.965861320746902,13.0676130858431,128.368064952639,541.784844384303,2956,0.469706682816376,18.3790940533565,490.966898242746,152.360441356763,2447,0.142698824512013,1.51135434225248,570.915445321308,318.239383690342,2661,0.839798405618179,1.75898086754107,839.663179440528,657.478053218103,4397,0.176756185802173,15.2881758222494,652.658080808081,562.432323232323,3960,0.74984853109835,7.58245559119237,965.49906050357,702.836151822623,2661,0.363670380908234,4.60222200208786,137.91446923597,497.331981068289,2958,0.373327798457137,54.5073103924393,,,,,,,,,,
59.448021462106,300.681086519115,2982,0.143960951009954,3.82736789393757,59.5775492716367,994.491002570694,1167,0.8888577097696,4.53224471000999,128.7851809305,545.468408960368,3482,0.551442685513767,3.70710584216633,493.595501183899,157.705603788477,2534,0.207138711289084,5.95653547321232,566.473312124426,314.620360551432,2829,0.630839688998637,5.72973610376706,839.583497483038,663.953600350186,4569,0.182558204497041,6.47603735892362,659.226025940889,562.533489262173,4703,0.563605570960776,6.56872421655615,971.154914139569,698.661673364998,2737,0.699082919070093,7.02957685390917,134.348996832101,491.670010559662,3788,0.509687611436978,6.69107640842008,,,,,,,,,,
64.1880108991826,302.417915531335,2936,0.144188035186662,5.04817540120075,61.1689655172414,993.733620689655,1160,0.940162198311317,1.76245084484663,130.912624284423,544.160590539319,3319,0.497801063211095,2.49727936895061,495.93516773464,158.595175273276,2653,0.204847843001874,2.50307350975227,562.55728225515,313.746295627033,2767,0.690709392259754,4.01239073734383,815.538926986688,715.11617587737,2479,0.785714176269889,56.530969432062,654.2625,565.45162037037,4320,0.732142929190998,5.75778420318999,961.713707165109,701.063239875389,3210,0.515329778780361,9.74186382774994,142.082970893275,492.089996654399,2989,0.510008088074287,7.74536913895551,863.599942313239,583.061147966542,3467,0.228304763358581,0,,,,,
58.1019767806715,301.521179792909,3187,0.183398400345608,6.1517433525995,60.4073410922113,995.871083258729,1117,0.968179460636656,2.26910070269988,124.232506272651,545.974073041539,3587,0.357307709831702,6.92189969856942,498.869238313174,178.379208891795,3059,0.133955511375858,20.0004189050759,572.948888021849,327.937182988685,2563,0.91898536731785,17.5888247055226,807.511128465443,720.104256149941,2561,0.921441584946864,9.45126943343165,649.099816289039,553.575831802409,4899,0.860208126382829,12.9494269066379,959.792234736218,702.522821576763,3374,0.270748546182382,2.41297224144287,134.932129514321,498.864881693649,3212,0.361326204824599,9.8505634215514,892.031503150315,573.631863186319,2222,0.641197644824989,29.9543830365257,,,,,
53.992492962152,298.005004691899,3197,0.202320623225739,5.40845121967799,60.6783831282953,993.048330404218,1138,0.993652252957476,2.83573578863993,119.145846958797,540.908763897973,3058,0.849174036961984,7.17854161338643,502.211206896552,179.121408045977,2784,0.188075394749866,3.42339211846247,576.399934704538,324.43323539014,3063,0.787199330003838,4.91806587790812,796.202322465386,721.347476552032,2239,0.718121911007825,11.3769367632547,687.674186046512,529.368372093023,4300,0.534469350648588,45.5410046855333,960.966013071895,696.912745098039,3060,0.301712141932327,5.73155421141953,134.948367952522,487.006231454006,3370,0.58904960499769,11.8586613575503,895.694396302715,564.990756787984,1731,0.885837127345987,9.38538789998799,,,,,
50.7813630041725,301.58331015299,3595,0.146454058987067,4.80787121082831,61.4576697401509,996.241408214585,1193,0.848465085152333,3.2867968489818,,,,,,503.320930232558,188.058294573643,3225,0.176927086288585,9.00552201101427,566.388482341712,318.433025771556,3143,0.37014395283033,11.6718333555656,799.467870642587,715.679546409072,2381,0.764472571164861,6.54134825575723,701.022410358566,533.445219123506,4016,0.64118074011868,13.9569256641592,958.480115458627,709.780628608082,3118,0.443749837981907,13.1058045526281,132.613346613546,511.231673306773,5020,0.374053704221484,24.337714716367,901.16223265519,560.349504434011,1917,0.880734177830155,7.17206091655002,,,,,
42.9137931034483,297.908739595719,3364,0.391647662778357,8.68338211315976,62.2749576988156,996.664128595601,1182,0.739854589047453,0.920137015832008,,,,,,505.185346269655,188.170291067247,2989,0.208011690548699,1.86777685336469,566.680983328624,334.639163605538,3539,0.110430100585937,16.208777261761,801.442307692308,709.408026755853,2392,0.446761623986887,6.57497988012294,699.672826416238,526.292032717358,3301,0.631682623388205,7.27938545335284,953.607835820896,711.905223880597,2680,0.37132906310435,5.31535642645426,129.184997978164,511.039627982208,4946,0.349167601630994,3.4337233104038,912.619225967541,560.375156054931,1602,0.492536409997222,11.4570220286465,,,,,
46.7495521318524,298.582945180939,2791,0.701279176888708,3.89456037250991,61.5282224094355,995.327716933446,1187,0.839669111639665,1.53088527432638,,,,,,506.505144032922,196.261659807956,2916,0.29665168969388,8.19829947208897,562.382352941176,307.939446366782,2890,0.473923321165513,27.0435412591884,799.55831643002,710.158722109533,1972,0.545462096395849,2.02804501686055,685.928929519316,510.138012385727,3391,0.648247044237901,21.2095986474986,952.696536951089,717.48161370939,2801,0.25538148395821,5.65036186033886,131.242036836403,511.894691224269,4615,0.201920605239377,2.22767637062214,899.937601736299,567.027672273467,1843,0.797762253422389,14.3205993303452,,,,,
43.4620689655172,301.811034482759,2900,0.819109009266187,4.60739689081164,63.668499607227,996.327572663001,1273,0.931069070498541,2.3623077621915,,,,,,515.69717847769,202.465879265092,3048,0.640446583519564,11.0898979393911,573.873782295637,326.250317662008,2361,0.947548124095868,21.6180701312324,809.01261829653,710.98054679285,1902,0.315211142707686,9.48995361385894,651.484725050916,481.037881873727,2455,0.61675089807414,45.0912498970291,953.252642706131,714.098837209302,1892,0.242394911791799,3.42818180094537,132.409930715935,511.288491147036,5196,0.203017445920172,1.31584750160713,891.916532905297,584.318352059925,1869,0.382032893529635,19.0605653816855,,,,,
44.1581102362205,300.366614173228,3175,0.739281648048327,1.60337877031774,61.3413793103448,997.022413793103,1160,0.904912560408266,2.42864016936297,,,,,,523.155783582089,206.93065920398,3216,0.868842771708336,8.69281599978217,570.25841816758,322.482380579483,2554,0.816640675216296,5.22189693849895,852.612859097127,657.870041039672,4386,0.437976913979526,68.714676883679,629.576283987915,464.270392749245,3972,0.692300108524246,27.5885570726457,949.326118326118,717.614718614719,2079,0.717381364104324,5.27058021130367,123.451428571429,503.52,5075,0.20045832128951,11.8576648364976,,,,,,,,,,
42.9799547365018,302.168444875525,3093,0.630712610499631,2.15282239426702,60.8820132013201,992.871287128713,1212,0.881228858448708,4.17646618637508,122.75496031746,530.96164021164,3024,0.639972369270668,10.5816335632491,517.872536687631,205.621383647799,2385,0.513724839771357,5.44305982236267,561.474106784424,312.484142914492,2491,0.478480997938997,13.3089775295435,852.206181015453,651.825165562914,4530,0.371904013634745,6.05853997194233,582.277383066903,423.880994671403,3378,0.72779393169672,62.1971824556873,950.063197026022,730.091284593143,2421,0.270868007247186,12.4983192319542,123.372100840336,481.041344537815,2975,0.830388413065993,22.4787954365116,,,,,,,,,,
41.8092909535452,301.708347886832,2863,0.665168879148239,1.25783263263873,61.7195442594216,992.98773006135,1141,0.992041532450637,0.845586914424267,122.072385204082,523.062181122449,3136,0.349920855371601,7.92889416546903,514.629394166043,204.086387434555,2674,0.505238093347388,3.58806170376186,565.682366679642,312.268586998832,2569,0.475749528489337,4.21377689234675,825.534893267652,701.347701149425,2436,0.267351735836333,56.2480143742272,602.183557394002,436.855739400207,3868,0.557845478884836,23.7613084050196,947.502609393818,722.456443195504,2491,0.0990258029441755,8.05278909380531,127.022348232155,478.633755837225,2998,0.385466085896523,4.37273248354948,896.894957983193,573.555555555556,2142,0.567222370684491,11.8584360204328,,,,,
40.3137068692624,302.785375118708,3159,0.870524778662808,1.84302995400604,59.9396628216504,993.334516415262,1127,0.908605701302697,1.81335013380813,106.83569247849,531.631973355537,3603,0.415580648076275,17.4813656254993,510.367780097425,194.886221294363,2874,0.231403702528843,10.139251031362,565.093653250774,316.354876160991,2584,0.552209474224932,4.12847945593815,818.751663893511,699.792013311148,2404,0.262751028320922,6.95933656265984,605.198059360731,445.159817351598,3504,0.699411209996058,8.83430431500945,946.746447270007,729.3373223635,2674,0.116345491821177,6.92230303309919,127.501503307276,490.033373421527,3326,0.41740566211985,11.4096831969321,899.013452914798,576.602889885401,2007,0.744714817070323,3.71137000218123,,,,,
44.9625130163138,309.423464074974,2881,0.485227008539351,8.10404982611517,60.7281385281385,995.167965367965,1155,0.960100480916693,1.99580284644852,146.998427178358,521.499213589179,3179,0.38843047638355,41.4212273967671,501.637049455155,156.440486169321,2386,0.327739727195004,39.4246142257953,567.83970856102,320.016393442623,2745,0.668668235029775,4.57684701193104,815.505872483221,700.662332214765,2384,0.256352274193955,3.36044890946155,587.434003771213,429.452859836581,3182,0.673675074305804,23.712237038416,947.690605239386,726.523035230352,2214,0.310150164268488,2.96844173581745,106.745554035568,500.96853625171,3655,0.346865414829481,23.460332825694,898.720738222438,575.826129188927,2059,0.560073601979206,0.830083773309007,,,,,
45.4960844399047,310.203609124957,2937,0.432658178229314,0.945158591500113,61.3574007220217,998.726353790614,1385,0.417225709552692,3.61359918572723,116.677871148459,533.157796451914,3213,0.362109892563181,32.4847452249434,497.181776346065,148.705476300046,2173,0.403147622516552,8.92635626414048,568.979514415782,328.93626707132,2636,0.956101030168005,8.99240251203632,820.987590072058,706.268214571657,2498,0.291844011275211,7.84060869595417,579.910341034103,433.157315731573,3636,0.662738314442822,8.38620858670442,943.624446714334,737.340143003064,2937,0.154072753307233,11.5561008007595,131.65760197775,489.77935723115,3236,0.448261267588975,27.309482965222,895.905368013282,581.912562257886,1807,0.485451853516181,6.70604033074115,,,,,
46.8615492464073,307.551349456712,2853,0.400905293862761,2.98311506408947,69.3701149425287,991.695785440613,1305,0.26091839888867,10.659853681151,110.92869928401,530.589797136038,3352,0.596469365402568,6.29663383192327,500.80108401084,155.387533875339,1845,0.567300776675216,7.59929479700743,561.125,317.016228070175,2280,0.539385101995839,14.2751786852751,827.341190108192,710.795595054096,2588,0.565992842859305,7.80162851281233,587.064463484292,458.224398204814,2451,0.747464761190703,26.0679897911705,939.439594972067,749.543994413408,2864,0.168571316149375,12.9014329960087,124.296346876067,478.097644247183,2929,0.802213501642484,13.8076245209603,899.294162826421,603.533794162826,1302,0.906969470170669,21.8851913259349,,,,,
44.6217201166181,306.287172011662,2744,0.525777670838163,2.57196017528002,71.7222982216142,988.178294573643,2193,0.603059230093621,4.231490065878,119.044771346338,533.954589063,3127,0.451915419115651,8.7859234251534,501.607772254858,167.453230908269,2213,0.354036330461507,12.0926337418077,564.011925042589,321.479982964225,2348,0.627584475090424,5.31596124474962,840.919889502762,710.261510128913,2172,0.391413148906567,13.5891987974061,589.224910749703,457.471638238794,2521,0.838071156566542,2.28783302560789,940.889678030303,745.576231060606,2112,0.267164282219163,4.22443924084845,132.214488188976,489.902047244094,3175,0.409851072665423,14.2141089050524,890.227738376675,610.219858156028,1269,0.440973821552582,11.2651455394127,,,,,
47.2162512139851,305.609582389123,3089,0.342378259149853,2.68155166121731,68.7790032679739,983.177696078431,2448,0.705379471770619,5.80249691895146,118.058625525947,532.234221598878,3565,0.395736381650612,1.98296439470924,510.598952487841,180.538720538721,2673,0.424873619171411,15.876755362814,566.602539438245,324.655636783378,2599,0.770148865066049,4.09829966279722,800.425336597307,722.905752753978,1634,0.828212285374083,42.4227024902258,586.030291109363,459.633359559402,2542,0.639673426454572,3.85728320381275,941.741414835165,763.948489010989,2912,0.11425038706126,18.3919905877577,124.247159090909,483.448579545455,3520,0.432593374211698,10.2530765282572,888.803754266212,595.222411831627,1758,0.241006928816097,15.0648971785458,,,,,
45.2766277756869,305.284531426421,2657,0.417816235600167,1.96667160724646,75.8052193645991,989.259455370651,2644,0.973074093946491,9.29276647317526,114.989313471503,531.156411917098,3088,0.6443859275945,3.25305244312072,513.398050682261,176.003898635478,2565,0.59480960024017,5.32912379253254,566.139946855624,320.890611160319,2258,0.907974540776169,3.79333755943091,782.668406072106,729.309297912713,2108,0.47975347746292,18.8762806791163,597.543460264901,468.239238410596,2416,0.851058155596399,14.3740813551844,935.739652870494,751.931019136627,2247,0.256861232142459,13.4328228180743,127.752518468771,481.230691739422,2978,0.644030574611005,4.14808036181923,896.103303303303,578.788588588589,1665,0.215219291711336,17.9820455601783,,,,,
45.8952933151432,307.674283765348,2932,0.305121854210907,2.4685346445044,75.5178036605657,987.565058236273,3005,0.950022669584072,1.71860101126247,114.865445579429,530.966185276506,2839,0.566906855636828,0.22700094598442,514.836308393468,173.023927079377,2633,0.513652834342938,3.30889947248511,566.073191857947,322.637072325682,2309,0.71530220639802,1.74773648810022,787.520591341077,727.468321013728,1894,0.347287658229114,5.18969149632399,594.645070422535,466.030046948357,2130,0.931126559672364,3.64433678399208,936.565639510342,755.79864921908,2369,0.323866878955763,3.95484720108185,136.339452603471,490.538384512684,2996,0.491004827016117,12.6636717659255,894.354691075515,572.934210526316,1748,0.159607389066898,6.10994167068652,,,,,
43.5085020242915,307.147773279352,2470,0.332992989927305,2.44417388046537,66.7778745644599,974.156794425087,2296,0.916799152587166,16.0052459848423,117.098057354302,532.804502004317,3243,0.463978826262387,2.89205181991062,517.126803672934,163.435067774377,2287,0.972488731528004,9.85863030021653,570.907864122848,325.094462540717,2149,0.805293405583623,5.4233589755748,781.1446787641,729.906326630701,2039,0.562445050842812,6.82613599173425,603.420371867421,482.710185933711,2474,0.942613274470375,18.8476245723257,938.993097100782,761.456051541648,2173,0.220583906741587,6.15619617887382,130.338086956522,489.532173913043,2875,0.605233255527707,6.08513347423163,890.267418712674,568.917053749171,1507,0.152230516589654,5.73091126612564,,,,,
41.7660910518053,305.205259026688,2548,0.490482543755376,2.60947458674067,69.1283440568913,961.522858110396,2953,0.655794808287696,12.8507219111813,,,,,,518.037612428455,157.000408830744,2446,0.964141400255489,6.49880052855963,567.007627118644,319.048728813559,2360,0.908473416913873,7.19463306838144,815.33149448345,715.208124373119,1994,0.140364479700317,37.212572050768,620.975273145486,506.336400230017,3478,0.408418506574446,29.4342073251107,936.718161683278,757.940199335548,1806,0.256001786974531,4.18766616254798,122.936162810924,505.272743085754,5749,0.622298276490911,17.3940794219779,891.32281205165,579.129842180775,1394,0.14715166961064,10.2671759821609,,,,,
47.6494607087827,305.751155624037,2596,0.340249670247168,5.90864126645374,67.0852592129919,963.864772017489,3202,0.693509743439912,3.10785399071549,,,,,,517.798180314309,157.751033912324,2418,0.962857503774044,0.787886889332029,570.336609336609,324.076986076986,2442,0.897856043515336,6.03038089300606,823.219512195122,714.538802660754,1353,0.172080580063281,7.91636374696675,612.684345047923,492.015335463259,3130,0.532092540152115,16.5478815796054,936.109792284866,761.036795252225,1685,0.244325701265763,3.15579143735863,121.961505413301,499.487712665406,5819,0.852788625598498,5.86656066252511,888.100172711572,589.351468048359,1158,0.226907340046888,10.717604195579,,,,,
47.0783300198807,304.270775347913,2515,0.344565401743334,1.58673123929163,66.8056379821958,964.972551928783,2696,0.980128826208191,1.14252543279312,,,,,,516.172095284395,156.907632474477,2057,0.856567277749429,1.83179652523806,575.637415621987,327.5337512054,2074,0.65857503773216,6.32833093541373,836.589818607373,706.230544177882,1709,0.31951462885867,15.7414183787767,612.440080563948,491.708962739174,2979,0.503786598925643,0.391828258545643,935.813137032843,760.81993204983,1766,0.258525839330038,0.367469709100636,122.959209344115,500.791374663073,5565,0.465118692290112,1.64162959821044,881.876497005988,601.160179640719,1336,0.234228239251786,13.3484009813832,,,,,
44.3044145873321,304.570825335892,2605,0.39124651582713,2.79009620304003,69.0145388459791,961.783734666061,2201,0.534162554585766,3.87914920582579,,,,,,513.143442622951,154.328381147541,1952,0.997465112406704,3.97809933902798,563.365780230808,319.050175614651,1993,0.984871704263915,14.9185820364397,835.973460190285,703.582874311467,1997,0.197815354841108,2.71846526919775,611.967827403482,492.294095382286,2642,0.556070457080357,0.751933014040928,936.480304955527,759.586404066074,1574,0.22624407665797,1.40239235728436,129.670403212314,496.852099715576,5977,0.362483793742853,7.78190273959539,878.954954954955,603.126126126126,999,0.305641644250833,3.52141357120131,,,,,
50.188,305.4436,2500,0.255663515435414,5.9479671252006,69.6341591987348,965.62836056932,1897,0.261362101983606,3.89423647427318,120.624758966448,535.04126494408,2593,0.689336247050534,4.17621032873291,517.263420033204,162.94465965689,1807,0.528620436410186,9.55062663973759,576.135617081183,326.328953542938,2131,0.725236324343825,14.6986169864548,826.266819571865,708.593272171254,1308,0.346532975260462,10.9235048774885,611.058933233868,491.263707571802,2681,0.330234997875198,1.3739678495344,931.755839822024,762.090656284761,1798,0.432431747156069,5.3471347441863,126.497385241139,475.352120859965,3442,0.38752930011588,21.732858390859,872.633011413521,615.107989464443,1139,0.352092085067119,13.5473989828001,,,,,
50.1222765673633,308.846153846154,2249,0.358814685237508,3.40318854099711,72.5014409221902,975.057636887608,1735,0.318108521006813,9.85558503429855,123.641104294479,542.988606485539,2282,0.757607579110335,8.50050449764757,519.504232804233,162.720634920635,1890,0.502364009077267,2.25198333858387,576.257510729614,329.825751072961,2330,0.546360354486341,3.49892140916432,806.496021220159,715.419982316534,1131,0.600547498906442,20.9162242976954,606.003118908382,474.296296296296,2565,0.279651643961993,17.704640744334,933.382269904009,759.158102766798,1771,0.133385497690346,3.35337813962255,132.272476558191,485.736900165472,3626,0.531244548489029,11.8825637361793,873.367562380038,614.776391554703,1042,0.324597422451977,0.805929461030014,,,,,
47.570351758794,305.950251256281,1990,0.438649933266084,3.85986684208424,80.1167477414871,974.312022237665,1439,0.28109935486407,7.65172131995411,110.341644204852,534.830862533693,2968,0.752152445588632,15.6020647691086,517.372193024367,164.777830864787,2093,0.358460702417403,2.96270970153469,571.819812126388,322.871904355252,2342,0.904539756162069,8.24919105527771,793.392099056604,711.959316037736,1696,0.93167284789452,13.5531910324369,605.365173674589,461.118372943327,2188,0.400657317364253,13.193355828524,932.799848369977,761.51326762699,1319,0.17247407491121,2.42611136636098,124.519301211609,486.079459002536,3549,0.354382466687305,7.76073930187691,875.856736242884,611.260910815939,1054,0.425922746644216,4.30750407360113,162.466666666667,521.533333333333,15,0.107806691449814,0
47.174537037037,306.662962962963,2160,0.391981321127885,0.815246754547629,81.2408376963351,950.722513089005,573,0.910515863115139,23.6162765926658,,,,,,516.241836734694,157.852551020408,1960,0.682841290346046,7.01692284869719,574.193548387097,323.683064516129,2480,0.768261866416569,2.50850645643972,806.461414790997,707.481243301179,1866,0.868263542049553,13.8152144101764,621.798583444002,487.645418326693,2259,0.900711844911897,31.2048248420113,934.479663394109,762.687237026648,1426,0.219704274934997,2.04938592427905,124.905679110405,511.752382843527,5036,0.374425279434396,25.6758311730309,873.79086115993,616.839191564148,1138,0.538186923651302,5.94853393402146,,,,,
46.9607927617406,306.435588108574,2321,0.305206046566953,0.312067203708511,80.5238805970149,951.44776119403,670,0.672066035288543,1.01980993136332,,,,,,506.883193691474,147.868408082799,2029,0.583583402823476,13.6845646554436,571.193548387097,322.671967287597,2201,0.746746279907865,3.16580441681827,813.665274151436,709.70182767624,1915,0.245286780164487,7.53834097476063,595.508571428571,464.991111111111,1575,0.950051396321622,34.7042125280124,932.065705128205,776.282852564103,1248,0.520368188069725,13.8082568179986,118.902514640028,529.45263520496,2903,0.99477602724047,18.6905569022661,875.582942830365,602.719775070291,1067,0.259169200176001,14.2326904990067,141.292501616031,471.616677440207,3094,0.350838782510358,54.2219309979307
43.7838541666667,305.397395833333,1920,0.394104664905677,3.34227198732234,78.6723549488055,950.911262798635,586,0.737902740990893,1.92768715154687,,,,,,510.57857911733,150.05166846071,1858,0.96983865954014,4.29214390758172,585.290481400438,334.225382932166,1828,0.928956140882508,18.2264898825531,820.36690647482,714.72988881622,1529,0.074697615364801,8.37814267157095,606.599162011173,474.53561452514,1432,0.982066116403186,14.6321134799898,933.365528726062,769.566194837635,1201,0.412360847311192,6.84127417957041,131.561858273018,504.93721595691,5941,0.250548989965032,27.5910268407291,872.673894912427,584.737281067556,1199,0.292297573275024,18.2162743267452,,,,,
43.5454545454545,304.150470219436,2233,0.378817053037365,1.26951087667178,79.4046153846154,951.1,650,0.60112782565922,0.756192486759637,,,,,,517.057075471698,153.314622641509,2120,0.931344571160691,7.25381175655593,580.953955629971,329.993721222269,2389,0.909858268687943,6.05907720572513,821.838883888389,710.325832583258,1111,0.234947472662857,4.64353623967148,610.70635451505,477.280267558528,1495,0.943295362275738,4.93985329110014,933.757170172084,758.876354365838,1569,0.132015321933262,10.6970123088045,119.453970262575,531.319202783929,3161,0.574807237561458,29.0277484661566,869.209885931559,584.332319391635,1315,0.253051992016,3.48759977326815,150.994021397105,469.538074260541,3178,0.926325712638589,9.9216972963847
45.9389312977099,307.423240033927,2358,0.419953807370895,4.05459655480449,82.9864158829676,958.326018808777,957,0.557418794810358,8.06502589176263,,,,,,519.824298160697,159.122458857696,2066,0.85525296817954,6.43338813725388,564.602733686067,316.913139329806,2268,0.955777968005251,20.9395339419057,812.185558354324,718.900923593619,1191,0.20651834775638,12.9119665311908,610.180027173913,480.053668478261,1472,0.964756697254205,2.82290154479419,936.346581875994,769.370429252782,1258,0.346010954801792,10.8088232803175,123.58955954323,529.691680261011,3065,0.623525983527601,4.44431414966039,871.728395061728,582.164351851852,1296,0.183054835014074,3.32309667212684,155.244241192412,471.281165311653,2952,0.74520352911046,4.59377129610132
43.1795555555556,307.129333333333,2250,0.348434629118601,2.77498389815939,81.9419889502762,965.896408839779,724,0.548423174806228,7.64209610245901,,,,,,522.157894736842,153.089518668466,2223,0.79819474056326,6.46854236339395,569.92190797805,320.256226255804,2369,0.652444161648712,6.28250311128218,827.148475909538,716.760078662734,1017,0.102075372622424,15.1152942009813,610.000694444444,476.772916666667,1440,0.916702075346192,3.28564950613075,938.082737487232,772.332992849847,979,0.41421844861235,3.43380537786959,128.27386324193,500.129642485248,5762,0.510304518417196,29.9308666529606,880.700086430424,583.864304235091,1157,0.221378476428615,9.13132433551665,,,,,
44.9171764705882,305.506352941176,2125,0.396044936623893,2.37768622776104,92.4970930232558,978.046511627907,688,0.945781127226628,16.0945711267341,,,,,,513.880771478667,144.270017533606,1711,0.956298735537116,12.095220944605,578.949381761978,325.394899536321,2588,0.806484257206386,10.3875524549058,833.870676691729,710.451879699248,1330,0.0960081396558955,9.21853337136735,609.646112600536,473.63672922252,1492,0.88877649191253,3.15616855837136,938.557416267943,763.968102073365,1254,0.313848722978616,8.37834814550711,123.587305633444,481.662758093296,3923,0.28794365332458,19.0522870376075,889.772163120567,567.044326241135,1128,0.477038856797164,19.1105791432132,133.536199095023,531.491704374057,2652,0.716226224955453,64.0042819340029
48.3002288329519,303.744164759725,2185,0.475325597389927,3.81449216454047,98.3438202247191,987.591011235955,890,0.709028807031597,11.1929304356081,,,,,,500.48275862069,130.906206896552,2175,0.764664531655363,18.923482324498,581.473372781065,328.425246548323,2535,0.728778570839968,3.94379686058754,844.582580115037,710.243221035333,1217,0.131494918032916,10.7139354762057,603.560406698565,472.541267942584,1672,0.894310744329706,6.18351451369941,939.18553248493,761.675150703282,1493,0.380491296568238,2.37742633274074,128.59121171771,481.620772303595,3755,0.300311554009132,5.00408222421358,893.75398089172,567.968949044586,1256,0.722902227020899,4.08776223517547,131.298072613178,539.752129090094,2231,0.513468274275001,8.55826072505661
44.5001859427296,305.50018594273,2689,0.600700574627035,4.18616009759406,106.731210191083,1001.70700636943,785,0.855905850976217,16.4197938189264,,,,,,511.677607913669,149.954136690647,2224,0.379189267657047,22.0940779425918,566.935540838852,318.676379690949,2265,0.982110346179399,17.5039699092188,842.529671717172,713.530303030303,1584,0.0557675591180567,3.87547944539551,604.311371400683,469.945339189849,2049,0.835935877122711,2.70236823417987,940.207892882312,764.317829457364,1419,0.313920274687754,2.83354403167014,114.263902599539,470.220796314577,3039,0.591372311916171,18.3093210993143,894.735497237569,575.286602209945,1448,0.830854831255727,7.38318509761564,142.856337192045,513.232116355001,3369,0.602535859560201,28.929302714455
48.2746508675413,307.793906051629,2363,0.613093215775191,4.41675643505547,111.977181208054,1009.1610738255,745,0.820419003788145,9.11500595450374,,,,,,516.278673835125,148.011200716846,2232,0.775965759246261,4.99447773164319,562.95010940919,314.770240700219,2285,0.718080246513224,5.58046463078475,842.970769230769,712.578461538462,1300,0.084506584138966,1.04908018859042,607.637788018433,474.232258064516,2170,0.512263874517674,5.42611471983618,939.421014492754,763.336231884058,1380,0.3101993384087,1.25805858205181,142.079197824609,474.44527532291,2942,0.375773747943254,28.1342650756978,898.237113402062,596,970,0.897964527010737,21.0072883488685,119.297872340426,530.413329161452,3196,0.923839468638967,29.1581093294049
48.4667003027245,305.998990918264,1982,0.594468450850916,1.8051601927631,,,,,,,,,,,504.148530170191,135.175863847344,1939,0.933333322286122,17.660301749561,570.988184079602,321.817786069652,1608,0.928189646517171,10.6901141313518,834.511669658887,714.41921005386,1114,0.404715502001304,8.65706189558327,608.285858077504,474.860593860091,1987,0.57934240366736,0.902663100754641,937.173200285103,758.368496079829,1403,0.267917430925948,5.45262026302345,,,,,,898.68,603.4,950,0.643215870426558,7.41324143264152,134.105579685934,508.182258603408,5986,0.561278155927278,26.7112091637002
49.76955602537,308.059196617336,2365,0.81106139836652,2.43759729170302,,,,,,,,,,,504.030303030303,135.703371745625,2343,0.876667434218919,0.54059433899661,580.21582733813,332.287290167866,2085,0.882269677032509,13.9556410160612,833.732277526395,718.850678733032,1326,0.344815931036624,4.49948516506838,603.987061994609,486.168194070081,1855,0.67815558647003,12.0971678615816,937.091937765205,761.404526166902,1414,0.254497545053396,3.03711743051794,,,,,,898.374131944444,598.912326388889,1152,0.814059605205624,4.49808511560996,134.511037140855,504.941836019622,5708,0.645515326701626,3.265690473585
50.797490263955,306.086975335353,2311,0.584689418605444,2.22402913289465,,,,,,,,,,,503.079091620987,139.971808927173,2554,0.870826055051441,4.37314064695309,566.781520254893,320.346836595357,2197,0.695395868976281,17.97373189752,838.022757697457,719.016733601071,1494,0.12780849195834,4.29369238738299,605.118383060635,488.109239653513,2078,0.869836079222597,2.24667427799309,935.087344028521,759.085561497326,1683,0.363820565697298,3.0652884346987,,,,,,898.810975609756,596.621080139373,1148,0.787584317166362,2.33251833087,128.044395305324,497.318931791121,5879,0.63023411617872,9.99630559286438
50.7994112699748,302.860807401177,2378,0.722960032107683,3.22616850610198,,,,,,,,,,,505.568937550689,133.757907542579,2466,0.80195899496492,6.69416934138333,577.896600566572,330.813031161473,2118,0.994012044814445,15.2671621145146,833.642330383481,723.995575221239,1356,0.209222726752624,6.63151621665369,605.832894043226,482.37163943068,1897,0.361763772350763,5.78191856231959,936.518498659517,750.839142091153,1865,0.111673682396047,8.36968557356475,128.217764060357,537.530864197531,2916,0.761246583540618,64.5904859066604,904.005247376312,589.172413793103,1334,0.718467460616378,9.0809189800859,127.811639549437,477.322903629537,3196,0.205097299416008,19.9973827657711
53.7609682299546,301.688729198185,2644,0.888762281893062,3.18505681913779,,,,,,,,,,,509.51333813987,135.025234318673,2774,0.937824406115499,4.14299567527359,580.511453744493,334.662114537445,2270,0.90825366375281,4.653267666626,836.432320441989,722.888812154696,1448,0.159941794315398,3.00149446310292,603.20939675174,483.777842227378,1724,0.995553809039635,2.97659945976551,936.013012048193,752.359518072289,2075,0.0747116591856898,1.60220468050893,136.930269413629,540.262546222927,1893,0.425363568866966,9.1307084182265,916.046481601033,574.925758553906,1549,0.295559733276186,18.6536459481559,133.339755940912,484.746521087562,4671,0.255649721746981,9.25581800819274
54.1688218390805,304.11099137931,2784,0.726521126609507,2.45635881755685,,,,,,,,,,,514.546383945475,136.672472548277,2641,0.662230555372774,5.29574771551538,569.1284738041,321.947608200456,2195,0.795261596490182,17.0654886750053,836.403846153846,726.222756410256,1248,0.160280923774376,3.33406584882021,602.041958041958,490.521247982786,1859,0.899369727861117,6.84371495046155,932.311111111111,764.830501089325,2295,0.156559642169237,13.0088234656003,131.780127693536,536.321628092578,2506,0.963762121207003,6.48496688096092,919.901389808074,571.587028457975,1511,0.20342847208421,5.09974861519548,139.60972017673,476.545164457536,4074,0.316012421258005,10.3235024139734
56.8207547169811,303.89320754717,2650,0.998254030060964,2.66086034703672,,,,,,,,,,,515.752418487997,144.34217126478,2791,0.902379405425651,7.76394215071671,567.762078395624,318.427073837739,2194,0.668993804561593,3.77640021864343,833.157214644652,726.852117731515,1393,0.183947568882844,3.30706997645793,599.973277909739,487.240498812352,1684,0.706150902799826,3.87849875709,933.271810089021,768.018991097923,1685,0.128573451055476,3.33007673501489,130.847067039106,530.319832402235,2864,0.839938592630139,6.07389114929355,921.208031599737,564.676761026991,1519,0.544001508452182,7.03271702398358,144.281347473487,461.742981908921,3206,0.272836674632666,15.5218784237707
53.968476357268,302.360332749562,2284,0.623643978878364,3.23808538899591,,,,,,,,,,,511.159591836735,144.267755102041,2450,0.48818296799385,4.59342948283996,573.27364716234,327.500219973603,2273,0.898809042030894,10.6159960000455,825.705989110708,728.882032667877,1653,0.200446555292944,7.72277907275383,612.452957746479,478.69014084507,1775,0.773391959168099,15.1278230488126,933.79797979798,768.561167227834,891,0.721324943742648,0.755519370017387,136.201276302173,506.182131769576,5798,0.298882791803845,24.724403909186,927.123348017621,562.575204531152,1589,0.467392372581742,6.27753996633245,,,,,
56.2851307189542,300.763888888889,2448,0.786638664861902,2.81345347070136,,,,,,,,,,,517.281195689955,149.638859923531,2877,0.542408316477779,8.14388118400558,576.654268808115,329.355874894336,2366,0.962773735908613,3.85643071981336,820.643656716418,731.088930348259,1608,0.171817311607673,5.52246381988627,606.910264290104,477.738168408113,1627,0.883358029942797,5.62385119576099,933.506300114548,767.887743413517,873,0.975903802982015,0.733877831397547,142.838672438672,477.051082251082,3465,0.423892612434886,29.8776350054976,937.363693075484,561.139737991266,1603,0.440647663997621,10.3404657095904,125.765811965812,539.62792022792,3510,0.824233835319816,80.0555349247653
55.7582332429291,303.717938783417,2581,0.72056649759153,3.00067187969704,,,,,,,,,,,516.132040965618,159.802487198244,2734,0.253316038849539,10.2283857944327,569.579574468085,320.443404255319,2350,0.794816768338863,11.3790787367078,824.119101123596,728.03670411985,1335,0.183196920304535,4.62545119710141,615.269018743109,490.796030871003,1814,0.730233194310545,15.5040816595303,931.849223946785,768.409090909091,902,0.993276020541654,1.73715417764468,167.561091340451,471.5871886121,1686,0.425096530563427,25.3190072880656,953.113702623907,561.98833819242,1715,0.145246627618106,15.7728539927567,118.522471910112,525.275064822818,4628,0.487982449692361,16.0770156883137
55.9890854347008,301.29544599172,2657,0.870470552397443,2.43346749727031,,,,,,,,,,,515.271629121776,162.940907606921,3063,0.208474815758018,3.25422666737027,573.265392781316,326.223354564756,2355,0.8228259624674,6.855150050707,817.377711293942,727.903515332835,1337,0.333116762926451,6.74270539830625,604.447086801427,480.822235434007,1682,0.809670489076496,14.7170243721158,932.849118942731,766.974669603524,908,0.944717635337266,1.74852923475185,161.649729995091,511.975945017182,4074,0.2026556294416,40.8190621757104,962.404292343388,560.287122969838,1724,0.144048403998544,9.44506170277712,103.978657487091,507.302581755594,2905,0.353711873956391,23.1199629232602
56.5185972369819,302.126106978392,2823,0.856112470514279,0.985078892035327,,,,,,,,,,,516.014448669202,161.446768060836,2630,0.352766702583915,1.66860236821478,576.268041237113,328.36412371134,2425,0.797259156998584,3.68765376466771,807.023506366308,733.552889324192,2042,0.567437547150785,11.7951255261513,604.347328244275,489.595419847328,2096,0.818819742159959,8.77375156474498,927.24244771495,776.84043377227,1291,0.290100298377958,11.3476017241412,156.668257756563,517.0861575179,4190,0.299809304798325,7.13647934668851,969.638706140351,556.806469298246,1824,0.117965770571407,8.02818117429229,103.022495606327,504.711072056239,2845,0.676340461115988,2.76227588485957
54.8340853870184,303.657063519611,2881,0.684414194812276,2.2762706569673,,,,,,,,,,,517.746987951807,161.734574662285,2739,0.330316979512721,1.75628158494286,576.701901975128,323.617776152158,2734,0.91183279072798,4.76613578200889,805.316605839416,736.213959854015,2192,0.577145989695197,3.16145627415479,602.653029518384,479.262040393578,1931,0.622181901253719,10.4713599454766,929.582134746404,770.742619227858,1321,0.449216125842492,6.53126921992946,161.402455661664,520.455661664393,3665,0.108380738538563,5.81086809331432,971.251273344652,558.919637804188,1767,0.179413431532476,2.65816743695612,99.3865300146413,514.029575402635,3415,0.593918437282169,10.0027371454379
56.7766345834716,302.957185529373,3013,0.615046806173364,2.06478245388259,,,,,,,,,,,518.751655629139,164.952906548933,2718,0.510270127614058,3.37150074514122,571.492753623188,326.64994425864,2691,0.993391649400991,6.02737670786238,805.722723543888,740.126333059885,2438,0.568097049938461,3.93339493210383,611.861751152074,479.583525345622,1736,0.804850645336192,9.21433159275101,939.468365553603,760.143233743409,1138,0.941585197614664,14.4942930914595,160.984083921143,516.068185928739,5529,0.243899224050515,4.40737770609865,974.855064353665,563.461108002238,1787,0.180072359762261,5.79760823067809,102.711411723899,512.401318071453,2883,0.75579199870953,3.70216967697361
54.6311320754717,302.305974842767,3180,0.677416827209371,2.24215440373386,,,,,,,,,,,521.094306569343,175.961751824818,3425,0.274332837077511,11.2553404096012,572.623801065719,324.88134991119,2815,0.920512146963343,2.09933186587719,802.577476366626,741.259350595972,2433,0.813697379493164,3.34309864394698,612.194477791116,477.755702280912,1666,0.980062902875779,1.85786010566284,945.424425634825,739.715235792019,1654,0.756699754029948,21.2785749521232,153.434033387184,534.754442649435,3714,0.836023703679016,20.1538942464495,971.755879586077,562.063969896519,2126,0.163700806121645,3.39955013348869,128.55854877254,476.60504019118,4603,0.427280036281602,44.1525537618494
55.177926616191,301.316540477577,3434,0.921004774061084,1.13047097830047,,,,,,,,,,,523.51847133758,165.056050955414,3140,0.582893128952143,11.1718792634215,577.073035780155,330.617115455551,2711,0.694782564485905,7.25911123513215,802.286988244832,738.51317389542,2467,0.783676157349473,2.76149774933108,612.338768115942,478.939009661836,1656,0.876967657445958,1.1920721687826,957.483378959718,723.237778646852,2557,0.679198970321572,20.4187401487653,115.310849874735,534.415879745616,5189,0.854023757220489,38.1246868310243,968.483531564501,562.241994510522,2186,0.133742527943145,3.27718695492058,157.037735849057,490.960017969452,2226,0.731320478316084,31.8924675049445
58.9194831013916,302.744532803181,3018,0.714146107729274,4.00479799914177,,,,,,,,,,,519.736366469305,162.491118728576,3209,0.455393004339222,4.56981340569821,577.263446385749,330.337101747174,2919,0.805359994025566,0.338620548109588,799.522437216962,742.806916426513,2429,0.885214107417714,5.10675702467021,609.57095709571,483.785478547855,1515,0.98417646912469,5.58113236779692,957.414083259522,733.05358724535,2258,0.629471464606665,9.81605319547597,112.425365853659,540.403414634146,4100,0.588849070737177,6.64654738020116,965.969726093224,565.16722729457,2081,0.114796932402711,3.8569683416245,159.185448916409,490.212074303406,3230,0.362514236474327,2.27422319644611
57.4595015576324,301.589408099688,3210,0.615377791156951,1.86168181726528,,,,,,,,,,,521.184252470513,168.736691106152,3137,0.603460137897865,6.41120489424889,575.171232876712,328.235039653929,2774,0.747300622816215,2.96580889661632,792.806439809733,743.795096963044,2733,0.718259983612154,6.78830773806583,608.990427568602,482.918315252074,1567,0.986035235460824,1.04354526178437,947.863080684597,735.874327628362,2045,0.689955087313964,9.9588265621298,86.5940086716594,540.258178951517,2537,0.474505511246988,25.8317654694278,964.542857142857,565.626600985222,2030,0.127865053170941,1.4989927248607,143.389473684211,490.4334682861,3705,0.3843101627854,15.7975266681779
56.0948473908763,303.52838857893,3047,0.831530498955243,2.37106016240099,,,,,,,,,,,521.677777777778,166.627619047619,3150,0.594523518801771,2.16604528507521,576.040607344633,325.087217514124,2832,0.860594219404954,3.26566933251344,798.293121327342,745.883511925337,2893,0.788282730264565,5.87070277994043,609.171679197995,480.021929824561,1596,0.991239651196788,2.90205111909918,950.270833333333,730.283333333333,2400,0.942110203664203,6.0874042107076,103.946322657177,497.434460260973,3372,0.505705190237798,46.2057754305551,957.991395793499,564.499521988528,2092,0.166638074528537,6.6477028270615,160.952224052718,495.550796265788,1821,0.43288772079731,18.2930928538129
55.8270632837562,300.829687955672,3429,0.890020093243015,2.71195379422264,,,,,,,,,,,523.615312205836,178.559146532789,3187,0.400246910653262,12.0878198112517,576.518395757375,331.58800132582,3017,0.748452863846825,6.51831818291806,802.779583333333,741.385,2400,0.455374735549147,6.35334170917991,606.436832181018,479.860465116279,1591,0.978886984214395,2.73960928934905,952.72027027027,729.163063063063,2220,0.733485182844916,2.69346371545674,,,,,,953.279080899952,565.493537577788,2089,0.178551560652338,4.81601273333424,137.292572944297,477.641909814324,3770,0.366114673385133,29.6733433320828
53.6990506329114,305.091455696203,3160,0.887704858232789,4.76351782996354,,,,,,,,,,,524.919239164328,175.978796382912,3207,0.534654713375422,2.89109536491838,582.595922459893,333.07486631016,2992,0.868036881428635,6.25676420376205,810.678202068417,741.806682577566,2514,0.308241145094438,7.90986688373677,607.421789409617,480.869141813755,1643,0.944155204849932,1.40981183928911,950.082985628187,728.834955957348,2157,0.874189626273408,2.65761632975626,149.545098039216,536.137254901961,2295,0.619713022447776,59.8093189174073,942.441267047954,571.94720633524,2273,0.251018411564228,12.6138039275018,141.518773287475,475.027228432216,3489,0.649858548091258,4.96964063797564
57.9161250386877,304.00680903745,3231,0.756701999024807,4.35432829701636,,,,,,,,,,,520.35272606383,166.034906914894,3008,0.44796207200791,10.9423023011246,579.922339405561,334.671140939597,3129,0.915981194241646,3.11386239917495,803.283389181427,747.73049305888,2089,0.627027057851369,9.47495584433651,607.073095823096,481.4914004914,1628,0.977744070756429,0.713297328738405,955.411907066796,734.987415295256,2066,0.612521839739244,8.13942010240753,141.741086304565,546.722092635788,3001,0.855368620944234,13.1507181935443,936.264705882353,576.728666114333,2414,0.238728667751633,7.81103485150981,153.59283959284,489.430326430326,2849,0.739376786196329,18.794475493866
56.1147540983607,304.442015786278,3294,0.643008565807974,1.85319782507981,,,,,,,,,,,511.437291897891,157.153903070662,2703,0.58118508829633,12.5840055486493,576.492496589359,329.87789904502,1466,0.796791937986059,5.89397909767079,808.402641670217,743.175969322539,2347,0.509061919158753,6.85203856592173,604.809262644729,481.943327239488,1641,0.982977350994703,2.30850134180431,949.702275894101,728.069670227589,2153,0.799838722197674,8.96967585531585,117.162024239847,536.438656176908,4703,0.662023426591568,26.6435612744447,924.501982553529,580.657018239492,2522,0.233908830278781,12.4013551892406,152.679424538545,491.45684039088,3684,0.592829416065666,2.22285534700943
,,,,,,,,,,,,,,,,,,,,,,,,,,,,,,,,,,,,,,,,,,,,,,,,,,,,,,
