1,,,,,2,,,,,4,,,,,9,,,,,11,,,,,12,,,,,14,,,,,15,,,,,74,,,,,95,,,,,132,,,,,170,,,,,376,,,,,464,,,,,474,,,,,496,,,,,652,,,,,797,,,,,930,,,,
Velocity(pixels/frame),Tortuosity(pixels/pixels),Mean Area(pixels.^2),Mean Covarience,,Velocity(pixels/frame),Tortuosity(pixels/pixels),Mean Area(pixels.^2),Mean Covarience,,Velocity(pixels/frame),Tortuosity(pixels/pixels),Mean Area(pixels.^2),Mean Covarience,,Velocity(pixels/frame),Tortuosity(pixels/pixels),Mean Area(pixels.^2),Mean Covarience,,Velocity(pixels/frame),Tortuosity(pixels/pixels),Mean Area(pixels.^2),Mean Covarience,,Velocity(pixels/frame),Tortuosity(pixels/pixels),Mean Area(pixels.^2),Mean Covarience,,Velocity(pixels/frame),Tortuosity(pixels/pixels),Mean Area(pixels.^2),Mean Covarience,,Velocity(pixels/frame),Tortuosity(pixels/pixels),Mean Area(pixels.^2),Mean Covarience,,Velocity(pixels/frame),Tortuosity(pixels/pixels),Mean Area(pixels.^2),Mean Covarience,,Velocity(pixels/frame),Tortuosity(pixels/pixels),Mean Area(pixels.^2),Mean Covarience,,Velocity(pixels/frame),Tortuosity(pixels/pixels),Mean Area(pixels.^2),Mean Covarience,,Velocity(pixels/frame),Tortuosity(pixels/pixels),Mean Area(pixels.^2),Mean Covarience,,Velocity(pixels/frame),Tortuosity(pixels/pixels),Mean Area(pixels.^2),Mean Covarience,,Velocity(pixels/frame),Tortuosity(pixels/pixels),Mean Area(pixels.^2),Mean Covarience,,Velocity(pixels/frame),Tortuosity(pixels/pixels),Mean Area(pixels.^2),Mean Covarience,,Velocity(pixels/frame),Tortuosity(pixels/pixels),Mean Area(pixels.^2),Mean Covarience,,Velocity(pixels/frame),Tortuosity(pixels/pixels),Mean Area(pixels.^2),Mean Covarience,,Velocity(pixels/frame),Tortuosity(pixels/pixels),Mean Area(pixels.^2),Mean Covarience,,Velocity(pixels/frame),Tortuosity(pixels/pixels),Mean Area(pixels.^2),Mean Covarience,
18.575140924545,3.50955002731814,2916.3137254902,0.383888359463045,,5.03918809955146,96.0620723786769,2334.72941176471,0.415117160007702,,11.7902602441713,4.95304242347773,4377.65,0.393431369832337,,8.36145324147719,188.190216757568,3787.08235294118,0.625940503089598,,4.11169604287594,9.05118352540107,1800.95238095238,0.678973860815345,,17.9802219247556,11.1520742795465,3467.21212121212,0.66587988074276,,7.64231461230074,7.73303306817045,2748.82352941176,0.674102460736631,,14.7605942450705,7.64423688892846,1791.42424242424,0.442538828319971,,11.51450526635,7.90255440279237,3149.81481481481,0.593646297102108,,15.6621267481074,5.0975753053258,3461.20895522388,0.556253393671964,,6.80747087125432,6.37100784517684,3261.32467532468,0.483058723600759,,9.38593224530178,9.45847974634443,4455.46666666667,0.0842203776009511,,13.4831521485345,13.948410975102,2572.29090909091,0.462945854161886,,25.3217404067818,3.26676204804415,2778.13636363636,0.569308274451441,,11.8582111452364,10.3226326498541,3031.33333333333,0.369774129625401,,22.8978762408069,4.60158046622897,3372.2972972973,0.568873035209721,,16.9580238274422,4.23136972959407,3813.92682926829,0.489273509874774,,13.0307581084886,5.30079375518754,2782.65714285714,0.185782523612063,,17.0628993422916,3.79829387110131,3764.62962962963,0.313752314207717,
x(Pixel Position),y(Pixel Position),Area(pixels.^2),Covariance,Pixels/Frame,x(Pixel Position),y(Pixel Position),Area(pixels.^2),Covariance,Pixels/Frame,x(Pixel Position),y(Pixel Position),Area(pixels.^2),Covariance,Pixels/Frame,x(Pixel Position),y(Pixel Position),Area(pixels.^2),Covariance,Pixels/Frame,x(Pixel Position),y(Pixel Position),Area(pixels.^2),Covariance,Pixels/Frame,x(Pixel Position),y(Pixel Position),Area(pixels.^2),Covariance,Pixels/Frame,x(Pixel Position),y(Pixel Position),Area(pixels.^2),Covariance,Pixels/Frame,x(Pixel Position),y(Pixel Position),Area(pixels.^2),Covariance,Pixels/Frame,x(Pixel Position),y(Pixel Position),Area(pixels.^2),Covariance,Pixels/Frame,x(Pixel Position),y(Pixel Position),Area(pixels.^2),Covariance,Pixels/Frame,x(Pixel Position),y(Pixel Position),Area(pixels.^2),Covariance,Pixels/Frame,x(Pixel Position),y(Pixel Position),Area(pixels.^2),Covariance,Pixels/Frame,x(Pixel Position),y(Pixel Position),Area(pixels.^2),Covariance,Pixels/Frame,x(Pixel Position),y(Pixel Position),Area(pixels.^2),Covariance,Pixels/Frame,x(Pixel Position),y(Pixel Position),Area(pixels.^2),Covariance,Pixels/Frame,x(Pixel Position),y(Pixel Position),Area(pixels.^2),Covariance,Pixels/Frame,x(Pixel Position),y(Pixel Position),Area(pixels.^2),Covariance,Pixels/Frame,x(Pixel Position),y(Pixel Position),Area(pixels.^2),Covariance,Pixels/Frame,x(Pixel Position),y(Pixel Position),Area(pixels.^2),Covariance,Pixels/Frame
43.1808859721083,899.383100902379,2438,0.628780101894156,0,179.047878644228,205.696610571225,4219,0.058320281048414,0,185.132159373888,437.853966559943,5622,0.102055224152765,0,891.824881889764,511.508346456693,3175,0.469838712784024,0,950.691077875193,35.0912841670964,1939,0.188151956043785,0,984.416501275872,507.543804933371,3527,0.254585254898829,0,988.710004506534,174.544614691302,4438,0.618208637968865,0,1012.35410334346,615.362715298886,1974,0.093617852143178,0,,,,,,,,,,,,,,,,,,,,,,,,,,,,,,,,,,,,,,,,,,,,,,,,,,,,,,,
65.9013224821974,888.628179043744,1966,0.598717508416251,25.13735426401,175.676338028169,201.622253521127,3550,0.127480316522864,5.28844698351295,186.896588868941,441.444165170557,5570,0.0997762871148166,4.00034217369739,895.16815690799,514.885491779637,3467,0.409465116401439,4.75211514799187,951.718289085546,37.0044247787611,2034,0.182801602818125,2.17146721611771,992.587176887988,518.326406487582,3946,0.867318256181444,13.5286524175657,987.765860337745,175.926745778183,4382,0.569509744778989,1.67382632097292,1008.16071428571,641.15731292517,1176,0.794661477797457,26.133231305975,,,,,,,,,,,,,,,,,,,,,,,,,,,,,,,,,,,,,,,,,,,,,,,,,,,,,,,
69.866028708134,885.123870281765,1881,0.879775321074684,5.29141525088147,203.961364427428,209.242603550296,2873,0.174374890316533,29.2935565094753,185.111736032996,444.192725909261,5334,0.117812869557439,3.27723752272091,896.932543299909,517.02066241264,3291,0.430014031084666,2.76983988202059,924.291940789474,41.7399259868421,4864,0.693807640917266,27.8321675862516,990.064181683535,505.311281165144,4051,0.571610668204565,13.257412717437,988.96084680173,182.103346232643,4393,0.584159544468059,6.29113549553133,1013.07083065035,623.439793947199,1553,0.0902847397747367,18.3853126557335,,,,,,,,,,,,,,,,,,,,,,,,,,,,,,,,,,,,,,,,,,,,,,,,,,,,,,,
84.3426698450536,878.762216924911,1678,0.875131586441109,15.8127724336984,215.297337832771,214.035995500562,2667,0.186984413411676,12.3077576932407,184.658413055712,445.190958544363,5331,0.112743335903913,1.09634397682296,891.789212442091,519.850761085374,3022,0.860058748652379,5.87054604022368,951.952586206897,50.0939655172414,2320,0.0985149336585113,28.8946583538181,1007.49178532311,509.126506024096,3652,0.141833498123913,17.8403281736217,984.626403940887,183.171428571429,5075,0.445569837327759,4.46410067049808,1011.41463414634,642.984093319194,943,0.793063787827763,19.6143474222843,,,,,,,,,,,,,,,,,,,,,,,,,,,,,,,,,,,,,,,,,,,,,,,,,,,,,,,
89.1611594202898,894.812753623188,1725,0.999805264799171,16.7582090358553,216.347626339969,219.757656967841,2612,0.11411060239914,5.81726017077548,185.493160678461,447.135874521248,5483,0.111814532539854,2.11648334527459,887.411390391346,513.604836143812,3143,0.621048889868832,7.62737859841916,954.616674888999,36.6586087814504,2027,0.17795902195792,13.696940502319,999.223665223665,501.600288600289,3465,0.507431115749449,11.1805974209468,976.77045505492,183.03922887245,4461,0.363612495494244,7.85706113373985,1012.91586715867,628.760885608856,1355,0.173218172541041,14.3022144484246,937,454.5,2,0,0,,,,,,,,,,,,,,,,,,,,,,,,,,,,,,,,,,,,,,,,,,,,,,,,,,
94.9642857142857,888.831797235023,1736,0.810583509328833,8.33355350983016,216.189249720045,217.963792459873,2679,0.130783501152413,1.80084231033281,182.130306705943,448.842488303587,5771,0.153745973140561,3.77111620644942,893.718399515005,519.272506820249,3299,0.614223255627159,8.47943718547731,954.832988624612,36.8790072388831,1934,0.163360670511444,0.308815660635689,992.235108065366,510.638903531892,3794,0.865090089586639,11.4252567164428,981.022075055188,201.242825607064,4077,0.615612147029358,18.6935070733963,1009.70924488356,637.620324629499,1417,0.296298357848841,9.42189398028601,937.502067539628,477.62749827705,2902,0.450622141491986,23.132947247796,1001.29401356532,308.245355352403,3391,0.486829139639091,0,,,,,,,,,,,,,,,,,,,,,,,,,,,,,,,,,,,,,,,,,,,,,
102.319877675841,879.029357798165,1635,0.911372156103094,12.2553070960365,226.520059435364,215.888930163447,2692,0.554130164853375,10.5371097993361,178.182398864443,450.747515968772,5636,0.208764547406572,4.38350393294035,895.490031996062,515.871523504799,4063,0.55101690370226,3.8347580314671,958.655118924509,36.7559462254395,1934,0.30551394051337,3.82411088259967,995.552119934411,509.013820566877,4269,0.892428038010898,3.69370577910094,988.052270997209,202.128393808678,3941,0.742163983287281,7.08575232582399,1005.94364351245,639.362385321101,1526,0.664866014472433,4.14903954419572,962.374444824052,461.725999316707,2927,0.76067390539421,29.5210572467273,986.61956905687,293.002825856588,2831,0.580416720723535,21.1583087004225,,,,,,,,,,,,,,,,,,,,,,,,,,,,,,,,,,,,,,,,,,,,,
107.148334380893,856.927718416091,1591,0.943817124307679,22.6229188551749,227.539463886821,217.005584512286,2686,0.523669577008745,1.51198623354505,171.36125259385,453.489530277306,5301,0.317871350252614,7.35164464001254,892.926466538144,514.801432112366,3631,0.894136197547076,2.77794230415104,956.242949035131,33.8565066798615,2021,0.202025552546228,3.77164596080836,1001.55425308085,511.12293357379,3327,0.512193559150633,6.36191480480177,991.299408575653,211.283390832923,4058,0.742425397346326,9.71379807116007,1007.92867647059,638.290441176471,1360,0.703291685951254,2.2559743114891,986.900437888915,439.927402627333,4339,0.570837138235033,32.8131551887903,981.097548252478,320.902712571727,3834,0.30126052645729,28.4411039251596,,,,,,,,,,,,,,,,,,,,,,,,,,,,,,,,,,,,,,,,,,,,,
117.094062708472,827.481654436291,1499,0.970863148843621,31.0803506394068,224.97,217.236666666667,2700,0.426070603827022,2.57983403104701,167.260787638967,452.126059920859,5307,0.455816054135023,4.32121097137501,899.003721161002,518.088067477053,4031,0.484264746236653,6.90905172736935,957.604961832061,33.3144083969466,2096,0.184662637229849,1.46592953696293,990.889034227164,507.405493786789,4587,0.840462683078941,11.2945230871907,981.011613175676,222.907094594595,4736,0.729110657962576,15.5225392037161,1008.68554396423,643.673621460507,1342,0.825830354251863,5.43612714838153,1003.39485359361,410.918367346939,3381,0.326915612602626,33.3704941128916,998.039025667889,334.615767417496,3818,0.480212866382446,21.7959062720494,74.1826054216867,117.786521084337,2656,0.936873814513169,0,,,,,,,,,,,,,,,,,,,,,,,,,,,,,,,,,,,,,,,,
129.859246171967,798.049469964664,1698,0.818537153197182,32.0811999717675,223.531969309463,214.170990135184,2737,0.522901042616952,3.38619327012018,161.570622465174,441.56286369247,5671,0.709654751549672,11.9982954732954,899.954003724395,507.679515828678,5370,0.959125554918106,10.4518411950803,957.564465408805,30.4528301886792,1908,0.399591504420934,2.861864742144,982.656729131175,516.134866553095,3522,0.455239826832328,11.9988664500678,986.601090512541,208.499018538713,4585,0.431263637683059,15.4542846010869,1009.8248905566,633.008130081301,1599,0.310801683678533,10.7261743887302,986.427947598253,427.383343730505,3206,0.377486537079831,23.6425748675292,997.737075718016,360.525326370757,3830,0.799667162547746,25.9113183555901,71.9216573816156,116.33704735376,2872,0.845674778811873,2.68567684867969,,,,,,,,,,,,,,,,,,,,,,,,,,,,,,,,,,,,,,,,
148.94238410596,768.326490066225,1510,0.953993217159749,35.3216886268315,223.396336996337,213.960073260073,2730,0.526723813541389,0.250762940983249,153.442081986732,436.675965300221,5879,0.768596349008354,9.48445813981099,894.920796774958,511.906094379891,4217,0.59675029551878,6.57245300062526,955.949818621524,27.9280532043531,1654,0.238485166303645,2.99692893947478,989.173233404711,507.078586723769,4670,0.758952930950319,11.1571068066083,993.440979381443,201.254639175258,3880,0.788179259911456,9.96318784830413,1008.69727891156,631.995238095238,1470,0.365142006771993,1.51573684966913,998.59603960396,431.865629420085,3535,0.676018781108231,12.9673955774614,976.635732323232,359.898148148148,4752,0.5538843151862,21.1106618936376,64.2481047553411,108.798070296347,2902,0.743268213078124,10.7573037969746,607.005964912281,720.937543859649,2850,0.163912303182452,0,,,,,,,,,,,,,,,,,,,,,,,,,,,,,,,,,,,
163.483225806452,759.06064516129,1550,0.739410044191274,17.2421564533284,225.554519659505,216.522091609242,2467,0.519162860772981,3.3498791663399,154.799593771158,437.611374407583,5908,0.926172315066782,1.64858376887225,899.963164108619,512.867768595041,4235,0.508688552263981,5.13325292808064,954.98631029987,24.3383311603651,1534,0.396202102288318,3.71677987497108,990.453216374269,510.271255060729,4446,0.962336271173482,3.43969293864808,994.016208791209,202.75,3640,0.813920985465102,1.60218378160343,1007.54293785311,629.76384180791,1770,0.326048443255228,2.51229629429802,1001.9451303155,425.668312757202,3645,0.356062905097368,7.04436955406056,981.01753724307,352.704129737884,5303,0.495776557359841,8.4234265737127,68.703661544299,71.4953519256308,5271,0.149064320714989,37.5678690391752,631.220831728918,753.626107046592,5194,0.352715226467352,40.6804859628576,,,,,,,,,,,,,,,,,,,,,,,,,,,,,,,,,,,
190.033889731917,746.226100151745,1977,0.347063840978843,29.490054263854,223.981825365468,214.729355985776,2531,0.463766213490085,2.38479943771799,154.808478038815,435.781069118148,5874,0.765304668914421,1.83032685134271,895.121197007481,515.194264339152,4010,0.64471566379654,5.37189239056986,956.350205198358,25.0964432284542,1462,0.329713807928674,1.56043045404337,987.322620215898,511.159715407262,4076,0.548016373823606,3.25422711164568,994.35020004707,210.979053895034,4249,0.668008748733685,8.2358289301301,1010.01091570649,632.465736810188,1649,0.310076496540282,3.65939220200817,996.740967365967,445.493881118881,3432,0.878819550946492,20.4972308585556,953.583468395462,348.223662884927,3085,0.541196148678857,27.7975307672416,65.4356580633352,73.9705290133626,5463,0.150881963971166,4.0995546547429,631.247548566142,754.994264569843,5405,0.411361563280398,1.36841835628516,,,,,,,,,,,,,,,,,,,,,,,,,,,,,,,,,,,
198.4475104979,758.300539892022,1667,0.352416390354375,14.7166949222764,223.560525235946,218.13910545753,2437,0.425608546692026,3.43567828226945,169.082731815658,419.221821210439,3602,0.854648732099156,21.8623652003776,891.689683860233,518.138103161398,3606,0.521391387171563,4.52122433540948,957.036760482481,32.9069500287191,1741,0.145349695411976,7.84062335756171,992.615107913669,510.435251798561,3892,0.778874045787123,5.34184177521108,996.637017846862,208.855210132412,3474,0.799707304580078,3.12093703516684,1010.57355679702,641.190875232775,1074,0.711189004295397,8.7432605754406,981.293846570886,437.778801843318,3689,0.955499414826292,17.2666148704963,958.995495495495,349.384384384384,2664,0.655770636977915,5.53509816812677,70.3687310030395,74.9886018237082,5264,0.12775339461414,5.03703095837302,637.378471557173,762.130434782609,5221,0.27477791505062,9.40814232606607,,,,,,,,,,,,,,,,,,,,,,,,,,,,,,,,,,,
204.536774193548,752.74623655914,2325,0.570284354276808,8.24193046978666,221.494004796163,216.863309352518,2502,0.339359693690302,2.42861327296118,168.189562764457,417.14047954866,3545,0.620868041736342,2.2648916236938,872.993257479983,508.333754740834,2373,0.771843123984737,21.1111725715058,958.630261054875,36.5540756526372,1877,0.12759817715897,3.98004640561616,998.159557661927,526.34439178515,3165,0.817532799846979,16.8476009604882,996.30235745614,207.41639254386,3648,0.995361854730466,1.47722497617877,1006.99484536082,638.727663230241,1164,0.706568715019469,4.3444894881892,952.053571428571,442.089285714286,56,0.206837606837607,29.5562846379608,974.27126301316,348.685719897859,5091,0.39553799762569,15.2917365043504,76.1862170087977,74.5647255969837,4774,0.0810191756826721,5.83290789253302,638.170928667564,756.60123053259,5201,0.290033378568495,5.5857038867305,,,,,,,,,,,,,,,,,,,,,,,,,,,,,,,,,,,
207.733743747595,746.669488264717,2599,0.752751756100207,6.86640256344402,223.021739130435,217.154782608696,2300,0.424610747195258,1.55529060152097,170.390567636261,417.186105619881,3541,0.671821208749835,2.20147772736404,891.753869631567,512.487246566383,4587,0.787934700124245,19.2148916897045,957.345082433201,28.0704945992041,1759,0.332214154004844,8.58037479250046,998.682730923695,525.281124497992,1992,0.514192882663892,1.18500952982193,998.593392299688,215.344693028096,3844,0.521037702464363,8.25268375879549,1008.81444241316,638.30987202925,1094,0.942987821509604,1.86694480917398,919.455894476505,433.745259686727,1213,0.675291022372673,33.6486450398807,934,372.25,4,0.375,46.6588675538456,72.6519131334023,64.0866597724922,4835,0.159124523683658,11.058081538224,617.117717003567,704.32025366627,2523,0.0973213081316594,56.3607865760023,,,,,,,,,,,,,,,,,,,,,,,,,,,,,,,,,,,
204.275931117341,746.37404885863,2497,0.668270343696359,3.47041101724509,224.943305186972,219.259348612786,2487,0.459663035341631,2.84984458790507,180.730284479654,415.615772416277,2777,0.880374323407323,10.4582833568371,878.365561437726,501.134856505991,3589,0.706440387842454,17.5534485607979,955.529782359679,27.3831615120275,1746,0.499727195572839,1.94106700802791,932.232128514056,522.493172690763,2490,0.49766592227422,66.5090613065866,999.548826886493,208.958782498415,3154,0.890258318637463,6.45698912363614,1007.42562202223,627.517734250926,1889,0.254767234492111,10.8811332086593,909.709864603482,410.984526112186,1034,0.203612228169191,24.7595656492014,946.93288590604,385.697986577181,149,0.67779475858946,18.6576493921046,76.590449559045,65.581630458163,4649,0.0891516368338777,4.21271961173887,617.879047990636,709.361685524776,2563,0.0718656026506082,5.09859392929303,,,,,,,,,,,,,,,,,,,,,,,,,,,,,,,,,,,
196.221470019342,748.719213410703,3102,0.635000183749271,8.38892963109524,224.625274725275,215.709157509158,2730,0.397489249918459,3.56440741875194,186.913561847988,414.226900149031,2684,0.672516289734399,6.33734054540795,879.271172638436,511.031758957655,2456,0.723049261876163,9.93824983508712,957.016633399867,21.6127744510978,1503,0.70092693913648,5.95886674197802,928.606060606061,516.74297188755,2739,0.820363680546935,6.79802748969614,997.98792884371,207.534942820839,3148,0.937229638676,2.11275226361347,1007.54606365159,644.268006700167,1194,0.747841478709337,16.7507054570811,925.482281763181,395.150388936906,1157,0.726563372752571,22.3492515119667,,,,,,76.700205338809,56.9168377823409,4870,0.179871837937422,8.6654877788947,640.215923683728,765.57879288204,5451,0.13649372149776,60.4921414346262,,,,,,,,,,,,,,,,,,,,,,,,,,,,,,,,,,,
203.322273514137,746.554241200231,3466,0.539358832985727,7.42351095801768,221.308396339037,216.564663748508,2513,0.362370840076533,3.42543036050334,179.796644027167,409.353575709149,2503,0.626281296190847,8.62553246847223,898.279534109817,515.679343950559,4207,0.435821191790237,19.5682868972459,956.541984732824,22.5311704834606,1572,0.61286142922376,1.03380009159648,995.660606060606,526.888257575758,2640,0.714582259048826,67.8176886056362,998.076673164392,204.390188434048,3078,0.968675439644483,3.14600631081564,1006.61360347323,641.886396526773,1382,0.819999484985692,2.55764520648422,976.5,440,12,0.533333333333333,67.9286035967347,,,,,,72.5099696575639,62.0715214564369,4614,0.513972526336285,6.64295407513646,642.518525555767,762.780163404902,5263,0.109775205500435,3.62412780285441,,,,,,,,,,,,,,,,,,,,,,,,,,,,,,,,,,,
205.03062248996,744.674196787149,3984,0.585666817889415,2.54028014564443,221.127749576988,216.52241962775,2364,0.359728806369353,0.185520398817415,193.468034993271,423.393674293405,2972,0.299512251616685,19.5967165413922,891.866061606161,516.90896589659,3636,0.635132119888822,6.53028327757046,956.528127068167,20.0284579748511,1511,0.887953571642435,2.50275087366283,996.831355093966,514.809347181009,4044,0.538229023891186,12.1355152187076,998.918661971831,210.525704225352,2840,0.930184113393578,6.19302019835177,1010.6858974359,649.630608974359,1248,0.518936379793896,8.74965168173851,994.4475781729,429.05119558553,3262,0.873852793941472,21.0236029352409,,,,,,81.7417374881964,60.0420207743154,4236,0.774059510960928,9.45221721594633,623.975590551181,705.907480314961,2540,0.122833222749972,59.8192487451423,,,,,,,,,,,,,,,,,,,,,,,,,,,,,,,,,,,
208.014538845979,748.512039981826,4402,0.439415971081042,4.86135754770764,224.302542372881,215.407627118644,2360,0.460900418502101,3.3648286189958,191.612903225806,423.297824456114,2666,0.396038533831852,1.85760627312761,893.385915492958,516.079523293608,4615,0.685271015932602,1.73145339782899,955.370264474625,18.7634024303074,1399,0.850131128546185,1.71493770041503,984.472507415013,509.808122290669,4383,0.658016705458608,13.3324178735646,998.668286362164,202.379332685455,3087,0.939980501809292,8.1502182309408,1009.48722131593,630.126155519304,1839,0.254471547532804,19.5412519819223,982.192735359526,430.531504818384,2698,0.552645507359625,12.3439251377099,,,,,,83.8296646780498,53.5307549886855,4861,0.256097572633246,6.83783752960276,622.75867386276,702.01233616037,2594,0.138603773314286,4.08081293513901,,,,,,,,,,,,,,,,,,,,,,,,,,,,,,,,,,,
204.942537909018,746.880287310455,3759,0.401755973999039,3.47847761775401,225.281381241251,216.218852076528,2143,0.426241659608816,1.27130305691622,200.806912096168,432.395567242675,2662,0.409074783722279,12.9344007560733,875.685145700071,500.574626865672,2814,0.417883805149348,23.531235932305,954.422818791946,18.0791946308725,1490,0.834939620044699,1.16867173938346,996.552639800062,511.782880349891,3201,0.937986696172604,12.2404766178771,998.04119425548,220.364323507181,2646,0.737523623940779,17.995920075612,1000.11007371007,640.476167076167,2035,0.662546280354953,13.9661604046804,1004.33677482793,430.228613569322,2034,0.198083940859516,22.1461108794931,,,,,,77.9538725595366,62.638918686977,4661,0.130369652585132,10.8389842224656,622.222186391487,712.272170267656,3101,0.100516535536894,10.2738510168219,,,,,,,,,,,,,,,,,,,,,,,,,,,,,,,,,,,
224.029052876235,728.55316676351,1721,0.13550371098852,26.4608843604299,224.095639943741,220.127519924988,2133,0.37122523420508,4.08456445342763,180.275814751286,464.289879931389,5830,0.411696425886826,37.9311631784542,894.643659271433,519.869898657902,3651,0.555753167733129,27.0505591508112,955.470331043098,20.4253591505309,1601,0.974167271937331,2.56939095305041,986.054305495457,510.797490263955,4622,0.566540857398334,10.5444780237206,991.450869769629,240.705923836389,4254,0.747991390414653,21.3825414949222,1006.89075630252,643.66206482593,1666,0.64067633044441,7.49183561561954,990.748071979434,407.334475864039,3501,0.965600816592847,26.6231926404973,,,,,,79.6999368288061,74.0909665192672,4749,0.20430826182179,11.5843920852793,635.420874077031,777.556176411894,5011,0.0683274267604655,66.6048557904111,187.646248085758,783.275650842266,1959,0.31143371461989,0,,,,,,,,,,,,,,,,,,,,,,,,,,,,,,
227.984203598069,731.089951733216,2279,0.070894654814488,4.69877592729841,224.26647834275,219.591807909605,2124,0.434382733452493,0.562292736928263,181.541871921182,462.180259076811,5481,0.408171492826598,2.46036601088484,886.292001189414,515.623253047874,3363,0.90684773473115,9.36932183544309,954.784846732215,22.2463851937536,1729,0.841841444078258,1.9457709501794,1003.45057096248,522.57748776509,3065,0.438572531279787,21.0094834140651,999.732491734295,246.883678990081,3327,0.620349644418701,10.3319853418699,1008.30455259027,637.631606488749,1911,0.416111516549723,6.19396865504834,993.37962962963,379.77967711301,4212,0.827305467697312,27.6801739495253,991.202119606359,449.684834721171,3963,0.99849543725686,77.8079802322063,77.2381672790145,79.8616814350551,4627,0.21297008483109,6.27387120967414,637.256231884058,785.692946859903,5175,0.0518619496209738,8.34119725239836,184.064575645756,766.990405904059,2710,0.154110415134653,16.6744589167049,,,,,,,,,,,,,,,,,,,,,,,,,,,,,,
230.453608247423,759.139175257732,2522,0.0576831445132907,28.157714744817,224.687443130118,217.929481346679,2198,0.420282171597473,1.71480055808621,221.5364158356,446.534904805077,3309,0.179622817897695,42.9457873744368,878.222889155662,510.970788315326,2499,0.736119485046023,9.31428994077605,955.46431046431,19.7207207207207,1443,0.821114720863552,2.61546401114093,998.555409836066,506.50131147541,3050,0.373205838381144,16.8049411349882,998.007460265975,257.850794680506,3083,0.509649340808173,11.1019529873738,1012.32155477032,641.33038869258,1132,0.325116709685051,5.46052161481909,987.866706966903,367.072842677951,6617,0.48290511152443,13.8512078045642,,,,,,78.3909364422715,88.2053403535164,5318,0.167968127689014,8.42291641246512,636.757131045887,799.648408433237,4838,0.0839027530327693,13.9643836015577,173.771168274384,744.484994640943,1866,0.098468543428098,24.7476821426777,,,,,,,,,,,,,,,,,,,,,,,,,,,,,,
232.326129032258,752.329032258065,3100,0.0318180906090913,7.06288763648122,224.045608927705,219.878699660359,2061,0.388184927937909,2.05217035788307,183.654712404712,456.527546777547,5772,0.259072073611035,39.1774979856508,895.471458285186,518.749942223249,4327,0.725887792072147,18.9216376812135,953.760883690708,21.0207927225471,1539,0.751571690598529,2.14286023411641,984.722776874855,510.909449732993,4307,0.58270195049753,14.51803766139,1001.31869009585,250.45607028754,2504,0.615959871577034,8.10223375583305,1008.40120210368,646.996994740796,1331,0.777425273144893,6.8905434572675,988.672273781903,367.244199535963,5172,0.680184572669159,0.823590350972862,,,,,,76.0339406931047,85.6223651304037,5598,0.164185308646827,3.49673990522663,638.640988372093,808.225913621262,4816,0.0793526474045378,8.78194247738538,174.085359265262,748.927066450567,1851,0.0915625254197296,4.4531694264429,,,,,,,,,,,,,,,,,,,,,,,,,,,,,,
209.00020768432,744.380062305296,4815,0.221111826951792,24.6431477299516,222.139401934916,216.261213720317,2274,0.338160808222991,4.088988826808,186.127569099929,453.3798724309,5644,0.34361525555404,4.00285823226552,895.41953414505,515.773425092642,3778,0.570287716369601,2.97696999399232,955.609152288072,18.2700675168792,1333,0.967340354944154,3.31399848598297,982.751492537313,512.396766169154,4020,0.520146170904557,2.46942748844993,1001.12725450902,228.52004008016,1996,0.594186156379308,21.9368655200094,1005.81411126187,645.044097693351,1474,0.957477370907577,3.2414265226427,983.609766732069,345.244168301722,4587,0.524176219347044,22.5749939520962,,,,,,72.4696356275304,69.7831367716951,5681,0.193314189441211,16.2353141515585,636.448027977463,799.904798911988,5147,0.0723896158783722,8.60523243714707,,,,,,,,,,,,,,,,,,,,,,,,,,,,,,,,,,,
212.637673231218,752.540663749088,5484,0.231027545618492,8.93457170374142,223.651743638077,216.265786993402,2122,0.392672049156273,1.51234861786103,194.445308449974,451.907724209435,5787,0.245481861709917,8.44701179596957,895.743388614971,512.821828776334,4462,0.940033764847439,2.96931011046854,956.347794649313,18.4801156905278,1383,0.905547328315493,0.767927583221839,976.283690813436,494.252124645892,2471,0.667040929634381,19.2629300768879,1000.93860090589,223.812279818822,1987,0.771944701956782,4.71153869348507,1011.97808441558,642.085227272727,1232,0.275706136626108,6.8373590812335,977.370565578755,340.135617271437,4933,0.578246139521694,8.06380336197108,1000.70217391304,522.596195652174,1840,0.535095217985575,73.5276654371738,74.2052621757791,70.4562418361635,5359,0.140368345116222,1.86157727285187,639.324504573171,801.221417682927,5248,0.0755121955952794,3.16347950738524,,,,,,,,,,,,,,,,,,,,,,,,,,,,,,,,,,,
211.114561636054,745.943571293316,5281,0.218961475256766,6.77063496293628,224.597943192948,217.51028403526,2042,0.379811248653537,1.56335104337727,170.89381270903,447.860646599777,3588,0.892877165373436,23.8966899133394,873.314360770578,508.15761821366,2284,0.961720894256679,22.9088661923175,952.97461928934,18.3531544597534,1379,0.865124502373064,3.37556382894004,930.425080848006,518.582824290334,2783,0.934488227802844,51.9133417644201,998.922997946612,225.662217659138,1948,0.813086723875247,2.73585915252852,1011.87722132472,642.689822294023,1238,0.30641278453394,0.612950652886851,981.155833156892,342.771120050815,4723,0.403222285995479,4.61238826837035,998.403153153153,512.18968968969,3996,0.600760537713307,10.6574322799456,71.9223079621186,76.1034724658015,5702,0.131298700385292,6.09123088759506,642.133488964346,809.383276740238,4712,0.0580738790038135,8.63170531130872,,,,,,245.623614663257,455.466751918159,2346,0.304764902386138,0,,,,,,,,,,,,,,,,,,,,,,,,,
211.689249720045,746.932624113475,5358,0.223419774591743,1.143893297011,227.264233576642,219.358150851582,2055,0.446374242462375,3.24402777131211,204.061873193949,452.944076151623,5883,0.156594327903909,33.5553496828717,895.650264042247,518.389102256361,4166,0.560682928390918,24.5677805403212,958.340294840295,19.2592137592138,1628,0.691173987746835,5.44163739808634,,,,,,995.472504004271,222.746930058729,1873,0.900356070656639,4.51716838730018,1015.84087363495,640.613104524181,641,0.235552967373335,4.47473980606167,994.515081692501,358.435483870968,4774,0.426959002459691,20.5874188602234,990.214418173389,506.0234121465,4314,0.840185499397731,10.2507735956104,73.9230163417996,82.5723567631424,5079,0.116232373428242,6.77121097536543,643.742746615087,810.826133677198,4653,0.0557001437868659,2.16137602628525,,,,,,,,,,,8.67330677290837,842.924302788845,502,0.454973336236645,0,,,,,,,,,,,,,,,,,,,,
217.303420310296,755.436530324401,5672,0.202690817314985,10.1899623287164,225.843469591226,222.180957128614,2006,0.461831353350987,3.16019075055764,212.637147048038,460.466263292996,5454,0.122531051101217,11.4069549425981,895.731163954944,518.834543178974,3995,0.724579547145998,0.452727745352969,954.139625080802,20.9928894634777,1547,0.983406561310642,4.54436550861354,,,,,,1001.80860349127,233.178304239401,1604,0.854920996372396,12.204905735251,,,,,,993.842066601371,362.994123408423,4084,0.603734416863756,4.60805205540689,987.928601966652,510.203719538264,4678,0.829548768945112,4.76444389416225,75.1737288135593,91.5889830508475,4720,0.137740332889696,9.10295728316629,647.924648294469,828.463095008672,5189,0.0531799142632009,18.1259677442048,,,,,,,,,,,,,,,,1017.81586402266,157.776203966006,706,0.0867670985187493,0,,,,,,,,,,,,,,,
222.416527744701,787.620385806144,4199,0.485937698335678,32.5874887235199,225.261577608142,222.320610687023,1965,0.442996875818613,0.598415738724731,215.666666666667,463.749135546335,5784,0.124809734485709,4.46712875921399,877.914355628059,505.22634584013,2452,0.381829120015033,22.4192259850749,955.682785299807,22.7240490006447,1551,0.761765898864729,2.31910689806314,923.148227253311,528.762067492525,2341,0.788060189351183,12.5127770861615,999.637008381689,227.133462282398,1551,0.823150523252204,6.42307867031901,1012.91289198606,646.693379790941,574,0.729901833684583,6.74854235044613,991.014702793531,364.551564797311,4761,0.703025952303306,3.22794203506022,990.15103926097,509.452655889145,4330,0.592380125437563,2.34591648022705,73.0925963695696,87.6920252906384,4903,0.158542084562263,4.4178492543635,648.579530994365,833.235048173059,5501,0.0488526547913465,4.81668022124449,159.210735586481,686.113320079523,1006,0.0683408775003638,64.5509191472224,,,,,,12.4632911392405,846.274683544304,790,0.727279614444384,5.05856033902858,1007.84136397331,144.504077094144,1349,0.150333371422311,16.6024095521484,,,,,,,,,,,,,,,
217.661135693215,757.187684365782,5424,0.209840940535459,30.8019978332832,225.665121071613,222.235445646574,1941,0.498585697646429,0.41243231083912,215.465407695023,462.282739145782,5666,0.10545461725239,1.48014309349518,882.104944500505,504.629667003027,2973,0.538377232756214,4.23285491512684,954.548788927336,21.1024221453287,1445,0.799120530789648,1.97879292263224,928.554834301332,521.569866757773,2927,0.941033601156195,8.99773033496161,999.66049739734,229.68016194332,1729,0.844494451820017,2.54680798192429,,,,,,992.045713201821,366.578528072838,5272,0.569907139442461,2.27410698568348,1000.82042833608,533.785831960461,3642,0.1909902810736,26.5695186436209,70.8834160873883,65.8218470705065,5035,0.194682016813286,21.9814734014695,651.357098574086,836.975821450713,4839,0.0409983311852014,4.65921306388997,,,,,,,,,,,10.1978751660027,850.201859229748,753,0.300974392335634,4.53374220662611,1002.25,131.950746268657,2680,0.282608196946845,13.7422511218575,,,,,,,,,,,,,,,
239.371898263027,764.890198511166,3224,0.0390236210592182,23.0366216169515,226.095534787124,220.951194184839,1926,0.447788708336103,1.35445848347899,275.352084176447,465.617563739377,2471,0.268225999247946,59.9794554415157,894.942460827126,519.205240174672,3893,0.650221354471075,19.4229029426151,955.965454545455,21.7975757575758,1650,0.827297084461034,1.57803042371826,980.295539033457,492.242379182156,2690,0.85888051678451,59.4743814904775,997.365030674847,227.704294478528,1630,0.941288390585699,3.02873236065801,,,,,,990.236946902655,363.331194690265,4520,0.821216086847866,3.71709693478211,1002.26645768025,533.550380653829,2233,0.892749631338508,1.46507275655533,70.1834170854271,60.9758407421724,5174,0.254153325729079,4.89630227181699,654.000198216056,846.241823587711,5045,0.0346522648199446,9.6355991676817,165.360315893386,708.373642645607,2026,0.0655014123119473,23.09413992114,157.155402670983,478.084176446783,2471,0.658777629272958,91.3135938697946,12.2997967479675,854.858739837398,984,0.366107255642195,5.10926720094404,996.493185689949,128.812180579216,2348,0.528007642091558,6.55679079941872,,,,,,,,,,,,,,,
213.702357776336,741.892061431971,4623,0.245053819090429,34.4650492225294,228.964832671583,221.093023255814,1763,0.755962603456805,2.87280104343032,281.41392092257,467.203047775947,2428,0.231568393082702,6.26575010408727,879.224941724942,505.513986013986,2574,0.242872560146921,20.8444440372016,953.71997105644,20.7532561505065,1382,0.746872821277797,2.47644897810285,932.766784452297,520.314487632509,2264,0.848422669865179,55.199871239746,998.029589778077,228.490248823134,1487,0.88402505195008,1.02925362933118,1018.36939721793,640.137557959815,647,0.0757917021474077,8.52949290561011,989.079381713388,361.073880010479,3817,0.637394088029771,2.53681428783837,998.472178060413,511.823529411765,3774,0.514893061681054,22.055670987941,72.1812232001805,56.9404197698037,4431,0.27499607938282,4.5028714945443,653.47519729425,841.701991732431,5322,0.0465664011111038,4.57008744359495,,,,,,156.107190710138,481.23760607414,2239,0.939416025972743,3.32308090926999,13.1126482213439,861.176877470356,1012,0.250874994627147,6.37021119483194,990.551548269581,130.109653916211,2745,0.677163407146779,6.08165210245765,,,,,,,,,,,,,,,
242.401610644258,773.430322128852,2856,0.0462723243310657,42.6416346187779,228.585462805224,220.924474730267,1761,0.686438495237288,0.415126608355528,281.733618233618,470.990028490028,2106,0.298516232600093,3.80045119683367,896.162503091764,516.486519910957,4043,0.493130950315185,20.1811170447783,954.818247126437,20.1372126436782,1392,0.830984072334759,1.25925371876879,,,,,,996.841428571429,226.727857142857,1400,0.711442210717022,2.12550029115314,,,,,,994.296370463079,359.124906132666,3995,0.947397067724586,5.56915350756334,992.091666666667,510.559234234234,4440,0.763359874125942,6.50456516161213,74.5347237630353,59.7623696472154,4507,0.312414615577322,3.67455657324553,657.13232994527,851.989249413604,5116,0.0339041282245454,10.9179801165785,156.874861572536,691.865448504983,1806,0.0903746606506376,18.5613417838192,153.380491737203,489.356711003628,2481,0.97292169836405,8.56473888364584,16.7905073649755,870.099836333879,1222,0.42119731571081,9.65120939367294,1004.7140726007,134.496270512183,2011,0.716586472891129,14.8263110917545,,,,,,,,,,,,,,,
247.421507607192,789.901798063624,2892,0.0394611938297105,17.2194333527053,228.224688684353,220.882512181917,1847,0.71722974724029,0.363206307426658,298.669792091317,484.909498573176,2453,0.605922531626185,21.9222633944085,893.648192135128,518.584059118501,3789,0.627290167280566,3.27435952727257,954.690654672664,28.8850574712644,2001,0.397151573612389,8.74877528353464,,,,,,997.890410958904,226.96322999279,1387,0.643102567145273,1.07506484814618,,,,,,990.550834597876,355.50964665077,4613,0.792816639786072,5.20568343629965,986.782722513089,507.671465968586,4584,0.830519621965319,6.04351665687204,76.4942871336314,59.0645802285147,4026,0.227087564799818,2.08009583342519,657.710324483776,854.459783677483,5085,0.0316011720931305,2.53724599428994,154.795042321645,682.662636033857,1654,0.101687093631561,9.43490357635375,152.434102463825,492.861556511537,2557,0.910236554786404,3.63037115059565,20.1500742942051,875.222882615156,1346,0.476586711088963,6.12636051437394,996.61951684679,134.206929434202,3146,0.803408985493357,8.0997253726599,,,,,,,,,,,,,,,
244.797785737545,784.598827743406,3071,0.049140084159819,5.9165370501989,226.369214208827,220.399354144241,1858,0.600907252173087,1.91734900805775,287.245447019868,476.269867549669,2416,0.282125083397749,14.3233684772084,897.703609557702,516.07676664972,3934,0.467507712795178,4.76790582911621,955.253028263795,22.2227456258412,1486,0.710743910991486,6.68600502405349,,,,,,995.230922362309,227.991373589914,1507,0.751829582759936,2.85130827020236,,,,,,986.437354743292,361.612085358124,4733,0.812799507999587,7.35938004801234,995.253598014888,531.521091811414,4030,0.277168204657117,25.3092944312929,84.765019379845,75.2209302325581,2064,0.312424434779686,18.1502798144192,657.373022481266,855.640299750208,4804,0.0279749436107427,1.2277584611235,152.302911534155,665.836506159015,1786,0.0700267866999605,17.009684371764,155.866185216652,491.89847068819,2354,0.835022694455814,3.56464953752662,25.2943692088382,879.582323592302,1403,0.583548194689015,6.74303313071667,996.529925187032,134.598815461347,3208,0.85863568333247,0.401996671340868,,,,,,,,,,,,,,,
245.465654124957,782.516741456679,2897,0.0331230451579453,2.18657986094263,223.5135,218.459,2000,0.599442789583429,3.4525465742794,286.259016393443,475.87795992714,2745,0.254011903926792,1.06143156413644,893.215970961887,516.364532019704,3857,0.487325600782432,4.49685546518973,947.925756710451,26.9634494574529,1751,0.763392539809229,8.72715195441817,,,,,,997.526845637584,229.023489932886,1490,0.851871164546896,2.5172460808149,,,,,,987.047655847501,354.667954662545,3882,0.463715032898864,6.97089797336599,991.936627004656,514.712622866011,3866,0.756817368186816,17.1326274975935,77.5807594936709,53.4939240506329,3950,0.24638189754399,22.8839766592589,655.635747999179,850.033244407962,4873,0.0347782794403115,5.87002489237636,150.632816982215,659.024096385542,1743,0.104208876312996,7.01413877351465,154.698291366906,492.192446043165,2224,0.840296967788643,1.20432452171636,28.0427614631633,884.552292632664,1941,0.914379066118104,5.67928272282551,989.834557952121,138.624792604883,4219,0.980652186753338,7.81258179928984,,,,,,,,,,,,,,,
245.053650254669,774.003395585739,2945,0.0271594781427884,8.5233095161092,226.434362934363,216.632722007722,2072,0.528292674523961,3.44481227157797,275.062264150943,469.138490566038,2650,0.265694105977756,13.068577124123,893.214166201896,512.849972113776,3586,0.737186356956996,3.51456036930934,955.9367003367,21.240404040404,1485,0.631725406854055,9.84522557530024,,,,,,994.402037147993,223.964050329539,1669,0.55936669275258,5.94662569837204,,,,,,986.27363848981,347.849983294353,2993,0.483696984487076,6.86176627753295,984.042309891366,516.943396226415,3498,0.294345234729425,8.20345003462946,78.3098782138024,46.9057284618854,4434,0.397286207015581,6.62841875741402,655.226049313006,846.687935253153,5313,0.0505768829514217,3.37030359978219,147.715110683349,649.913859480269,2078,0.294527827196248,9.56605595408214,163.830115830116,479.258301158301,2590,0.555272998863213,15.832950512445,32.9946568023017,888.122071516646,2433,0.945729545727241,6.10447284622577,973.710921934432,130.572360079696,5521,0.628262428674962,18.02257772916,,,,,,,,,,,,,,,
243.532319391635,777.020394054615,2893,0.0368449598358505,3.37886480286207,225.481895633653,219.0404685836,1878,0.702877565861017,2.58929286342277,,,,,,894.698512730023,515.972775397025,3967,0.592675813381667,3.45762707090213,953.455460883036,19.426800929512,1291,0.882102262385727,3.07338664509626,,,,,,996.031063321386,227.114097968937,1674,0.731809825012488,3.54633986020471,1017.16692913386,627.661417322835,635,0.117071184637903,12.5339544712318,968.639112903226,343.357862903226,1984,0.682796917381361,18.1976822225321,986.485410334347,518.112765957447,3290,0.354669460497061,2.70853564538892,82.174295319369,48.2198086371864,3867,0.245350416286528,4.0817307937828,654.567574257426,844.833910891089,4040,0.0332684643119634,1.96748462101907,149.733435270133,642.975535168196,1962,0.141624927454965,7.2259240514364,213.595471698113,476.119245283019,5300,0.118263999952824,49.8642589081254,40.1824930405196,901.850603154964,3233,0.466756811287342,15.4963728250113,978.297378104876,142.058417663293,4348,0.911603764551471,12.3679060077737,,,,,,,,,,,,,,,
246.915497553018,775.505383360522,3065,0.0325425314015091,3.70690597060048,218.022556390977,215.072368421053,2128,0.542037222354666,8.44911597963488,,,,,,891.938775510204,515.317073170732,4018,0.680789431716589,2.83656393053612,954.881118881119,20.1616161616162,1287,0.753207555749629,1.60388720078098,,,,,,996.600474214582,228.170717249555,1687,0.645518107664177,1.20028041284765,1017.76716917923,630.874371859297,597,0.138903673230623,3.26854171847909,972.719892473118,354.234408602151,1860,0.668448309998676,11.6168846184702,984.772220548358,516.732449532992,3319,0.399731750341423,2.20006651591163,90.9285243741765,52.5164690382082,3036,0.143666337014966,9.75181095723991,659.491681152223,838.511050409734,4027,0.143598677026563,8.01407470504641,149.195134849286,634.965626652565,1891,0.172509347563202,8.0279761940268,257.190421892816,462.427594070696,2631,0.279048861398597,45.6944306825084,43.532930321349,911.720012726694,3143,0.742284947071231,10.4226040540415,977.733188326989,130.944535073409,5517,0.942796720059686,11.1281937585216,162.027704485488,490.479331574318,2274,0.590030919613106,0,,,,,,,,,,
247.34828846793,782.509803921569,3009,0.0392842903385096,7.0177785211591,222.077004779607,217.661178969729,1883,0.511439932081688,4.81045650567591,,,,,,895.30452397029,516.064595993698,4443,0.630673053377936,3.44776058731291,,,,,,,,,,,997.181203515889,227.211629479378,1479,0.917396730502683,1.12120286848571,1016.72890025575,626.487212276215,782,0.114162226623491,4.50834465906051,964.843990929705,348.633560090703,2205,0.499369129234418,9.66433283624491,985.92203639941,510.200442695524,4066,0.707972878447182,6.6324346823816,88.8341630367144,45.4598630989421,3214,0.169894143329891,7.3608448424037,659.589882761615,838.765306122449,4606,0.169401144547239,0.272561045520858,147.556689951639,635.788823213326,1861,0.165380473099155,1.83361780648954,246.392530208715,457.209813255218,2731,0.332609064144164,11.9924852078274,38.3419902288506,907.52172795063,3889,0.776783754756485,6.67618559544599,967.352773319065,102.660602817906,5607,0.148136642144066,30.1286216009068,162.720866141732,488.075590551181,2540,0.648673663948872,2.50168822757757,,,,,,,,,,
269.119120654397,878.185582822086,1956,0.234138202727415,98.1214747255257,223.948058252427,219.999029126214,2060,0.512237869064055,2.99439216742343,,,,,,892.533963227783,514.369254341164,3916,0.701296733232145,3.24810562431935,952.441248972884,19.3492193919474,1217,0.826446390941218,2.57156638655853,,,,,,995.663989290495,227.716198125837,1494,0.702215181867482,1.59891479595582,1017.77597402597,615.577922077922,616,0.111971955542472,10.9594240775165,966.168335717692,351.510729613734,2097,0.484019817445434,3.16733224997408,987.902051282051,512.837692307692,3900,0.765156451877401,3.29780903818956,83.5855263157895,36.3881578947368,3496,0.413639560653891,10.4806499197448,654.252593594948,831.240414975192,4434,0.114168849750817,9.22554293397923,145.519747235387,625.916271721959,1899,0.187897493158761,10.0804964450661,,,,,,41.2130979790228,910.291123049373,3909,0.689316337168716,3.98908622694999,960.922044276967,126.452661328309,4246,0.732463721719542,24.6458175797705,197.626949821462,470.314414583725,5321,0.392390311223933,39.1649594612742,,,,,,,,,,
268.5,875.427021696252,2028,0.217448900665915,2.82718408839248,227.984475374732,218.640256959315,1868,0.725408349584472,4.25898168425002,,,,,,897.04136148212,514.090478242137,4642,0.769096053532926,4.51601097613622,951.72569706104,16.0399397136398,1327,0.626853082970036,3.38575641885293,,,,,,998.15691318328,224.418006430868,1555,0.811822058748041,4.13433646332448,1016.7859922179,611.015564202335,771,0.118907062892076,4.66853010756642,966.611523352248,348.371890004365,2291,0.467385440103001,3.16997308707302,987.408411451735,510.751456802635,3947,0.803737910914563,2.14384208015343,85.3903397921932,31.579050828419,3561,0.770379872605607,5.1366197503725,655.123805732484,831.293192675159,5024,0.090568422792388,0.872809300021402,144.291195277914,624.152484013773,2033,0.18083989969169,2.1494852853086,,,,,,40.9306883365201,904.769359464627,4184,0.456904795474109,5.5289807643006,948.767245317497,117.775925079945,4378,0.407221952414575,14.9340178675668,192.714074893931,461.456004427227,5421,0.71266135735032,10.129549375678,,,,,,,,,,
269.990406578346,877.608040201005,2189,0.218870856340474,2.64161948184266,221.612919633774,215.902848423194,1966,0.497134962089783,6.93470461186071,,,,,,880.632997843278,511.77641984184,2782,0.481864239223161,16.5707351552199,953.894468085106,17.3506382978723,1175,0.943170221766042,2.53406758661634,,,,,,999.658352668213,228.008700696056,1724,0.773233406567262,3.89196683348774,,,,,,965.245679012346,344.904115226337,2430,0.386095601780688,3.72706220393034,1002.56710775047,520.169187145558,4232,0.112595552084237,17.846000064142,82.6771255060729,31.2914979757085,2964,0.502723042766905,2.7284095010664,654.358205993253,835.592379440365,5039,0.0753696767380642,4.36682376594616,143.991274842462,629.388269510422,2063,0.166717206530153,5.24436860208372,,,,,,39.2857142857143,899.250649350649,3850,0.486448643207889,5.75865443918503,918.693598657396,108.73411651882,4171,0.598446252732192,31.4034795125092,186.69470244238,454.586687306502,5814,0.93603921912209,9.13347482700771,,,,,,,,,,
271.19804400978,879.710268948655,2454,0.227847168158211,2.42440794282793,228.031198686371,219.609742747674,1827,0.717847268853741,7.41183995576421,,,,,,882.031129900077,511.87432744043,2602,0.568459436599797,1.40155597323465,953.577926920209,18.8240119313945,1341,0.936656578088745,1.50699308990882,,,,,,994.988183161004,224.7341211226,1354,0.66406345408145,5.70380176802799,,,,,,962.096601073345,348.285778175313,2236,0.49328303317383,4.62085881264225,1003.27376327376,528.931882931883,3861,0.117661883972883,8.79114324034591,85.1257968550786,25.0169995750106,2353,0.696622712203994,6.73537835283229,654.779758481886,842.512171746214,5217,0.0563028126883067,6.93262086492282,144.36354679803,630.377832512315,2030,0.223051565107626,1.05727070498445,,,,,,44.7696768848384,906.07152720243,3621,0.610272016541662,8.75204093097762,896.437128980032,111.545331894226,3706,0.563220951681368,22.4333094835857,177.356870229008,456.027099236641,5240,0.472143224663953,9.44827481467343,,,,,,,,,,
265.108076923077,860.54,2600,0.182641472835769,20.1143458924447,218.962732919255,216.565217391304,2093,0.406296473463199,9.56588762295165,,,,,,895.636861313869,516.160812043796,4384,0.624626510838356,14.264987821906,953.516587677725,18.5268562401264,1266,0.930269485437181,0.303420512690705,,,,,,995.815977175464,226.935805991441,1402,0.616054832827644,2.35216053705062,1017.35931899642,583.896953405018,1116,0.0403444574285107,27.124670600236,968.390115667718,351.614440939362,2853,0.834953374604634,7.11957314354951,985.734723220704,510.104001917086,4173,0.772966401328929,25.7314404861086,86.2556776556777,27.1967032967033,2730,0.750581448655624,2.45514540056658,653.244565217391,844.948807854137,5704,0.0487279056132083,2.87993296480757,168.08493227991,642.826467268623,3544,0.992845134977683,26.7894127684036,,,,,,74.3744142455483,945.303186504217,2134,0.66474462603798,49.148383145004,885.978638184246,111.622162883845,3745,0.495269117176506,10.4587730029158,175.241590782382,452.018398067274,5381,0.359176665800317,4.53255912290212,,,,,,,,,,
251.027579795476,793.609544468547,3227,0.0434799977827638,68.3955135736857,229.576107899807,218.398843930636,2076,0.577827731617782,10.7706041967738,,,,,,898.933121796436,516.84769343422,4097,0.57510680932446,3.3670668561004,953.871855345912,18.1037735849057,1272,0.910623184604982,0.552461807917525,,,,,,994.427672955975,228.046121593291,1431,0.611975443760601,1.77769213914095,1015.98580121704,580.031778228533,1479,0.0484046220204259,4.10196663018884,964.042118432027,346.253544620517,2398,0.478575474146729,6.9024842848779,982.785662211422,510.366707168894,4115,0.779416069300708,2.96073890875239,92.9386653581943,25.5323846908734,2038,0.702013045143822,6.88710977505807,648.987816485818,831.827336759947,5253,0.0503596139136907,13.7946697473858,141.185822147651,629.835151006711,2384,0.199110850457335,29.8720006716054,,,,,,49.1739243131156,908.929237947123,3858,0.68688679918485,44.2507494452784,875.448143053645,113.092709766162,3635,0.339097769384842,10.6326777355798,173.695236439499,449.047635605007,5752,0.322207705180023,3.34912546211198,,,,,,,,,,
207.589587323698,726.549886818736,5743,0.273459471381563,79.8990417595105,225.203109327984,217.11334002006,1994,0.408934998891945,4.55802992676381,,,,,,896.017449004669,512.721061685918,4069,0.571110373739389,5.05274553235629,953.787855495773,17.6671790930054,1301,0.862128771859189,0.444601760209191,,,,,,996.131271477663,225.920274914089,1455,0.798338590502139,2.72423787995347,1015.28672225786,576.066067992303,1559,0.0574382893953708,4.02685597816813,967.086409736308,344.07261663286,2465,0.743740696722812,3.74488403460916,985.380070993915,504.970081135903,3944,0.99289213926152,5.98786518474162,92.5509927797834,24.9350180505415,2216,0.807441310365047,0.712135472387928,646.199275362319,825.817505720824,5244,0.0485839820078533,6.62525703020256,,,,,,,,,,,36.9494152841991,895.552624422083,3677,0.454020197493509,18.121048821642,811.507534466175,89.3324783584482,3119,0.645964594691648,68.2125356740547,176.659605551497,459.007304601899,5476,0.271952476568019,10.3914623975562,,,,,,,,,,
,,,,,221.110243902439,217.06243902439,2050,0.478838422216197,4.09318192888872,,,,,,897.842826243691,515.404710406152,4161,0.545456199268879,3.24560818928531,952.535687453043,18.2329075882795,1331,0.970246616424455,1.37403549357313,,,,,,994.848035581913,225.808747220163,1349,0.633751154225809,1.28807328621296,1014.99938157081,573.69758812616,1617,0.0634422367671374,2.38584608614198,967.597347026102,346.373983739837,2337,0.601801471625867,2.35740269686341,987.907988399684,504.18586870551,3793,0.916837201508077,2.64676322068502,93.3197368421053,25.7342105263158,2280,0.849978844717524,1.10890759159153,649.548711613131,831.820861277797,5666,0.0316590715246104,6.874518247972,164.902942068547,635.632089778587,3297,0.676917370146146,24.4152877612991,,,,,,25.0057944495273,883.534004269594,3279,0.228731646428815,16.9439460873853,805.285516605166,113.32979704797,4336,0.854958978029248,24.7908210946957,169.813658894804,460.461722048834,5447,0.165406589287814,6.99873672431207,260.240511727079,848.492963752665,2345,0.164309025046458,0,,,,,
,,,,,219.11144278607,215.894029850746,2010,0.401535437992664,2.31525072073304,,,,,,893.635764598955,513.980231765508,4401,0.623404868417938,4.44167840801953,950.954514596062,19.1378139850645,1473,0.937153354745304,1.82180218206962,,,,,,994.821305841924,223.874226804124,1455,0.90506215340123,1.93470507289172,1012.78518123667,568.898720682303,1876,0.116091129109098,5.28505552131651,960.064366998577,349.633357041252,2812,0.611977716642462,8.20788050674797,981.805058458602,506.000954426151,4191,0.698271865987582,6.36712572822528,97.228802153432,24.8537460744729,2229,0.990485578448166,4.00699504107222,649.592083562397,829.811068352575,5457,0.0269437741088131,2.01026086074872,133.878106508876,627.487573964497,2535,0.502893943470197,32.0760589747339,,,,,,16.8627010849233,855.447063224841,2673,0.130863773483442,29.2435672720704,798.574712643678,132.445548412235,5133,0.825285462982426,20.259487654674,167.435206523666,455.069313951427,5641,0.188400210025675,5.89364918965806,252.353937113679,788.720505240527,3721,0.0359330721905596,60.2905038602103,,,,,
224.584615384615,699.496153846154,520,0.0808546349781225,31.9489506328944,220.517761557178,216.356690997567,2055,0.42887913045587,1.4804687847935,,,,,,893.913520097442,514.626309378806,4105,0.571713207493617,0.703252727933219,950.993303571429,18.5959821428571,1344,0.974755155833312,0.543218491805793,,,,,,993.94099756691,224.993309002433,1644,0.714995539163214,1.42382850990972,1015.44698544699,575.227997227997,1443,0.0601353460624502,6.86621753558034,961.238732708612,347.255243195002,2241,0.574414667778716,2.65227454963269,981.218495934959,505.25762195122,3936,0.862335557516931,0.946888991608832,95.5543970988214,24.6387126019946,2206,0.874797242679994,1.68815629643458,649.383850715033,833.017265434252,5734,0.0272350615888768,3.21295201415712,133.793409378961,620.002957329954,2367,0.305679251059989,7.48509584239915,164.428508963708,508.179274158286,2287,0.658716544623109,96.5193593192647,14.9296010727456,843.16359369762,2983,0.0797032193429974,12.4346491419442,797.53171456888,151.761149653122,4036,0.992023621131678,19.3437404935292,166.951599326599,420.782407407407,2376,0.718380464785009,34.2903169463245,260.181255161024,842.051197357556,2422,0.148182672370408,53.9020373408615,,,,,
,,,,,220.432474226804,214.748453608247,1940,0.444561887853039,1.61049726144673,,,,,,894.484401451028,514.311729141475,4135,0.650507885595495,0.651817647498939,952.886075949367,16.0909810126582,1264,0.812138873868093,3.13968436900668,,,,,,992.446403385049,220.061354019746,1418,0.945340826583423,5.15344464603069,1016.20214909335,567.820685023506,1489,0.0442624921235862,7.44570656335593,963.386575010109,344.718964820057,2473,0.469063885806235,3.32354246961223,977.58086622807,504.580317982456,3648,0.714432810562501,3.70014736876056,95.1307619943556,23.461429915334,2126,0.99209243034369,1.25118392974277,650.252239340738,837.905947689,5582,0.0240136874761477,4.96521026676085,131.023491478581,631.747121142331,2171,0.503039622388774,12.0663925357495,150.87352297593,518.060831509847,2285,0.625414131037605,16.7744693156309,12.836820083682,839.298744769874,2390,0.0621465070327374,4.39508697325551,812.525221409318,171.677319984598,5194,0.871670014583202,24.9290811713273,163.226545842217,432.118869936034,1876,0.318661269006028,11.932787022505,251.832423110089,793.28341477436,3479,0.0422538601909312,49.4772636136693,,,,,
,,,,,220.544682752458,214.988382484361,2238,0.44367028946526,0.264870947486631,,,,,,892.916917670683,513.314508032129,3984,0.579201053483501,1.85780928584485,952.943615257048,16.3590381426202,1206,0.806850918866916,0.274163084407586,,,,,,990.753937007874,219.465879265092,1524,0.751209117752214,1.79416627470803,1016.46474601971,563.300227445034,1319,0.0462377443351749,4.52807838541859,965.584790874525,345.275285171103,2630,0.651866636557316,2.26751964039045,977.187882009035,503.383204889716,3763,0.597116067876122,1.25996680639655,94.7855887521968,22.6660808435852,2276,0.939734357210485,0.867020595507364,649.684044526902,836.20667903525,5390,0.0321203704684077,1.791747555904,139.364091161757,639.431350750417,1799,0.788412097881826,11.3407666294996,138.53751488686,525.546645494244,2519,0.697076558930588,14.4296398632328,12.0075345332775,829.238174968606,2389,0.051936565375717,10.0946906465876,859.672619047619,202.947619047619,3360,0.364725213302909,56.574806297104,148.322,440.0288,2500,0.226022863029362,16.8734252711059,254.193636363636,812.553939393939,3300,0.100803469818795,19.4146451716873,,,,,
,,,,,217.823416506718,215.457293666027,2084,0.459700444541848,2.76137061556278,,,,,,878.824427480916,509.59796437659,2751,0.617666860966554,14.5743259361177,952.305970149254,16.1857379767828,1206,0.796946784045716,0.660775476976388,,,,,,993.479205462446,223.418373680944,1611,0.532216019734385,4.80096867900861,937.785526809149,515.145856767904,2667,0.808865416354362,92.2456662987172,965.993022401763,349.683804627249,2723,0.800780751808094,4.42738035129747,1003.40724108897,518.686219477968,3563,0.188686134888871,30.3584756872083,95.0688317983519,22.6514784294716,2063,0.945095226628975,0.283619205437771,648.789850861902,830.796242494674,5163,0.0343735618709039,5.48383131306338,140.416445623342,637.569230769231,1885,0.621720318100752,2.13891111015668,141.211061946903,522.214601769911,2260,0.813443550895094,4.27204509141997,13.4529211571185,797.971922858763,3526,0.0299462911059924,31.2996431846853,847.668010752688,209.627688172043,4464,0.551953862468363,13.7380473074526,148.018699186992,444.929674796748,2460,0.240012292749109,4.91025102785703,258.777962577963,830.274844074844,2405,0.208012273715505,18.304275717686,,,,,
,,,,,218.872165943078,215.756391702846,2073,0.448268711771209,1.09056637390586,,,,,,895.808419038508,514.978474049271,4181,0.626866820633455,17.8158876726966,953.237415477085,18.6927122464313,1331,0.872119025249379,2.67441776606015,,,,,,989.883076923077,221.870769230769,1625,0.802260228230596,3.9149993621789,1018.36959370904,563.153342070773,763,0.046628968869436,93.8003757094387,968.517715858273,343.616787065703,2907,0.673807364256045,6.57136052438551,977.450129533679,502.491580310881,3088,0.649146602542996,30.5947377508942,94.6409155937053,22.277539341917,2097,0.906789479758638,0.568280493594802,649.120479597757,831.907174627732,5171,0.0351793665379214,1.15908824738828,140.214734437464,635.939463163906,1751,0.730107478864599,1.64220274323034,145.807067137809,484.335512367491,5660,0.327014971583252,38.1568955455157,14.0823909531502,794.529886914378,3714,0.0378875965783124,3.49912041326926,864.099957645066,201.013130029648,2361,0.596846828025741,18.5531531191496,,,,,,259.742895204263,829.026198934281,2252,0.182676517846372,1.57803981583213,,,,,
,,,,,213.458506224066,214.171784232365,2410,0.517427298545353,5.64080600523981,,,,,,879.916288803627,510.192884548308,2867,0.525680313482558,16.5970379970074,952.506339144216,16.2408874801902,1262,0.800397229141377,2.55849903045417,,,,,,992.266927811975,224.166759932848,1787,0.776250687488113,3.30973085983372,938.016141141141,513.755255255255,2664,0.831475553804436,94.3231059741755,964.886353467562,347.752125279642,2235,0.535066637488514,5.50343664961588,999.367282169648,508.279572994807,3466,0.273955720743058,22.6685341162051,93.2019230769231,21.1120192307692,2080,0.813135902877077,1.85179280505276,645.534521158129,820.615812917595,5388,0.0418780594680933,11.8471071236771,135.475035663338,626.33190679981,2103,0.359142058688868,10.7130706969919,148.005270960303,481.123867567122,6071,0.714982427981014,3.89188416695084,16.4076923076923,783.50650887574,3380,0.086712580162866,11.2659615555961,888.492286595818,211.887555707919,2917,0.539851053499459,26.7065318877972,,,,,,256.286089238845,820.681102362205,2286,0.15412435887038,9.03272629275465,,,,,
,,,,,217.530864197531,215.846153846154,2106,0.511660111319464,4.40313673051594,,,,,,896.129245498062,513.552541600182,4387,0.571068740011339,16.5573929192319,952.170769230769,17.0384615384615,1300,0.90627806010566,0.86529275117605,,,,,,987.907076923077,221.492923076923,1625,0.846758807991615,5.11446021643859,,,,,,966.102838338132,352.977786918963,2431,0.966198109620399,5.36538675297527,985.590117109397,498.901742359326,3501,0.695638652489277,16.6659528538021,92.5269343780607,21.2610186092067,2042,0.813738888248404,0.691238423676395,643.854038997215,817.924976787372,5385,0.049095610987621,3.17247842748577,135.435096153846,627.210576923077,2080,0.366272741233016,0.879577370070876,149.379351132139,483.780162216965,5918,0.860473382306076,2.99065169911459,18.0484463748747,776.418977614434,2993,0.143028627616647,7.27496895450185,866.193819152995,209.721480351011,5242,0.570286461746401,22.4034268082011,,,,,,248.531445505433,796.874547250576,3037,0.133606887489053,25.0377028841535,892.199134199134,128.237229437229,1155,0.347766769042103,0
,,,,,202.347647498133,207.816654219567,2678,0.324705599901991,17.1756494373353,,,,,,894.902689700416,513.4649026897,4573,0.63610788233183,1.229682765339,952.333057166529,16.1864125932063,1207,0.788689917556419,0.867366577176912,,,,,,988.04481276857,219.118477593616,1629,0.982040998286894,2.37843699019592,,,,,,964.336659275684,349.884331116038,2706,0.985434528112242,3.56214223260137,982.469693127061,499.999492772001,3943,0.614160702595759,3.30788479213986,92.2997957099081,20.3845760980592,1958,0.686350904380764,0.905396846646016,642.888530193695,812.191986327383,5266,0.050406862563663,5.81372400996115,136.014418125644,635.087023686921,1942,0.673195371677988,7.8977229358007,166.820816227964,467.860178700797,4141,0.721015980628667,23.6146263964508,18.1644176136364,778.131747159091,2816,0.156291799464657,1.71669124810646,883.490868221411,189.549030626581,3559,0.810586940393516,26.5728364003516,125.13728272437,521.505853139411,2819,0.62521998249,79.9216510646726,251.3384359401,807.158069883527,3005,0.132926449187012,10.6597388824835,926.54965034965,134.473426573427,1430,0.345666315129001,34.9120053066046
,,,,,218.937833899951,218.247207382224,2059,0.467266757592367,19.5967018685826,,,,,,895.793636363636,514.447045454545,4400,0.513954579163942,1.32604312420133,952.527672479151,17.5269143290372,1319,0.934250237842543,1.35455528631083,,,,,,991.11188369153,223.972819216182,1582,0.782067302701255,5.74208643569968,,,,,,963.865213882163,347.642453591606,2478,0.649336048858983,2.29091152025271,988.642043876701,502.496806442655,3601,0.680574374520025,6.65841492745976,91.2897897897898,20.8363363363363,1998,0.782046886083603,1.10643538969166,644.11906193626,814.040288634997,4989,0.0490626967983805,2.22045711280104,130.469062784349,634.246587807097,2198,0.475881375651106,5.60868062286623,,,,,,18.3264320220842,781.081780538302,2898,0.21263041069492,2.95447890617044,870.278267254038,108.075624082232,2724,0.458839473359322,82.5378022379061,145.483876500858,497.709262435678,5830,0.947626828948815,31.3091297775331,254.164735698769,818.231354091238,2762,0.149291023316585,11.4282804249192,903.562791641307,159.698721850274,4929,0.678058639275249,34.127865375401
,,,,,218.531723484848,216.339962121212,2112,0.527593029439396,1.95000260382104,,,,,,898.668983090109,514.65971739634,4317,0.468573726541183,2.88320102529519,952.320962199313,17.1821305841924,1455,0.723805460423851,0.402001207087627,,,,,,988.26990881459,221.267477203647,1645,0.894700789529321,3.92373503258602,,,,,,959.771278458844,353.004553415061,2855,0.622977922426958,6.74628948141154,988.122934401602,484.773910866299,3994,0.358460638638701,17.7304963906128,87.8719081272085,19.8343639575972,2264,0.477686752575019,3.56172201430232,642.317996505533,804.488448844884,5151,0.0573963067185431,9.72015843809837,123.722341184868,605.507137758744,2802,0.0882709069481817,29.5207425621837,,,,,,19.0032226877216,775.506928778601,3103,0.198353939386447,5.61578291494018,821.89381933439,119.074484944532,631,0.282619973286916,49.6188446132859,157.879855293222,483.217440974867,5252,0.929557306026053,19.070217079854,253.971079429735,817.162118126273,2455,0.1931889444782,1.08663162999764,904.522628749783,126.897693774926,5767,0.44913890134422,32.8150686434533
,,,,,219.415815193247,214.712127943136,2251,0.488472934419392,1.85242064881908,,,,,,897.52385026738,511.107807486631,4675,0.577504190141978,3.73194228095519,954.065669160432,15.3965087281796,1203,0.754125035594406,2.49648709046327,,,,,,988.189492325856,218.846517119244,1694,0.890971519905942,2.42229530444431,,,,,,965.619209039548,350.027118644068,2655,0.910173974822664,6.56227170210534,984.790977042178,502.298985584624,3746,0.540622366029466,17.8390073638604,83.5111016225448,17.7399658411614,2342,0.295785758936938,4.83767886917337,642.439152371342,802.265388496468,4955,0.0635268940529636,2.22635937272508,125.875042793564,606.032180760014,2921,0.0899373053266489,2.21580558020429,,,,,,17.8211484154377,783.862566677126,3187,0.105803134607063,8.43883785105829,,,,,,162.805885578505,476.950283312009,5471,0.898321569141611,7.97138880889938,253.554951456311,813.989126213592,2575,0.179649688764086,3.20016252215469,913.735510666415,118.652822352275,5297,0.0833245014360951,12.363458172609
,,,,,216.929411764706,215.925490196078,2040,0.404685419368735,2.76666766459723,,,,,,882.784860557769,512.818725099602,3012,0.728695362462252,14.8379599924782,952.073529411765,17.2577399380805,1292,0.910266343753573,2.72631663511966,,,,,,989.443396226415,220.287735849057,1484,0.897911213269208,1.91033672921786,948.863994743758,514.737516425756,3044,0.579595432743895,10.8922341505719,963.679354571783,345.885395117915,2417,0.613783982262147,4.57350075141534,1000.04587155963,482.905963302752,3052,0.334223824202802,24.6738955165946,69.6208499335989,17.4664674634794,3012,0.156135372668542,13.8929440128743,641.4126086078,800.784602950091,4949,0.0620752835141083,1.80180962724356,125.19646799117,604.457229580574,3624,0.0844913049140409,1.71491544399788,,,,,,17.6979289940828,794.057692307692,3380,0.0707591447909684,10.1958702251858,799.514950166113,131.75415282392,602,0.713225360039223,25.7213483857754,166.755918709407,464.146448774356,4773,0.617237757032262,13.3992888095907,257.476118271418,829.333206974981,2638,0.144317699413211,15.8371829440693,914.728800896526,108.64942099365,5354,0.09347055564406,10.0525948999738
,,,,,218.294003868472,216.47920696325,2068,0.413618407830898,1.47265537988596,,,,,,881.538739330269,513.145108338805,3046,0.775926100146069,1.2881553215581,951.93522906793,15.7993680884676,1266,0.722518754509084,1.46491482238661,,,,,,989.34756097561,222.768292682927,1476,0.860902499918555,2.48240742050075,948.54667411962,515.601173840134,3578,0.779275355650653,0.920106791581671,965.932651321398,346.031116794544,2346,0.649037500086058,2.2580037752105,1000.51561051005,477.74714064915,3235,0.355723044723154,5.18016465499472,72.9506449803702,23.9545709478407,3566,0.528793382039364,7.29266905030548,640.575828918972,798.126545026486,5097,0.0701120389554067,2.78665968013189,129.617989056088,639.896374829001,2924,0.71443457906699,35.7139029576248,122.5,469.9,20,0.0398582816651904,44.3677317658415,18.7550631403383,801.433166547534,4197,0.0530456754340688,7.45084913722907,836.807954882755,117.749183734046,3369,0.299286602803826,39.8360058239251,182.975439761036,449.814138732161,3013,0.780088026750553,21.6445830241616,258.015503875969,828.406589147287,2580,0.195738092912737,1.07217415982569,935.541221894163,113.504883034295,4403,0.298853825600795,21.3712980282207
,,,,,218.129781420765,215.939435336976,2196,0.405582380359483,0.564200692006364,,,,,,882.271154451085,512.117332494495,3179,0.583618713644227,1.26204401482156,952.830875975716,15.1179531656548,1153,0.661461948562505,1.1253931226274,,,,,,988.238636363636,209.925889328063,2024,0.299857410509243,12.8901915317055,947.008483853311,517.391351943076,3654,0.784897784440093,2.36024721917404,962.901821060966,343.35233570863,2526,0.702386314896318,4.04497220927412,1002.60735785953,478.311036789298,2990,0.282366259702578,2.16642235747162,79.6832917705736,18.1658354114713,2406,0.373419629628688,8.87907607308678,639.485931402752,798.393509960978,4869,0.0679370847931159,1.12211713831943,130.279873217116,639.987321711569,3155,0.646848521542133,0.668103269015128,,,,,,18.4048852701702,812.513446829509,4053,0.0642151712776353,11.0858123594025,823.289781021898,123.340510948905,2740,0.262458443294541,14.6288743434338,187.977312390925,449.910645724258,2865,0.533901423622501,5.0028035545243,263.171384257464,841.670414889492,2579,0.179294782841209,14.2306772793101,925.56236512732,112.151704790678,4634,0.307986303125289,10.0701873732405
,,,,,216.135285913529,215.268712226871,2151,0.408969883773252,2.10425326869541,,,,,,882.698863636364,514.511679292929,3168,0.649065891284945,2.43224828879444,953.184741959611,16.6155572176515,1337,0.576247363765948,1.53884340695052,,,,,,989.31661237785,219.596091205212,1535,0.787159966385314,9.73009951809469,948.696116217017,517.959976282241,3373,0.744795030578902,1.78085278283161,964.980041580042,347.070686070686,2405,0.558935277609387,4.25971007709533,1002.21870240634,482.525129454767,3283,0.298140951979965,4.23197708576752,64.471150781001,17.7615556263946,3137,0.153549169163125,15.2175121367212,637.536356038445,791.480568324279,4786,0.0692919804791374,7.18259049184288,129.817432273263,643.415783274441,3396,0.886304066156551,3.4595086811048,126,493.5,2,0,23.8581223066695,18.2851721333695,814.744375169423,3689,0.0646748188844174,2.23413797536148,845.176308539945,126.04329004329,2541,0.253977908234527,22.0527799071064,178.877557866488,457.145588728615,2981,0.730505112072464,11.6254003234856,266.33559728326,854.18058330004,2503,0.189605949542651,12.9041294837308,939.051224027978,120.88068298704,4861,0.391990227522731,16.066871966703
,,,,,218.153627311522,216.484115694642,2109,0.399345489751251,2.35603641489757,,,,,,888.751979565773,514.933333333333,3915,0.961468486688495,6.06778415771808,952.696899224806,16.9085271317829,1290,0.873833914846064,0.569053516365648,,,,,,979.203971119134,187.586040914561,3324,0.326123974759175,33.5694628023372,966.915592028136,512.446951934349,3412,0.343811025334425,19.0353023693448,965.420504605527,346.68882659191,2497,0.572045895540651,0.58294454140199,1000.89831430125,459.191952147906,1839,0.450467378180294,23.3705067977021,64.2108414749448,18.1708162622124,3173,0.14968502689109,0.485031135958694,634.942291666667,788.500208333333,4800,0.076101785641087,3.95116636457673,131.737815619495,643.559600704639,3406,0.899005047996467,1.9257610572746,,,,,,17.7998483699773,803.702805155421,3957,0.0525659422405274,11.0522308847318,833.733850129199,154.274763135228,1161,0.303059145750992,30.4622049008683,164.481948424069,468.83553008596,3490,0.704835634136131,18.5442255205451,266.981803797468,856.877373417722,2528,0.186824885124749,2.77313176712358,931.15015508119,124.533296843642,5481,0.594924393545303,8.70450908939392
,,,,,209.157364666387,214.90851867394,2383,0.284430928202441,9.13319481626762,,,,,,896.158814421588,515.566909975669,4521,0.682846264448111,7.43388336894222,953.318999218139,17.4128225175919,1279,0.952125667220472,0.800825972264314,,,,,,997.446914302428,204.362679145949,3419,0.484228323284782,24.7842806297817,983.759280742459,506.144431554524,3448,0.637979627757704,17.9842045318423,964.131935881628,347.24290998767,2433,0.580557209014211,1.40264670023019,,,,,,63.3131241084165,21.189253447456,4206,0.19433294783446,3.14910455708092,636.799264856034,787.913620584031,4897,0.0720678067657571,1.9474174215257,134.923399496785,649.146491473302,3577,0.580917593419262,6.43127460929943,,,,,,18.8283310595725,790.690768531151,4398,0.0561306979593199,13.0526194211793,,,,,,168.756220578346,467.930733019502,2974,0.413352259760742,4.36898846190936,269.527812630698,865.358009201171,2391,0.199439273106029,8.8545662948792,952.222683838804,143.65870378064,4814,0.924152565108502,28.4575589035012
,,,,,218.134703196347,216.376712328767,2190,0.458839234288619,9.09660374478189,,,,,,890.334503950834,514.200395083407,4556,0.532333261888997,5.98247067778102,952.217524980784,17.1045349730976,1301,0.830219968073124,1.14380361323416,,,,,,990.1907105506,214.937557674562,3251,0.81948466026478,12.8249970285747,983.210168569875,508.277052746058,3678,0.514518703231416,2.20218012992969,965.070189592578,351.125857200484,2479,0.963589210034965,3.99469636938975,981.639921722114,441,511,0.501474736643068,26.4921272774363,76.1893429901707,19.28815312985,1933,0.442503614844274,13.0158055881472,634.873124448367,788.704324801412,4532,0.0898858648477973,2.08212152129316,138.665706806283,650.423298429319,3820,0.733435972618083,3.95412442920745,,,,,,18.4359441408622,790.284557781826,4941,0.0543781059016356,0.564778422783787,,,,,,170.614442013129,463.98818380744,2285,0.538753298813182,4.35851823332461,270.791751735402,868.121273989383,2449,0.202607020170605,3.03861388632609,974.471987101975,148.904474002418,4962,0.69692553601427,22.8593438426451
,,,,,213.481012658228,216.29746835443,2370,0.310860240221863,4.65436518034937,,,,,,895.029327610873,514.766809728183,4194,0.555319576778303,4.72886823126581,950.441558441558,15.6594516594517,1386,0.572230479322598,2.28961196097218,,,,,,999.935864250791,215.680184066724,3477,0.554603446909778,9.77340854557334,981.493437657749,493.999495204442,3962,0.68321912631755,14.3803968783476,965.042042042042,345.337462462462,2664,0.586572569957681,5.78846317495046,,,,,,72.9568888888889,24.2697777777778,2250,0.412802459449621,5.93846307134561,633.457882882883,787.544369369369,4440,0.109054602907944,1.82986482916089,141.322775698244,653.795853728765,3473,0.63861308477781,4.2935002439086,,,,,,20.1551408708379,795.770947676546,5466,0.06678682583198,5.74944444909668,,,,,,161.49087893864,479.547540077391,3618,0.662467252803819,18.0369889590652,271.410213478443,873.57639179573,2389,0.228556311777691,5.49006422628446,985.212472069876,150.445053828966,4923,0.913658339356957,10.8504102939784
,,,,,209.797106966121,215.633422154549,2627,0.243937059445132,3.74327643968675,,,,,,894.716678631252,515.30557549653,4179,0.565253433604718,0.622910858470817,953.372035977105,16.5094031071137,1223,0.850788450578836,3.05124827730043,,,,,,998.359821048147,205.967831273967,4694,0.340514772666097,9.83939576130488,980.937791984264,500.454388984509,4067,0.676644429355722,6.47876499237421,967.941328413284,350.218081180812,2710,0.621853731244772,5.67682134088899,,,,,,79.7552674230146,19.730415991356,1851,0.530653553900217,8.17457987429857,651.960724043716,836.978142076503,2928,0.0570867598286757,52.7830750817299,168.475356978351,670.619069553201,2171,0.871225042031069,31.9418731581041,,,,,,28.4862910515215,759.005423320277,3319,0.933858225478985,37.6976371212374,,,,,,159.430107526882,485.233712839975,3162,0.436791794112628,6.04808560599731,278.21890884446,889.023720772619,2951,0.202237035336565,16.8813004566429,1002.59459459459,112.54261954262,3848,0.178062746197941,41.6981139656837
,,,,,218.175639894086,217.271844660194,2266,0.450633050029477,8.53722685255616,,,,,,891.555778894472,514.343969849246,3980,0.712118522233486,3.30393289381896,953.008899676375,16.4741100323625,1236,0.884657910975448,0.364847329760404,,,,,,1002.34383133784,212.774076002082,3842,0.356221864175975,7.88652682030699,973.65067844746,513.912906279583,3169,0.254502902629357,15.304695733012,951.546054803566,353.809508088478,3029,0.277597038121934,16.7840204948232,993.263019116678,446.812129202373,1517,0.325455520274745,12.9952775618146,73.3331714424478,23.7945604662458,2059,0.486415015435331,7.60003862466428,647.942011476895,822.176985804893,3311,0.0628385580687191,15.337023103306,165.926277702397,663.317955676165,2211,0.750192104331723,7.73330905890581,,,,,,45.8004484304933,756.219450672646,3568,0.530573530268224,17.5368665769331,,,,,,150.52741745283,495.734375,3392,0.574414568387267,13.766691554386,281.613680781759,897.328664495114,3070,0.179886266981192,8.9719878923279,1000.10888182041,113.811353070712,4087,0.212126745258641,2.79077995568791
,,,,,219.865139949109,219.867260390161,2358,0.43865951092077,3.09686829672858,,,,,,882.666253101737,514.787841191067,3224,0.562412210266317,8.90060057455663,964.950532724505,29.8953576864536,2628,0.861222903088192,17.9647568435711,,,,,,1002.0163838502,218.107080163839,3418,0.496378019208985,5.34304737452996,945.342490189083,514.885836603639,2803,0.682804671699737,28.3249027515923,965.769177608846,350.723220456116,2894,0.828946957952801,14.5541194746971,1001.79104477612,494.774941084053,2546,0.315393737435085,48.7150751333255,61.0114942528736,24.318144499179,2436,0.244702364897955,12.3327964794533,646.84575389948,817.447487001733,2885,0.0605240027298031,4.85488821757299,162.517608217168,659.322817314747,2726,0.966433623057865,5.25168146277014,96.15625,537.5625,32,0.320154810895552,53.2179792956525,56.7025718608169,763.457488653555,3305,0.996823323948245,13.0860799746563,,,,,,153.123553719008,503.945041322314,2420,0.404824066473168,8.61132771231867,279.339015151515,890.162878787879,2640,0.176994575248838,7.51815060579594,1003.12376377508,129.387962701328,3539,0.28215771284936,15.8656950930366
,,,,,214.266891891892,216.043496621622,2368,0.315300453078319,6.77949486818417,,,,,,895.275255526503,513.956501069646,4207,0.539460190598398,12.6363787749992,978.444048272079,35.0995611629183,3646,0.882182324153143,14.4623198573763,,,,,,999.342294767163,229.382621219395,4166,0.410530419944601,11.5882948926745,984.810850439883,430.677419354839,682,0.533763784123687,92.998973093443,974.141056422569,338.399759903962,3332,0.895540115812707,14.8981889789388,984.927289048474,509.987133453022,3342,0.429229822327307,22.7111658422064,74.4769846564376,20.472981987992,1499,0.824568498236463,14.0037390202015,647.35562086701,815.783614988979,2722,0.0622005495619101,1.74023975342623,176.210549450549,672.540659340659,2275,0.544036709054252,19.0317625942217,,,,,,40.9975742874469,776.166464523954,3298,0.724053980501717,20.203094229695,,,,,,148.483952398125,517.645510277678,2773,0.433103160129968,14.4647416158611,287.610451306413,911.188666440448,2947,0.162025935755837,22.5942559619804,1005.5942408377,129.527486910995,3056,0.157857808362364,2.47441385423055
,,,,,219.248042851257,216.3753605274,2427,0.44968361876409,4.99219375945478,,,,,,893.092406221409,508.400960658737,4372,0.917285395580262,5.96899156859747,985.736703873933,35.1162179908076,3046,0.659526109057105,7.29267462438629,,,,,,999.759325255405,229.528629128059,4209,0.384718470001671,0.441851488077142,991.554252199413,455.882697947214,682,0.599497222589571,26.0917522640718,976.66188850967,353.085324232082,4395,0.707707773690159,14.9003487894317,974.192565508836,511.363497867154,3282,0.228963538946875,10.8225998943389,80.5326086956522,20.4682274247492,1196,0.836642844144521,6.05562590573301,645.021600566572,808.75,2824,0.0725511296863325,7.41076180807607,167.733639900955,662.259992925363,2827,0.955322203013288,13.3247925858009,,,,,,22.5068072024594,762.587615283267,2277,0.826678532084004,22.9410900807383,,,,,,137.709838107098,536.611145703611,3212,0.765260735810169,21.8123099617059,285.043364485981,901.002990654206,2675,0.205022694903102,10.5041861163099,1008.85071243523,126.298575129534,3088,0.111012704417328,4.58589997252688
,,,,,193.215295396883,210.892714751722,2759,0.164781349079818,26.6038219946828,,,,,,897.596905707715,515.277231862848,4783,0.587170640863853,8.22031759086007,980.942900763359,24.8610687022901,3275,0.327437769438658,11.3202754026893,,,,,,1002.36036838978,213.456625074272,3366,0.403253097825604,16.2811160456468,,,,,,972.173601433406,348.989249452518,5023,0.873340103588152,6.0763928015503,984.585437936593,504.560182697474,3722,0.928543176920677,12.4216301103209,82.9063867016623,21.1951006124234,1143,0.931459869453,2.48257258761495,646.849078341014,812.90668202765,2604,0.0623462646848528,4.54066960866622,180.720015885624,677.043685464654,2518,0.514302031169283,19.6774878048873,,,,,,21.8146591970121,787.651493930906,4284,0.135553380241067,25.0734337840866,,,,,,134.54237804878,558.486280487805,3280,0.633954810564886,22.1032650313855,288.380970724191,907.420261941448,2596,0.230717891860803,7.23332469721961,1010.68063639891,126.120682964688,2577,0.109491424622422,1.83855033522753
,,,,,194.941649196366,208.680642907058,2862,0.170774530947175,2.80598633049838,,,,,,895.259653179191,512.559768786127,4325,0.56024071285135,3.58432071045972,983.542199488491,24.5257581293387,2737,0.528534318845281,2.62083708818522,,,,,,996.058093230265,238.866010775357,4269,0.338341123123967,26.1792962833754,,,,,,984.599962839093,339.83723522854,5382,0.791757326865162,15.4328812002379,986.064200217628,504.849292709467,3676,0.654959078307302,1.5067589332222,82.8730290456432,19.5701244813278,1205,0.801474830290797,1.62531847951276,644.655495495496,802.406486486487,2775,0.0611345984427226,10.7268780221842,181.470159151194,675.507294429708,3016,0.726932123873121,1.70974042800172,,,,,,19.5472696656242,788.866730815492,4157,0.118955421051907,2.57251938237719,,,,,,124.882165605096,560.767515923567,3140,0.620023781837624,9.92591253087099,286.336238198983,906.486201888163,2754,0.249657587440918,2.24797670868418,1012.44932162809,145.804868316042,2506,0.0661045804736839,19.763486544291
,,,,,194.064380685794,208.589923023093,2858,0.174803640544525,0.881946788070399,,,,,,880.566291432145,512.767667292058,3198,0.5084994362612,14.6948324664935,985.357241761285,29.201052340072,3611,0.652421329221219,5.01525217800115,,,,,,984.296391752577,254.373711340206,3492,0.314907955307651,19.4634631671563,985.807106598985,434.861252115059,591,0.644762032693286,21.7929086499886,972.592484248425,346.596534653465,4444,0.334583730982142,13.779247832199,1003.23112371499,506.774193548387,2821,0.444255423163818,17.2745044966309,82.839968774395,19.5620608899297,1281,0.80556576901754,0.0340294437397363,644.136739834473,805.082763584023,2779,0.0700508081160863,2.72608997258741,194.612071888776,691.516107154968,2949,0.551760744200678,20.7121209747979,,,,,,,,,,,,,,,,120.827130434783,577.101565217391,2875,0.460703828162188,16.8298685843224,289.081117468866,913.651969033995,2971,0.216298283212703,7.67349861500769,1008.67286914766,163.931272509004,3332,0.118404568121591,18.5156183343578
,,,,,213.904639175258,216.701890034364,2328,0.269772935864349,21.4345484141999,,,,,,895.853775743707,515.968878718536,4370,0.582477103334354,15.6190566672019,984.2074510855,31.5625837577057,3731,0.817873694935436,2.62656605372745,,,,,,986.243168713963,240.889195287039,3989,0.336976036958493,13.6243206702389,,,,,,969.868511263467,340.676297747307,4084,0.26012295194484,6.51684232184761,984.538341564856,497.715622563036,3847,0.916672575776908,20.772044020972,82.009900990099,21.6163366336634,1212,0.767517615323224,2.21564016884926,644.306092124814,804.13558692422,2692,0.0776414156396885,0.96219739301238,189.771077610274,689.663037409269,3582,0.798607827941354,5.18354059373684,,,,,,,,,,,,,,,,120.908348056537,609.62566254417,4528,0.220567416061469,32.5241987330023,289.069896743447,912.327640984909,2518,0.272368178533257,1.32437558353994,1009.09592096877,151.8304652645,3138,0.113874248203587,12.108200064914
,,,,,220.080312069757,218.005966039468,2179,0.397458926309345,6.31185788234625,,,,,,894.081764004768,513.013110846246,4195,0.593388376368628,3.4462427827709,988.957291373981,35.2450126440011,3559,0.824064690339439,6.01009694337,,,,,,991.230733944954,232.392431192661,4360,0.526750242551974,9.85245182728203,,,,,,973.129898013956,326.172571121846,3726,0.284929420546424,14.8658914822604,980.62269846061,501.165408994869,3313,0.554876944079804,5.2185522269194,80.0469371519491,18.7955449482896,1257,0.860263348657612,3.43658155179798,640.724039829303,793.090682788051,2812,0.0981810359581911,11.611244809448,214.038292896814,714.876351943876,3421,0.543298706055358,34.9944133767712,,,,,,,,,,,,,,,,121.707450444293,615.604921394395,4389,0.142378597558433,6.03242082617886,291.071655041218,914.900760938491,3154,0.194407133630152,3.26005867711234,1008.296485623,144.398402555911,3130,0.128788381174564,7.47493498142041
,,,,,190.391550232868,208.277777777778,3006,0.165256836712839,31.2419625865983,,,,,,883.627938764352,514.624931656643,3658,0.713168991270628,10.5773545124468,983.388516467502,29.0037889828038,3431,0.610559196561624,8.36445615375689,,,,,,994.668203776899,215.472112428634,4554,0.315436479517764,17.2659603243433,1000.05290519878,454.051681957187,3270,0.350047716402266,23.900112453113,973.725121781489,317.241475295755,4311,0.150610750969516,8.95090855658042,954.890159494433,512.94793860969,3323,0.460044767893599,28.3017943913449,74.3747228381375,20.1766444937177,1353,0.58292395986323,5.83793209760022,637.702385190459,789.034887860449,2809,0.0993586661128815,5.05765452074517,215.086394205898,724.115106052768,3866,0.857644538870748,9.29801558606269,,,,,,,,,,,,,,,,111.048433048433,579.18660968661,2106,0.0631320291969264,37.9461207436367,289.512338062924,912.199876619371,3242,0.197264804462161,3.11869292237352,1005.0498945889,111.869992972593,2846,0.141692403847821,32.690025747356
,,,,,187.39331542823,207.667263503432,3351,0.16832690179473,3.05976136698895,,,,,,880.43496045814,516.49659121898,3667,0.850238402663667,3.70111064158153,986.189053477278,32.4117499372332,3983,0.759319906457046,4.4110322386083,,,,,,987.591584782061,235.186192995717,3969,0.250224641135184,20.9457277028881,999.585862619808,465.305910543131,2504,0.337073911021392,11.2639153865456,975.896633475581,325.878378378378,4218,0.263329700483626,8.90570367215335,952.126328575767,514.459155784999,3293,0.425262897872329,3.15000614252117,82.9403319874383,37.3396141767609,2229,0.696633664223409,19.1816888839238,638.037899860918,789.317454798331,2876,0.123013112860007,0.438650394365823,205.895249695493,735.47036134795,4926,0.943042364028037,14.6088658091548,,,,,,,,,,,,,,,,118.624316260567,605.336897066136,4022,0.0865596510103346,27.225567697951,298.933932007697,930.36144964721,3118,0.283259830405404,20.4599405499066,1005.35506367495,128.078229229836,3298,0.130233166315768,16.2111088683562
,,,,,191.156837743067,207.081606630539,3137,0.183395828865548,3.80881795141712,,,,,,885.561024182077,516.449502133713,3515,0.80531298038669,5.12628000442923,981.290081300813,22.140487804878,3075,0.349709760092069,11.3797519383041,,,,,,987.061018658598,252.354765506808,3966,0.484261233969329,17.1767686856393,1000.66890243902,460.18262195122,3280,0.516713521253584,5.23651231699287,983.954165671998,331.198615421342,4189,0.444007887881288,9.65550347157613,956.562480997264,509.181818181818,3289,0.505228809003999,6.89418163995503,78.2421524663677,40.8644743398107,2007,0.926693529764338,5.87345979651368,636.065868263473,790.629491017964,2672,0.087251660036196,2.36861724703466,202.252796859666,737.23532875368,5095,0.947803195681702,4.04753908004786,,,,,,,,,,,,,,,,119.418642951252,596.280632411067,3036,0.101252270077036,9.09103318628777,295.612770012707,920.255082592122,3148,0.27885714729958,10.6380812202734,1006.03893672782,89.8015724447772,2671,0.247270026080792,38.2827655348152
,,,,,182.971329278888,203.578048074138,3453,0.166198653714418,8.90378971984778,,,,,,895.425891616489,512.646595646132,4318,0.499470178217383,10.5724976827526,986.892782892783,23.027621027621,3367,0.354553152148737,5.67250125461038,,,,,,984.961060286183,258.46375791696,4263,0.3091514270756,6.45984623912748,987.071562082777,490.453404539386,3745,0.672636387453388,33.1844533368212,985.615597345133,346.956028761062,3616,0.28508878079068,15.8447603441419,,,,,,76.3582914572864,35.5402010050251,1990,0.935218236806165,5.64772687415433,633.616850934045,790.442241707968,2623,0.134167097380917,2.45616534132632,240.808349900596,783.871172962227,2515,0.245681122719166,60.5097730563898,,,,,,,,,,,,,,,,147.0536338904,654.110959968908,5146,0.173221511531885,64.0939896531178,298.049030786773,925.779931584949,3508,0.302048703178452,6.0381555919663,1005.91901548233,86.0559745930925,2519,0.348319095537922,3.74751709424567
,,,,,,,,,,,,,,,,,,,,,,,,,,,,,,,,,,,,,,,,,,,,,,,,,,,,,,,,,,,,,,,,,,,,,,,,,,,,,,,,,,,,,,,,,,,,,,
